Date,Open,High,Low,Close,Volume
2000-06-29,9.0,9.5,9.0,9.0,6400
2000-06-30,9.0,9.75,8.84,9.34,24700
2000-07-03,9.34,9.8,9.34,9.34,3100
2000-07-05,9.59,9.84,9.25,9.34,11200
2000-07-06,9.67,9.67,9.34,9.46,6900
2000-07-07,9.46,9.67,9.38,9.67,10800
2000-07-10,9.34,9.96,9.34,9.75,2500
2000-07-11,9.8,9.88,9.43,9.88,50200
2000-07-12,9.96,9.96,9.5,9.75,9600
2000-07-13,9.92,10.0,9.34,9.42,33300
2000-07-14,9.42,9.42,9.34,9.42,1200
2000-07-17,9.42,9.59,9.34,9.38,43900
2000-07-18,9.38,9.59,9.38,9.38,9600
2000-07-19,9.46,10.0,9.38,9.8,100100
2000-07-20,9.84,10.0,9.42,10.0,4800
2000-07-21,9.84,9.92,9.5,9.5,63600
2000-07-24,9.5,9.92,9.5,9.92,16200
2000-07-25,9.55,9.71,9.55,9.71,5200
2000-07-26,9.59,10.0,9.55,10.0,77100
2000-07-27,9.92,10.17,9.92,9.96,8700
2000-07-28,10.09,10.17,10.0,10.05,102400
2000-07-31,10.09,10.21,10.0,10.21,6100
2000-08-01,10.21,10.21,10.21,10.21,700
2000-08-02,9.96,10.55,9.96,10.38,29200
2000-08-03,10.42,10.42,10.34,10.42,25200
2000-08-04,10.51,10.51,10.17,10.51,8200
2000-08-07,10.59,10.67,10.3,10.59,30000
2000-08-08,10.51,10.59,10.42,10.42,8500
2000-08-09,10.71,10.84,10.42,10.51,37900
2000-08-10,10.84,10.84,10.55,10.67,10900
2000-08-11,10.51,10.76,10.51,10.76,4200
2000-08-14,10.67,11.01,10.67,10.84,14400
2000-08-15,10.76,10.84,10.67,10.76,7000
2000-08-16,10.8,10.8,10.51,10.55,8200
2000-08-17,10.51,10.87,10.51,10.82,21300
2000-08-18,10.76,10.84,10.67,10.84,4200
2000-08-21,10.8,11.09,10.8,11.09,2500
2000-08-22,11.13,12.26,11.01,12.01,19800
2000-08-23,11.88,11.88,11.34,11.46,4900
2000-08-24,11.51,11.51,11.01,11.01,4600
2000-08-25,11.17,11.17,10.88,11.09,7500
2000-08-28,0.0,11.51,11.09,11.51,4300
2000-08-29,11.42,11.67,11.42,11.55,7800
2000-08-30,11.63,11.67,11.51,11.51,7600
2000-08-31,11.67,11.67,11.42,11.67,9600
2000-09-01,11.67,11.67,11.67,11.67,700
2000-09-05,11.51,11.67,11.34,11.34,5400
2000-09-06,11.42,11.59,11.34,11.34,4200
2000-09-07,11.34,11.51,11.34,11.38,7300
2000-09-08,11.59,11.59,11.59,11.59,600
2000-09-11,12.26,12.92,11.84,11.84,19800
2000-09-12,11.92,12.17,11.8,11.84,33100
2000-09-13,12.01,12.01,11.71,11.92,2200
2000-09-14,11.96,12.17,11.8,12.05,5100
2000-09-15,11.92,11.92,11.8,11.8,6900
2000-09-18,11.8,11.81,11.8,11.81,900
2000-09-19,11.8,12.09,11.8,12.09,5100
2000-09-20,11.88,11.96,11.8,11.96,5100
2000-09-21,12.17,12.17,11.8,11.8,3700
2000-09-22,11.8,12.05,11.67,11.67,6300
2000-09-25,11.84,11.84,11.76,11.76,900
2000-09-26,11.76,11.76,11.76,11.76,1500
2000-09-27,11.8,11.8,11.76,11.76,1900
2000-09-28,11.67,11.67,11.42,11.65,4200
2000-09-29,11.28,11.28,11.01,11.01,6100
2000-10-02,11.01,11.17,10.88,10.96,8400
2000-10-03,10.88,10.88,10.38,10.38,10800
2000-10-04,10.38,10.67,10.17,10.67,17400
2000-10-05,10.84,11.01,10.67,10.67,3000
2000-10-06,11.01,11.01,10.21,10.21,15400
2000-10-09,10.17,10.55,10.17,10.38,6400
2000-10-10,10.34,10.34,10.3,10.34,6300
2000-10-11,10.0,10.0,9.92,10.0,2100
2000-10-12,9.84,10.05,9.84,10.0,1200
2000-10-13,10.0,10.0,10.0,10.0,2700
2000-10-16,10.3,10.3,10.17,10.17,2200
2000-10-17,10.38,10.38,10.38,10.38,300
2000-10-18,10.09,10.26,10.09,10.26,1200
2000-10-19,9.85,10.3,9.67,10.09,15900
2000-10-20,10.21,10.34,9.84,9.84,4300
2000-10-23,9.84,10.0,9.67,9.67,4000
2000-10-24,9.75,9.75,8.92,9.34,14800
2000-10-25,9.05,9.09,7.75,8.25,64800
2000-10-26,8.59,8.67,8.21,8.5,18400
2000-10-27,8.42,8.5,7.67,7.67,13300
2000-10-30,8.09,8.59,7.8,8.25,30300
2000-10-31,8.3,8.67,8.09,8.38,11100
2000-11-01,8.5,9.59,8.5,9.34,7000
2000-11-02,9.42,9.55,8.92,9.3,13800
2000-11-03,9.17,9.38,9.11,9.19,3400
2000-11-06,9.17,9.17,9.0,9.0,4200
2000-11-07,8.97,9.0,8.84,8.96,91500
2000-11-08,9.06,9.06,8.96,9.0,21700
2000-11-09,8.96,9.09,8.96,9.09,10300
2000-11-10,,,,9.09,0
2000-11-13,8.84,8.96,8.73,8.8,12700
2000-11-14,8.82,8.84,8.67,8.67,30400
2000-11-15,8.75,8.8,8.75,8.75,1800
2000-11-16,8.71,8.8,8.71,8.71,34900
2000-11-17,9.0,9.17,8.84,8.84,9700
2000-11-20,8.84,8.88,8.75,8.84,26400
2000-11-21,8.8,8.84,8.75,8.8,30300
2000-11-22,8.75,8.8,8.75,8.8,21400
2000-11-24,,,,8.8,0
2000-11-27,8.92,9.13,8.84,9.13,19000
2000-11-28,8.8,9.0,8.8,9.0,1600
2000-11-29,9.05,9.09,9.0,9.0,9400
2000-11-30,9.13,9.13,9.0,9.09,10200
2000-12-01,9.07,9.13,8.8,9.0,1800
2000-12-04,8.88,8.9,8.84,8.84,2700
2000-12-05,9.16,9.16,8.67,8.84,37600
2000-12-06,8.73,8.84,8.63,8.63,6900
2000-12-07,8.63,8.89,8.63,8.89,17700
2000-12-08,8.88,8.96,8.82,8.92,24700
2000-12-11,8.68,8.96,8.67,8.88,12900
2000-12-12,8.75,8.75,8.71,8.75,7500
2000-12-13,8.88,9.75,8.88,9.34,24400
2000-12-14,9.0,9.21,9.0,9.21,4300
2000-12-15,9.21,9.21,8.96,9.17,29800
2000-12-18,9.21,10.0,8.96,9.75,62200
2000-12-19,9.46,11.26,9.0,10.63,71200
2000-12-20,10.63,11.09,10.59,10.76,11500
2000-12-21,10.76,10.88,10.59,10.67,14100
2000-12-22,11.01,11.26,10.98,11.13,7200
2000-12-26,11.21,11.21,10.76,10.76,5700
2000-12-27,10.71,11.67,10.38,11.67,24000
2000-12-28,11.67,12.01,11.55,12.01,9400
2000-12-29,11.42,12.01,11.42,11.71,2500
2001-01-02,11.55,11.92,10.59,10.76,23700
2001-01-03,10.67,12.09,10.67,11.67,31200
2001-01-04,11.42,12.01,11.38,11.92,15000
2001-01-05,11.67,11.96,11.01,11.09,64800
2001-01-08,11.09,11.09,10.42,10.71,24000
2001-01-09,10.67,10.67,10.34,10.34,57700
2001-01-10,10.59,10.63,10.26,10.3,13500
2001-01-11,10.3,10.46,10.0,10.38,36300
2001-01-12,9.94,10.26,9.84,10.17,12900
2001-01-16,10.0,10.17,10.0,10.17,7000
2001-01-17,10.0,10.17,10.0,10.09,26800
2001-01-18,10.09,10.17,10.09,10.09,4900
2001-01-19,10.13,10.26,10.05,10.09,6700
2001-01-22,10.3,10.3,10.0,10.26,15700
2001-01-23,10.17,10.21,10.09,10.17,2800
2001-01-24,10.21,10.21,10.0,10.0,8200
2001-01-25,10.0,10.0,10.0,10.0,900
2001-01-26,10.07,10.21,10.0,10.09,25900
2001-01-29,10.3,10.51,10.0,10.09,24000
2001-01-30,10.09,10.34,10.05,10.34,89500
2001-01-31,10.34,10.59,9.96,10.13,19000
2001-02-01,10.05,10.3,10.05,10.26,2400
2001-02-02,10.17,11.26,10.17,10.92,52500
2001-02-05,11.01,11.01,10.61,10.84,29500
2001-02-06,10.84,10.84,10.67,10.67,20100
2001-02-07,10.67,10.84,10.67,10.84,15300
2001-02-08,10.99,11.01,10.59,10.67,11200
2001-02-09,10.59,11.01,10.59,10.76,27300
2001-02-12,10.59,10.69,10.38,10.59,39100
2001-02-13,11.09,11.09,10.51,10.51,5800
2001-02-14,11.05,11.05,10.3,10.3,4300
2001-02-15,10.88,10.88,10.34,10.34,2500
2001-02-16,10.67,10.67,10.26,10.26,1500
2001-02-20,10.26,10.46,9.96,9.96,13600
2001-02-21,10.0,10.0,9.67,9.67,16000
2001-02-22,9.67,9.67,9.59,9.59,1300
2001-02-23,9.59,9.84,9.55,9.84,14200
2001-02-26,9.83,9.92,9.55,9.84,11100
2001-02-27,9.84,9.96,9.84,9.96,26500
2001-02-28,9.83,9.84,9.69,9.8,7300
2001-03-01,9.8,10.17,9.71,9.8,28200
2001-03-02,9.55,9.67,9.5,9.5,3900
2001-03-05,9.5,9.92,9.5,9.92,15700
2001-03-06,9.75,10.38,9.71,10.0,23500
2001-03-07,10.42,10.65,10.38,10.42,3700
2001-03-08,10.09,10.09,10.09,10.09,300
2001-03-09,10.1,10.42,10.05,10.38,7900
2001-03-12,10.21,10.21,10.09,10.11,4000
2001-03-13,10.09,10.21,10.09,10.17,31300
2001-03-14,10.13,10.13,10.0,10.0,6900
2001-03-15,10.09,10.09,9.88,10.05,14700
2001-03-16,9.92,10.0,9.84,9.84,22800
2001-03-19,9.85,10.21,9.84,10.21,5500
2001-03-20,10.0,10.21,10.0,10.13,6300
2001-03-21,10.0,10.59,10.0,10.59,8200
2001-03-22,10.31,10.46,10.0,10.34,17700
2001-03-23,10.34,10.55,10.34,10.55,24300
2001-03-26,10.55,10.55,10.17,10.17,1900
2001-03-27,10.26,10.34,10.17,10.32,9300
2001-03-28,10.34,10.34,10.05,10.34,7300
2001-03-29,10.13,10.17,10.13,10.17,1600
2001-03-30,10.51,10.63,10.34,10.63,25200
2001-04-02,10.63,10.67,10.48,10.51,13500
2001-04-03,10.52,10.76,10.51,10.51,8200
2001-04-04,10.51,10.67,10.51,10.67,13000
2001-04-05,10.67,12.51,10.46,11.51,51300
2001-04-06,11.42,11.5,10.96,11.32,4200
2001-04-09,11.34,11.51,11.34,11.51,5200
2001-04-10,11.66,11.66,11.54,11.66,3900
2001-04-11,11.07,11.63,11.07,11.23,700
2001-04-12,11.07,11.39,11.07,11.34,3100
2001-04-16,11.39,11.6,11.08,11.6,2800
2001-04-17,11.5,11.64,11.38,11.6,3000
2001-04-18,11.67,11.84,11.52,11.54,9900
2001-04-19,11.41,11.84,11.27,11.53,2500
2001-04-20,11.19,11.19,10.98,10.98,1300
2001-04-23,10.88,10.88,10.88,10.88,400
2001-04-24,10.92,11.34,10.55,11.34,61300
2001-04-25,11.41,12.79,11.41,12.74,44100
2001-04-26,11.77,13.34,11.77,13.34,64000
2001-04-27,13.34,14.01,12.67,14.0,49600
2001-04-30,13.81,14.67,13.53,14.6,33900
2001-05-01,14.01,14.32,13.67,14.01,20100
2001-05-02,14.21,14.67,14.01,14.66,40300
2001-05-03,14.34,14.34,13.6,13.67,15100
2001-05-04,13.74,13.74,12.01,12.01,6100
2001-05-07,12.73,13.04,12.37,12.41,1200
2001-05-08,12.34,12.34,11.97,12.2,2700
2001-05-09,12.25,12.67,12.24,12.67,6000
2001-05-10,12.67,13.01,12.67,12.77,12400
2001-05-11,12.74,12.74,12.17,12.41,1300
2001-05-14,13.01,13.01,12.17,13.01,1600
2001-05-15,13.01,13.51,12.97,13.34,6900
2001-05-16,13.01,13.71,12.71,12.71,10800
2001-05-17,13.41,13.41,13.05,13.05,2800
2001-05-18,13.22,13.67,13.21,13.67,9700
2001-05-21,13.67,13.74,13.17,13.17,8800
2001-05-22,13.34,13.67,12.51,12.51,5800
2001-05-23,12.47,12.51,12.47,12.51,3400
2001-05-24,13.21,13.21,12.67,13.2,8100
2001-05-25,13.19,13.2,12.61,13.18,1900
2001-05-29,12.69,13.18,12.65,12.67,4300
2001-05-30,12.35,13.03,12.35,12.44,6700
2001-05-31,12.44,12.62,12.31,12.54,4900
2001-06-01,12.51,12.65,12.51,12.65,3000
2001-06-04,12.51,12.68,11.89,12.68,8200
2001-06-05,12.68,12.97,12.65,12.87,21600
2001-06-06,12.84,13.37,12.84,13.13,28900
2001-06-07,13.11,13.11,12.71,12.71,3900
2001-06-08,12.64,12.84,12.61,12.74,9100
2001-06-11,12.74,12.74,12.54,12.54,20400
2001-06-12,12.52,12.73,12.47,12.6,23800
2001-06-13,12.67,12.67,12.61,12.61,4300
2001-06-14,12.71,12.73,12.61,12.61,15000
2001-06-15,12.61,12.69,12.61,12.61,36100
2001-06-18,12.71,12.71,12.57,12.57,900
2001-06-19,12.47,12.71,12.47,12.71,3600
2001-06-20,12.71,12.73,12.47,12.64,9900
2001-06-21,12.64,12.74,12.64,12.65,14800
2001-06-22,12.71,12.77,12.51,12.51,37500
2001-06-25,12.49,12.65,12.47,12.47,3400
2001-06-26,12.47,12.67,12.47,12.67,20400
2001-06-27,12.67,12.74,12.67,12.72,12700
2001-06-28,12.72,12.77,12.67,12.7,11400
2001-06-29,12.67,13.67,12.67,13.07,26500
2001-07-02,13.01,13.47,12.89,13.21,12700
2001-07-03,13.11,13.49,13.05,13.41,8400
2001-07-05,13.13,13.43,12.87,13.25,7500
2001-07-06,13.25,13.25,12.88,12.88,5500
2001-07-09,12.87,13.17,12.84,13.17,3100
2001-07-10,12.94,13.24,12.78,13.17,37600
2001-07-11,13.14,13.14,12.67,12.97,15000
2001-07-12,12.65,13.13,12.61,12.61,20700
2001-07-13,12.67,12.94,12.61,12.94,5400
2001-07-16,13.14,13.14,12.61,12.61,14500
2001-07-17,12.97,12.97,12.61,12.91,3600
2001-07-18,12.61,12.67,12.61,12.61,8700
2001-07-19,12.81,13.16,12.68,13.13,3600
2001-07-20,13.17,13.22,12.71,13.21,11200
2001-07-23,13.22,13.22,12.94,13.06,1600
2001-07-24,12.85,13.01,12.65,12.67,2100
2001-07-25,12.67,12.83,12.66,12.83,5700
2001-07-26,12.74,12.91,12.67,12.74,16200
2001-07-27,12.89,12.89,12.71,12.71,1900
2001-07-30,12.71,12.91,12.71,12.91,31000
2001-07-31,12.91,12.91,12.74,12.74,20200
2001-08-01,12.81,12.9,12.81,12.9,6400
2001-08-02,12.69,13.05,12.69,13.05,8200
2001-08-03,12.67,13.11,12.67,13.11,2100
2001-08-06,12.68,13.13,12.68,13.13,4200
2001-08-07,12.85,13.22,12.85,13.22,13500
2001-08-08,13.22,13.22,12.85,12.87,5500
2001-08-09,13.21,13.21,12.81,13.17,1600
2001-08-10,12.87,13.13,12.77,13.13,3000
2001-08-13,12.76,12.81,12.59,12.81,5800
2001-08-14,12.91,13.11,12.74,12.77,7800
2001-08-15,12.98,12.98,12.67,12.69,700
2001-08-16,12.67,13.27,12.67,13.27,29800
2001-08-17,12.91,13.27,12.74,13.14,23800
2001-08-20,13.12,13.33,12.81,13.33,10800
2001-08-21,13.17,13.34,12.94,13.14,3600
2001-08-22,13.34,13.34,12.97,13.03,4300
2001-08-23,13.26,13.34,12.91,12.97,6700
2001-08-24,12.94,13.24,12.84,13.14,5500
2001-08-27,13.01,13.31,12.81,12.85,3400
2001-08-28,13.01,13.01,12.71,12.71,400
2001-08-29,13.11,13.11,12.71,12.86,5800
2001-08-30,13.15,13.15,12.71,13.03,400
2001-08-31,12.69,13.02,12.69,13.01,4200
2001-09-04,12.73,13.13,12.73,13.13,2400
2001-09-05,13.07,13.07,12.74,12.78,5100
2001-09-06,12.81,13.17,12.81,12.81,4300
2001-09-07,12.75,12.76,12.74,12.75,4900
2001-09-10,12.83,12.83,12.64,12.79,81600
2001-09-17,12.67,12.97,12.54,12.57,31500
2001-09-18,12.57,12.77,12.57,12.77,8500
2001-09-19,12.77,12.84,12.34,12.54,4500
2001-09-20,12.28,12.61,11.51,11.51,7600
2001-09-21,11.44,12.34,11.41,11.54,9100
2001-09-24,11.42,11.97,11.42,11.67,3300
2001-09-25,11.97,11.97,9.16,9.33,161600
2001-09-26,9.94,9.94,8.96,8.98,9700
2001-09-27,9.47,10.24,9.21,10.24,9000
2001-09-28,10.0,10.34,10.0,10.07,42000
2001-10-01,10.36,10.36,10.11,10.36,8400
2001-10-02,10.36,10.88,10.36,10.68,12700
2001-10-03,10.87,11.37,10.87,11.37,35800
2001-10-04,11.39,11.5,11.37,11.5,3100
2001-10-05,11.37,11.54,11.21,11.54,2200
2001-10-08,11.37,11.61,11.37,11.61,2200
2001-10-09,11.37,11.57,11.01,11.01,8400
2001-10-10,11.01,11.01,10.53,10.53,3900
2001-10-11,11.12,11.12,10.47,10.47,5500
2001-10-12,10.44,11.45,10.44,11.45,28800
2001-10-15,11.54,11.54,11.31,11.31,2100
2001-10-16,11.51,11.51,11.29,11.47,3700
2001-10-17,11.34,11.34,11.34,11.34,100
2001-10-18,11.25,11.45,11.25,11.45,5700
2001-10-19,11.26,11.26,11.26,11.26,700
2001-10-22,11.4,11.61,11.27,11.61,5400
2001-10-23,11.64,11.64,11.37,11.37,700
2001-10-24,,,,11.37,0
2001-10-25,11.37,11.51,11.35,11.51,1200
2001-10-26,11.64,11.74,11.37,11.41,7600
2001-10-29,11.47,11.58,11.47,11.58,3900
2001-10-30,11.28,11.76,11.28,11.76,22200
2001-10-31,11.45,11.81,11.45,11.81,300
2001-11-01,11.41,11.41,11.41,11.41,100
2001-11-02,11.44,11.47,11.44,11.47,4500
2001-11-05,11.43,11.67,11.43,11.67,1200
2001-11-06,11.41,11.81,11.41,11.72,51700
2001-11-07,11.67,11.87,11.58,11.58,2400
2001-11-08,11.58,11.58,11.58,11.58,300
2001-11-09,11.61,11.61,11.58,11.58,600
2001-11-12,11.59,11.8,11.59,11.8,1300
2001-11-13,11.57,11.57,11.57,11.57,100
2001-11-14,11.57,11.87,11.57,11.87,700
2001-11-15,11.84,11.92,11.58,11.58,3700
2001-11-16,11.45,11.61,11.45,11.61,1300
2001-11-19,11.83,11.97,11.83,11.97,7600
2001-11-20,11.55,11.55,11.48,11.48,2200
2001-11-21,11.71,11.71,11.37,11.66,2800
2001-11-23,11.37,11.78,11.37,11.78,900
2001-11-26,11.85,12.11,11.55,11.91,4500
2001-11-27,12.04,12.07,11.75,11.77,7900
2001-11-28,11.77,12.61,11.77,12.28,37900
2001-11-29,12.54,12.54,12.29,12.54,5100
2001-11-30,12.31,12.67,12.31,12.61,7800
2001-12-03,12.34,12.67,12.33,12.51,1900
2001-12-04,12.37,12.74,12.37,12.74,6900
2001-12-05,12.74,12.87,12.51,12.87,63700
2001-12-06,12.51,12.93,12.51,12.54,9900
2001-12-07,12.87,12.94,12.77,12.77,1800
2001-12-10,12.77,12.93,12.53,12.93,11700
2001-12-11,12.93,13.07,12.64,12.64,4200
2001-12-12,12.61,13.07,12.61,13.07,4600
2001-12-13,13.07,13.32,13.07,13.32,8200
2001-12-14,13.33,13.79,13.33,13.61,6100
2001-12-17,13.34,13.98,13.34,13.94,6400
2001-12-18,13.39,13.94,11.94,12.67,41800
2001-12-19,12.09,12.87,12.09,12.21,1900
2001-12-20,12.18,12.65,12.14,12.25,8100
2001-12-21,13.14,13.14,12.79,13.01,33300
2001-12-24,12.81,13.07,12.81,13.07,22200
2001-12-26,13.07,13.11,12.94,13.11,1900
2001-12-27,12.97,13.34,12.61,12.96,16000
2001-12-28,12.86,13.29,12.86,12.97,1800
2001-12-31,12.84,13.17,11.67,11.69,11800
2002-01-02,12.11,12.27,11.7,12.27,18600
2002-01-03,11.95,12.17,11.89,12.17,7200
2002-01-04,12.09,12.17,11.89,12.13,2100
2002-01-07,12.01,12.03,11.81,11.94,34800
2002-01-08,12.29,12.29,11.87,12.17,1500
2002-01-09,12.01,12.11,11.51,12.11,5700
2002-01-10,11.79,11.81,11.53,11.67,2400
2002-01-11,11.67,12.2,11.67,11.89,19500
2002-01-14,10.67,10.94,9.97,10.56,12100
2002-01-15,10.47,10.75,10.47,10.75,1300
2002-01-16,10.67,10.91,10.47,10.91,10200
2002-01-17,10.51,10.94,10.51,10.94,21400
2002-01-18,10.89,10.94,10.8,10.8,4200
2002-01-22,10.81,10.81,10.69,10.69,1000
2002-01-23,10.81,10.94,10.81,10.94,1800
2002-01-24,11.01,11.02,11.01,11.02,1600
2002-01-25,,,,11.02,0
2002-01-28,11.15,11.34,10.89,11.34,4800
2002-01-29,11.34,11.36,11.27,11.27,2500
2002-01-30,,,,11.27,0
2002-01-31,11.36,11.37,11.17,11.17,15600
2002-02-01,11.43,12.23,11.43,11.77,15400
2002-02-04,11.87,12.06,11.87,11.87,1800
2002-02-05,12.07,12.07,11.65,12.0,4200
2002-02-06,12.01,12.01,11.84,11.84,7600
2002-02-07,12.04,12.04,11.53,11.56,4900
2002-02-08,11.57,12.01,11.57,12.01,3400
2002-02-11,11.88,12.01,11.88,11.88,2200
2002-02-12,12.01,12.01,11.54,11.71,17100
2002-02-13,11.65,11.79,11.65,11.79,400
2002-02-14,11.65,11.93,11.52,11.52,3100
2002-02-15,11.01,11.01,10.0,10.0,59100
2002-02-19,10.02,10.2,10.02,10.2,11200
2002-02-20,10.21,10.41,10.19,10.41,12700
2002-02-21,10.44,10.54,10.29,10.31,2400
2002-02-22,10.51,10.57,10.29,10.47,7000
2002-02-25,10.57,10.65,10.5,10.61,11700
2002-02-26,10.61,10.77,10.61,10.77,4300
2002-02-27,10.8,11.27,10.8,11.27,13200
2002-02-28,11.27,11.37,11.16,11.3,14200
2002-03-01,11.19,11.34,11.15,11.34,13500
2002-03-04,11.34,11.34,11.27,11.29,15000
2002-03-05,11.34,11.34,11.27,11.31,9900
2002-03-06,11.31,11.43,11.31,11.43,72300
2002-03-07,11.44,11.96,11.38,11.59,41500
2002-03-08,11.87,13.13,11.84,12.88,2677500
2002-03-11,13.07,13.07,12.34,12.67,256500
2002-03-12,12.64,12.71,12.29,12.35,54700
2002-03-13,12.34,12.71,12.34,12.47,201900
2002-03-14,12.47,12.75,12.01,12.07,48000
2002-03-15,12.03,12.34,12.01,12.11,59700
2002-03-18,12.01,12.33,12.01,12.11,70000
2002-03-19,12.02,12.33,12.02,12.33,51600
2002-03-20,12.35,13.74,12.01,13.05,274200
2002-03-21,12.81,13.24,12.81,13.17,28900
2002-03-22,13.23,13.79,12.87,12.94,89800
2002-03-25,12.81,12.87,12.72,12.77,73900
2002-03-26,12.67,13.07,12.67,12.87,51000
2002-03-27,13.87,14.61,13.67,14.07,268500
2002-03-28,14.15,14.65,14.01,14.51,148000
2002-04-01,14.25,14.79,14.14,14.61,97800
2002-04-02,14.46,14.61,13.67,13.84,72100
2002-04-03,13.65,14.8,13.65,14.71,149900
2002-04-04,14.86,16.0,14.86,15.36,204000
2002-04-05,15.38,15.51,15.18,15.45,73800
2002-04-08,15.14,15.63,14.28,15.63,164000
2002-04-09,15.34,16.04,15.14,15.69,169400
2002-04-10,15.65,15.83,15.54,15.64,54300
2002-04-11,15.64,15.82,15.47,15.71,47100
2002-04-12,15.46,15.64,15.01,15.19,76000
2002-04-15,15.19,16.16,14.99,15.87,66700
2002-04-16,15.87,16.34,15.47,16.34,37600
2002-04-17,16.34,16.62,15.53,16.54,119200
2002-04-18,16.66,16.66,15.85,15.93,24300
2002-04-19,16.06,16.07,15.61,15.81,56400
2002-04-22,15.0,15.67,14.88,15.14,81100
2002-04-23,15.11,15.52,14.97,15.23,84000
2002-04-24,15.2,15.27,14.69,14.91,122300
2002-04-25,14.71,14.84,14.47,14.81,43200
2002-04-26,14.57,15.0,14.57,14.92,41200
2002-04-29,15.14,15.15,14.88,14.99,39300
2002-04-30,14.91,15.26,14.91,15.26,34800
2002-05-01,15.27,16.68,15.07,16.53,151300
2002-05-02,16.61,16.64,16.14,16.44,36600
2002-05-03,16.31,16.52,16.01,16.38,44200
2002-05-06,15.96,16.43,15.96,16.1,57900
2002-05-07,15.88,16.41,15.87,16.41,49000
2002-05-08,16.44,16.5,15.81,15.81,60000
2002-05-09,15.99,16.03,15.85,16.01,28500
2002-05-10,16.0,16.0,15.31,15.91,35200
2002-05-13,15.87,16.27,15.56,16.27,110600
2002-05-14,16.34,16.37,15.86,16.07,70900
2002-05-15,15.7,16.31,15.7,16.19,106600
2002-05-16,16.19,16.29,15.71,15.75,57300
2002-05-17,15.78,16.0,15.24,16.0,39100
2002-05-20,16.01,16.01,15.35,15.69,19900
2002-05-21,16.0,16.01,15.34,15.53,20500
2002-05-22,15.93,15.93,15.34,15.42,19200
2002-05-23,15.34,15.85,15.11,15.61,32200
2002-05-24,15.39,15.58,15.31,15.35,13600
2002-05-28,15.25,15.47,15.25,15.35,30600
2002-05-29,15.47,15.47,15.34,15.34,77500
2002-05-30,15.35,15.87,15.34,15.74,48400
2002-05-31,16.13,16.13,15.48,15.84,17500
2002-06-03,15.84,15.84,15.47,15.47,16200
2002-06-04,15.51,16.01,15.35,16.01,29100
2002-06-05,15.54,15.84,15.36,15.84,43800
2002-06-06,15.38,15.81,15.34,15.34,35500
2002-06-07,15.48,15.48,15.27,15.37,6400
2002-06-10,15.34,15.67,15.34,15.51,9900
2002-06-11,15.34,15.67,15.34,15.35,19900
2002-06-12,15.11,15.51,15.11,15.39,66700
2002-06-13,15.39,15.67,14.81,14.87,116500
2002-06-14,14.87,15.33,14.83,15.01,34300
2002-06-17,15.34,15.39,15.18,15.23,17800
2002-06-18,15.34,15.51,14.97,15.31,22800
2002-06-19,15.34,15.34,14.57,14.63,57700
2002-06-20,14.79,15.08,14.67,14.69,29400
2002-06-21,15.34,15.4,14.78,15.0,54600
2002-06-24,14.78,15.18,14.32,15.17,76900
2002-06-25,14.67,14.94,14.49,14.81,120200
2002-06-26,14.32,14.67,14.17,14.67,34200
2002-06-27,14.73,15.35,14.19,15.21,55300
2002-06-28,15.21,15.64,14.42,14.8,143000
2002-07-01,15.22,15.37,14.34,15.29,61500
2002-07-02,15.95,16.17,15.34,15.75,77500
2002-07-03,16.0,16.01,15.34,15.81,53800
2002-07-05,15.34,16.34,15.34,16.31,3700
2002-07-08,16.26,16.26,15.81,16.01,49200
2002-07-09,15.77,16.68,15.64,16.68,206600
2002-07-10,16.68,16.68,16.01,16.34,141800
2002-07-11,16.01,16.68,16.01,16.64,139700
2002-07-12,16.51,16.97,16.34,16.68,186800
2002-07-15,17.2,17.27,15.54,16.47,152800
2002-07-16,16.47,17.04,16.11,16.25,24000
2002-07-17,16.14,16.67,15.77,15.87,43600
2002-07-18,15.97,16.29,15.26,15.34,72300
2002-07-19,15.5,15.65,14.71,14.77,64000
2002-07-22,14.71,15.39,14.13,14.27,20700
2002-07-23,14.64,14.64,14.0,14.0,80200
2002-07-24,14.0,14.4,13.31,13.38,180100
2002-07-25,13.27,13.37,12.68,13.2,106300
2002-07-26,13.34,13.4,13.1,13.34,9400
2002-07-29,13.31,13.47,13.31,13.34,227000
2002-07-30,13.33,13.81,13.3,13.81,133300
2002-07-31,13.86,13.99,13.43,13.85,70600
2002-08-01,13.98,14.14,13.51,13.87,76600
2002-08-02,14.01,14.01,13.65,13.95,122600
2002-08-05,13.88,14.15,13.61,14.01,49800
2002-08-06,14.17,14.62,13.95,14.62,53100
2002-08-07,14.34,14.61,13.67,14.51,25900
2002-08-08,14.61,15.39,14.53,15.1,22000
2002-08-09,14.89,14.91,14.08,14.08,18100
2002-08-12,14.0,14.34,13.94,14.21,81700
2002-08-13,13.89,14.12,13.34,13.55,24600
2002-08-14,13.71,14.09,13.34,13.87,67000
2002-08-15,14.0,14.0,13.49,13.84,39600
2002-08-16,13.6,14.01,13.37,13.67,14700
2002-08-19,13.37,14.43,13.35,14.43,40300
2002-08-20,14.01,14.31,13.91,14.19,37900
2002-08-21,13.94,14.57,13.94,14.48,19500
2002-08-22,14.05,14.67,14.03,14.67,14800
2002-08-23,14.06,14.07,13.47,13.97,51100
2002-08-26,13.97,14.13,13.68,13.94,28200
2002-08-27,13.71,14.51,13.71,14.17,25600
2002-08-28,14.16,15.01,13.49,13.5,34300
2002-08-29,13.75,14.03,13.34,13.62,46000
2002-08-30,13.43,13.67,13.34,13.34,14700
2002-09-03,13.23,13.53,13.21,13.34,23700
2002-09-04,13.25,13.49,13.25,13.43,15700
2002-09-05,13.43,13.84,13.38,13.53,35800
2002-09-06,13.83,14.05,13.34,13.38,19500
2002-09-09,13.41,13.72,13.34,13.49,41500
2002-09-10,13.49,13.67,13.37,13.67,27000
2002-09-11,13.67,14.33,13.61,14.12,17800
2002-09-12,14.34,14.41,14.17,14.28,9400
2002-09-13,14.27,14.41,13.77,13.94,17500
2002-09-16,13.86,14.31,13.77,13.79,14500
2002-09-17,13.85,14.13,13.39,13.39,27100
2002-09-18,13.39,13.78,13.32,13.41,31900
2002-09-19,13.41,13.53,13.41,13.48,61000
2002-09-20,13.54,14.01,13.41,13.91,63900
2002-09-23,13.45,13.56,13.01,13.03,112100
2002-09-24,12.97,13.34,12.97,13.14,38700
2002-09-25,13.11,13.28,12.91,13.11,185200
2002-09-26,13.27,13.67,13.26,13.52,21400
2002-09-27,13.6,14.87,13.6,14.78,121600
2002-09-30,14.67,14.97,14.21,14.85,157400
2002-10-01,14.42,15.32,14.42,15.25,34200
2002-10-02,15.27,15.31,14.44,14.52,27400
2002-10-03,14.67,14.67,14.17,14.18,13300
2002-10-04,14.36,14.6,14.34,14.6,21000
2002-10-07,14.19,15.05,14.17,14.17,60700
2002-10-08,14.01,14.01,13.82,13.94,58300
2002-10-09,13.81,14.0,13.34,13.39,15900
2002-10-10,13.35,13.51,13.01,13.01,28900
2002-10-11,13.14,13.71,13.14,13.21,10800
2002-10-14,13.22,13.61,13.22,13.33,5100
2002-10-15,13.44,13.7,13.44,13.44,4800
2002-10-16,13.07,13.5,13.07,13.5,8200
2002-10-17,13.85,13.97,13.66,13.87,12000
2002-10-18,13.44,13.95,13.44,13.95,4500
2002-10-21,13.54,14.21,13.54,14.17,22800
2002-10-22,13.74,13.97,13.18,13.34,52300
2002-10-23,13.17,14.15,12.84,14.09,57700
2002-10-24,13.74,14.11,13.44,13.76,63000
2002-10-25,13.94,13.94,13.35,13.67,38100
2002-10-28,13.51,13.69,12.51,12.81,29700
2002-10-29,13.39,13.39,12.77,13.19,5400
2002-10-30,13.19,13.85,13.19,13.67,9400
2002-10-31,13.67,14.07,13.51,13.69,26500
2002-11-01,13.65,14.41,13.65,14.24,33100
2002-11-04,14.25,14.4,14.24,14.35,19900
2002-11-05,14.35,14.37,14.02,14.04,13300
2002-11-06,14.03,14.31,14.03,14.23,21300
2002-11-07,14.23,14.23,13.61,13.61,13000
2002-11-08,13.69,14.31,13.61,13.65,21900
2002-11-11,13.51,13.93,13.07,13.07,40800
2002-11-12,13.12,13.93,13.0,13.55,22600
2002-11-13,13.49,13.91,13.45,13.91,38800
2002-11-14,14.01,14.41,13.69,14.4,17400
2002-11-15,13.98,14.25,13.98,14.11,7000
2002-11-18,13.99,14.11,13.6,13.63,5800
2002-11-19,13.74,13.74,13.21,13.22,32500
2002-11-20,13.21,13.35,12.91,13.21,9900
2002-11-21,13.21,13.21,12.17,12.55,238800
2002-11-22,12.45,12.83,12.34,12.43,16600
2002-11-25,12.68,12.97,12.58,12.7,18000
2002-11-26,12.65,12.65,12.54,12.61,32800
2002-11-27,12.75,12.75,12.34,12.67,54600
2002-11-29,12.67,12.93,12.67,12.91,6600
2002-12-02,12.68,12.83,12.47,12.51,108400
2002-12-03,12.53,12.89,12.19,12.19,26400
2002-12-04,12.19,12.21,11.99,12.15,27000
2002-12-05,12.01,12.39,12.01,12.33,14800
2002-12-06,12.15,12.41,12.13,12.13,20100
2002-12-09,12.13,12.18,11.87,12.07,21000
2002-12-10,12.01,12.33,11.87,12.33,29200
2002-12-11,12.07,12.32,12.01,12.3,7800
2002-12-12,12.33,12.67,12.33,12.61,9000
2002-12-13,12.36,12.79,12.22,12.26,5400
2002-12-16,12.54,12.57,12.33,12.54,8100
2002-12-17,12.63,12.93,12.38,12.84,47700
2002-12-18,12.71,12.8,12.42,12.67,58800
2002-12-19,12.42,12.63,11.78,12.09,17400
2002-12-20,11.71,12.67,11.49,12.67,46000
2002-12-23,12.49,12.87,12.49,12.71,19200
2002-12-24,12.67,12.93,12.67,12.93,3000
2002-12-26,12.82,12.82,12.62,12.71,8800
2002-12-27,12.81,12.83,12.28,12.28,7300
2002-12-30,12.27,12.68,12.04,12.61,13500
2002-12-31,12.72,13.1,12.59,12.7,14800
2003-01-02,12.9,13.13,12.57,13.13,8000
2003-01-03,13.31,13.13,12.57,13.13,21900
2003-01-06,12.96,13.3,12.85,13.01,8100
2003-01-07,12.95,13.13,12.93,13.13,9300
2003-01-08,12.83,13.11,12.48,12.48,20100
2003-01-09,12.58,12.82,12.33,12.54,5100
2003-01-10,12.35,12.6,12.38,12.48,4724
2003-01-13,12.67,12.53,12.08,12.23,10650
2003-01-14,12.37,12.66,12.07,12.19,7500
2003-01-15,12.33,12.5,12.07,12.33,367050
2003-01-16,12.27,12.41,11.97,12.35,110332
2003-01-17,12.38,12.53,12.27,12.53,6000
2003-01-21,12.49,12.53,12.34,12.39,7950
2003-01-22,12.1,12.49,12.07,12.12,9000
2003-01-23,11.93,12.12,11.93,11.93,6600
2003-01-24,12.01,12.13,11.93,12.07,16050
2003-01-27,11.75,12.12,11.74,11.74,24134
2003-01-28,12.14,11.86,11.41,11.83,60750
2003-01-29,11.74,12.13,11.67,11.86,170400
2003-01-30,12.07,12.14,11.73,12.03,21138
2003-01-31,11.81,12.1,11.78,11.8,45033
2003-02-03,11.96,12.0,11.65,12.0,24750
2003-02-04,11.87,12.25,11.9,11.9,44248
2003-02-05,11.71,11.87,11.2,11.71,19644
2003-02-06,11.71,11.7,11.45,11.68,31050
2003-02-07,11.67,11.73,11.63,11.68,16500
2003-02-10,11.67,11.77,11.65,11.7,9154
2003-02-11,11.74,11.83,11.67,11.75,18448
2003-02-12,11.87,11.93,11.73,11.9,16050
2003-02-13,11.98,11.97,11.78,11.93,14100
2003-02-14,12.03,12.17,11.93,11.95,2550
2003-02-18,12.11,12.13,11.92,12.13,14100
2003-02-19,12.04,12.1,11.97,12.03,49766
2003-02-20,12.0,12.07,11.69,11.99,15729
2003-02-21,12.23,12.33,11.98,12.27,34305
2003-02-24,11.94,12.23,11.94,12.0,4557
2003-02-25,12.04,12.07,11.93,11.99,69741
2003-02-26,11.8,12.03,11.63,11.8,72448
2003-02-27,11.48,11.85,11.41,11.69,28050
2003-02-28,11.8,12.03,11.47,12.03,26550
2003-03-03,12.48,12.6,11.79,12.41,40800
2003-03-04,11.97,12.47,11.9,12.06,39450
2003-03-05,11.89,12.11,11.93,11.95,6450
2003-03-06,11.73,11.88,11.73,11.74,25896
2003-03-07,12.01,12.67,11.72,12.15,8850
2003-03-10,11.68,12.03,11.69,11.7,10810
2003-03-11,11.74,11.75,11.67,11.73,15150
2003-03-12,11.61,11.75,11.67,11.75,359250
2003-03-13,11.4,11.67,11.14,11.26,6900
2003-03-14,11.74,11.73,11.39,11.73,5700
2003-03-17,11.75,11.74,11.55,11.6,21300
2003-03-18,12.11,12.26,11.27,12.26,21000
2003-03-19,12.3,12.67,12.11,12.3,12300
2003-03-20,12.74,13.04,12.29,12.87,37460
2003-03-21,13.34,13.33,12.67,13.33,152250
2003-03-24,13.34,13.65,13.14,13.27,34950
2003-03-25,12.84,13.5,13.14,13.14,23400
2003-03-26,13.06,13.23,12.83,13.21,81150
2003-03-27,12.41,13.05,12.25,12.57,18150
2003-03-28,12.67,12.67,12.05,12.26,37200
2003-03-31,12.21,12.67,12.17,12.29,37731
2003-04-01,12.21,12.67,12.2,12.43,39100
2003-04-02,11.94,12.24,11.67,11.79,28500
2003-04-03,12.01,12.14,11.81,11.89,15000
2003-04-04,11.4,12.0,11.42,11.42,421950
2003-04-07,11.57,11.56,11.1,11.26,131250
2003-04-08,11.71,11.7,11.49,11.68,9900
2003-04-09,11.81,11.9,11.7,11.79,13500
2003-04-10,11.74,12.0,11.71,11.73,229800
2003-04-11,11.58,11.81,11.33,11.65,12300
2003-04-14,11.47,11.71,11.41,11.41,15450
2003-04-15,11.24,11.52,11.37,11.37,29487
2003-04-16,11.41,11.4,11.17,11.33,50331
2003-04-17,11.61,11.45,11.25,11.33,19200
2003-04-21,11.72,11.61,11.33,11.4,30900
2003-04-22,12.2,12.26,11.49,12.04,26550
2003-04-23,12.01,12.25,11.67,12.0,55998
2003-04-24,12.02,12.25,12.01,12.13,18753
2003-04-25,11.97,12.11,11.78,11.97,13650
2003-04-28,11.78,12.0,11.72,11.73,21390
2003-04-29,11.6,12.0,11.53,11.76,12000
2003-04-30,11.37,11.8,11.47,11.47,55350
2003-05-01,11.56,11.58,11.33,11.53,52800
2003-05-02,11.61,11.69,11.43,11.53,29850
2003-05-05,11.63,11.63,11.34,11.37,34800
2003-05-06,11.75,11.65,11.34,11.65,134606
2003-05-07,12.29,12.65,11.71,12.29,26100
2003-05-08,12.97,12.71,12.28,12.47,20850
2003-05-09,12.34,12.96,12.33,12.33,13800
2003-05-12,12.99,12.99,12.33,12.99,10050
2003-05-13,13.04,13.05,12.77,12.77,5700
2003-05-14,12.77,13.03,12.81,12.9,22200
2003-05-15,12.69,12.91,12.31,12.39,14872
2003-05-16,12.51,13.2,12.52,13.19,46500
2003-05-19,13.33,13.33,12.5,13.23,16350
2003-05-20,12.93,13.33,12.75,12.88,7200
2003-05-21,12.97,12.93,12.65,12.93,29850
2003-05-22,13.23,13.26,12.8,13.11,17550
2003-05-23,13.31,13.33,13.05,13.33,22650
2003-05-27,13.33,13.33,13.12,13.15,5690
2003-05-28,13.34,13.33,13.32,13.33,8850
2003-05-29,13.34,13.33,13.25,13.31,13808
2003-05-30,12.9,13.33,12.9,12.9,42150
2003-06-02,13.26,13.32,12.89,12.89,29560
2003-06-03,13.08,13.27,12.95,13.05,18900
2003-06-04,13.09,13.07,12.54,13.0,22050
2003-06-05,13.01,13.17,12.93,12.93,62100
2003-06-06,12.54,13.07,12.81,12.98,15898
2003-06-09,12.68,13.07,12.53,12.67,12150
2003-06-10,12.71,12.71,12.55,12.55,343200
2003-06-11,12.91,13.33,12.33,13.33,17400
2003-06-12,13.21,13.33,12.9,13.33,31200
2003-06-13,13.2,13.33,12.94,13.33,10200
2003-06-16,13.29,13.33,13.03,13.15,19800
2003-06-17,13.01,13.33,13.15,13.33,72000
2003-06-18,13.51,13.73,13.0,13.5,42750
2003-06-19,13.39,13.5,13.34,13.43,19950
2003-06-20,13.34,13.5,13.33,13.33,49077
2003-06-23,13.34,13.42,13.29,13.4,48600
2003-06-24,13.24,13.43,12.93,13.29,62406
2003-06-25,13.24,13.5,13.23,13.33,73050
2003-06-26,13.34,13.4,13.22,13.32,107250
2003-06-27,13.67,13.53,13.33,13.47,12450
2003-06-30,14.03,14.18,13.5,13.51,83619
2003-07-01,13.93,14.03,13.49,13.65,35619
2003-07-02,13.67,13.92,13.33,13.54,21750
2003-07-03,13.51,13.67,13.53,13.67,7050
2003-07-07,13.51,13.67,13.51,13.52,17340
2003-07-08,13.78,13.9,13.5,13.77,20100
2003-07-09,14.07,13.99,13.77,13.93,34500
2003-07-10,13.85,14.07,13.67,13.79,19868
2003-07-11,14.01,13.98,13.57,13.85,20550
2003-07-14,14.07,14.3,14.0,14.29,17634
2003-07-15,14.62,14.8,14.07,14.6,12242
2003-07-16,14.76,14.69,14.27,14.47,24750
2003-07-17,14.59,14.76,14.27,14.65,17133
2003-07-18,14.31,14.65,14.31,14.33,24300
2003-07-21,13.91,14.33,13.77,14.19,19432
2003-07-22,13.75,14.33,13.75,13.91,8452
2003-07-23,14.16,14.48,13.74,14.08,12210
2003-07-24,14.67,14.64,13.73,14.56,10347
2003-07-25,14.6,14.67,14.33,14.51,4050
2003-07-28,14.06,14.59,14.33,14.5,40800
2003-07-29,14.85,14.85,14.05,14.71,33627
2003-07-30,14.84,15.0,14.63,15.0,54450
2003-07-31,15.13,15.1,14.83,15.1,41108
2003-08-01,16.14,15.8,15.12,15.8,105450
2003-08-04,15.74,16.15,15.47,15.63,17326
2003-08-05,15.42,15.73,15.43,15.5,35164
2003-08-06,15.37,15.64,15.37,15.43,32546
2003-08-07,14.71,15.43,14.7,14.77,18675
2003-08-08,14.23,14.7,14.03,14.31,33130
2003-08-11,14.58,14.76,14.05,14.7,32700
2003-08-12,15.2,15.47,14.57,15.26,39777
2003-08-13,15.29,15.4,15.14,15.27,42750
2003-08-14,15.42,15.43,14.76,15.41,15450
2003-08-15,15.39,15.45,15.35,15.45,18600
2003-08-18,14.7,15.93,14.7,14.87,16800
2003-08-19,15.18,15.07,14.69,14.87,19860
2003-08-20,15.47,15.48,15.0,15.48,63752
2003-08-21,15.63,15.6,15.36,15.6,10056
2003-08-22,15.49,15.67,15.47,15.67,9600
2003-08-25,14.77,15.67,14.82,14.93,28200
2003-08-26,13.91,14.76,13.81,13.93,26976
2003-08-27,14.37,14.11,13.43,14.11,12556
2003-08-28,15.33,15.33,14.41,15.33,15750
2003-08-29,14.94,15.13,14.81,14.81,3300
2003-09-02,14.75,14.93,14.77,14.87,32700
2003-09-03,14.58,14.77,14.4,14.67,24062
2003-09-04,14.72,14.67,14.47,14.67,5490
2003-09-05,14.66,14.71,14.57,14.67,31668
2003-09-08,14.67,14.67,14.63,14.63,9150
2003-09-09,14.79,14.99,14.57,14.99,4080
2003-09-10,15.08,15.13,14.89,15.13,30340
2003-09-11,14.29,15.16,14.3,14.3,25452
2003-09-12,14.07,14.47,14.07,14.09,9150
2003-09-15,14.55,14.5,13.87,14.5,4878
2003-09-16,14.4,14.81,14.51,14.51,22812
2003-09-17,14.58,14.87,14.39,14.87,25455
2003-09-18,14.48,14.92,14.4,14.47,14100
2003-09-19,14.76,14.87,14.47,14.63,18624
2003-09-22,15.33,15.49,14.63,15.49,16182
2003-09-23,15.25,15.57,14.77,15.13,6750
2003-09-24,15.11,15.25,15.01,15.14,24021
2003-09-25,15.15,15.37,15.1,15.12,35960
2003-09-26,15.16,15.35,15.07,15.1,30600
2003-09-29,14.78,15.16,14.47,14.47,7728
2003-09-30,14.53,14.75,14.48,14.75,19468
2003-10-01,14.54,14.7,14.47,14.69,12147
2003-10-02,15.12,15.18,14.53,15.18,16950
2003-10-03,15.51,15.5,14.96,15.47,42177
2003-10-06,15.61,15.97,15.5,15.73,28800
2003-10-07,16.13,16.11,15.61,16.01,8882
2003-10-08,16.07,16.07,16.0,16.07,11186
2003-10-09,16.0,16.13,15.79,15.81,12582
2003-10-10,15.63,16.17,15.67,15.67,14772
2003-10-13,15.9,15.95,15.73,15.95,12600
2003-10-14,16.31,16.33,16.0,16.31,33000
2003-10-15,16.24,16.31,16.17,16.2,11250
2003-10-16,15.99,16.23,15.85,16.2,17991
2003-10-17,16.05,16.17,15.94,16.07,11067
2003-10-20,15.87,15.94,15.77,15.77,27729
2003-10-21,15.73,15.9,15.64,15.89,21900
2003-10-22,15.9,16.07,15.73,15.98,18968
2003-10-23,15.29,15.89,15.38,15.38,15000
2003-10-24,15.39,15.61,15.21,15.21,20400
2003-10-27,14.87,15.7,15.2,15.39,17400
2003-10-28,15.37,15.38,14.84,15.38,19070
2003-10-29,16.1,16.31,15.37,16.31,17943
2003-10-30,16.12,16.48,16.09,16.26,16650
2003-10-31,16.43,16.48,16.11,16.2,22858
2003-11-03,16.36,16.43,16.01,16.01,66626
2003-11-04,16.64,16.6,15.97,16.53,17438
2003-11-05,16.33,16.63,16.4,16.4,27736
2003-11-06,16.31,16.35,16.09,16.2,19832
2003-11-07,16.19,16.5,15.96,16.14,49978
2003-11-10,16.38,16.57,15.83,16.19,24878
2003-11-11,15.17,16.37,15.22,15.22,76208
2003-11-12,15.32,15.3,14.89,15.3,20948
2003-11-13,15.46,15.98,15.31,15.98,8566
2003-11-14,16.04,16.02,15.45,15.81,21414
2003-11-17,15.25,16.19,15.07,15.58,155866
2003-11-18,15.33,15.54,14.93,15.14,21813
2003-11-19,14.97,15.33,15.11,15.17,20397
2003-11-20,15.76,15.82,14.96,15.73,13368
2003-11-21,15.13,15.76,15.25,15.25,22164
2003-11-24,15.32,15.43,14.98,15.42,29626
2003-11-25,15.74,15.96,15.31,15.96,25462
2003-11-26,16.6,16.33,15.74,15.99,20824
2003-11-28,16.48,16.39,15.79,16.39,4536
2003-12-01,16.44,16.39,16.25,16.25,13654
2003-12-02,16.68,16.67,16.27,16.67,30538
2003-12-03,16.8,16.83,16.66,16.83,29452
2003-12-04,16.3,17.2,16.31,16.31,21330
2003-12-05,16.53,16.59,16.09,16.44,10956
2003-12-08,16.63,16.73,16.28,16.41,33896
2003-12-09,16.53,16.96,16.53,16.63,50235
2003-12-10,17.07,18.21,16.53,17.19,61701
2003-12-11,17.16,17.14,16.87,17.14,57975
2003-12-12,17.9,17.75,16.87,17.75,39936
2003-12-15,18.12,18.2,17.66,17.93,26388
2003-12-16,17.79,18.08,17.83,17.85,143805
2003-12-17,17.03,17.78,17.11,17.37,149158
2003-12-18,16.71,17.29,16.77,16.89,2565909
2003-12-19,16.47,16.79,15.65,16.53,304994
2003-12-22,16.37,16.53,16.33,16.47,172390
2003-12-23,16.41,16.47,16.33,16.44,322914
2003-12-24,16.51,16.63,16.34,16.51,72312
2003-12-26,16.45,16.53,16.41,16.45,170950
2003-12-29,16.78,16.79,16.45,16.67,449715
2003-12-30,16.94,16.86,16.73,16.8,312454
2003-12-31,16.9,16.99,16.67,16.93,206042
2004-01-02,16.71,16.98,16.73,16.77,158409
2004-01-05,16.81,16.88,16.63,16.87,135956
2004-01-06,16.84,16.98,16.8,16.81,207564
2004-01-07,16.87,16.87,16.8,16.87,227882
2004-01-08,16.54,16.86,16.5,16.53,130509
2004-01-09,16.61,16.65,16.53,16.65,170954
2004-01-12,16.81,16.77,16.5,16.5,106983
2004-01-13,16.78,16.83,16.57,16.83,170564
2004-01-14,16.74,16.77,16.53,16.73,125118
2004-01-15,16.73,16.73,16.61,16.7,98898
2004-01-16,16.68,16.72,16.5,16.59,120750
2004-01-20,16.64,16.7,16.53,16.57,168090
2004-01-21,16.84,16.83,16.49,16.83,161541
2004-01-22,16.72,16.83,16.53,16.73,73816
2004-01-23,16.71,16.83,16.67,16.83,66981
2004-01-26,16.74,16.83,16.63,16.73,119860
2004-01-27,16.58,16.76,16.59,16.76,135068
2004-01-28,16.51,16.9,16.41,16.67,70281
2004-01-29,16.47,16.74,16.37,16.6,275256
2004-01-30,15.69,16.46,15.47,15.8,87560
2004-02-02,15.96,16.06,15.69,15.87,184048
2004-02-03,15.81,16.0,15.82,15.89,67846
2004-02-04,15.76,16.01,15.53,15.67,184870
2004-02-05,16.03,16.12,15.68,15.97,146168
2004-02-06,15.97,16.11,15.96,16.03,114238
2004-02-09,16.07,16.06,15.97,15.97,219188
2004-02-10,15.94,16.07,15.9,15.97,244419
2004-02-11,16.05,16.28,15.93,16.26,353406
2004-02-12,16.27,16.3,16.03,16.3,157692
2004-02-13,16.24,16.32,15.9,16.24,101384
2004-02-17,16.17,16.17,15.83,16.02,97032
2004-02-18,16.28,16.43,16.03,16.4,79702
2004-02-19,16.39,16.4,16.21,16.23,234536
2004-02-20,16.31,16.39,16.14,16.26,74505
2004-02-23,16.03,16.3,15.95,16.11,67587
2004-02-24,15.99,16.03,15.87,15.99,140748
2004-02-25,16.01,16.03,15.97,16.0,116192
2004-02-26,15.97,16.1,15.96,16.05,116122
2004-02-27,16.17,16.1,15.93,16.1,67383
2004-03-01,16.13,16.26,16.07,16.18,113658
2004-03-02,16.05,16.3,16.11,16.15,165333
2004-03-03,15.94,16.18,15.89,16.0,66456
2004-03-04,15.63,15.93,15.4,15.77,83958
2004-03-05,16.14,16.17,15.62,16.17,24872
2004-03-08,16.07,16.16,15.95,16.08,104848
2004-03-09,15.98,16.12,15.97,16.0,106062
2004-03-10,15.99,15.99,15.86,15.93,110733
2004-03-11,15.82,15.99,15.67,15.7,60330
2004-03-12,15.07,15.81,15.1,15.1,61778
2004-03-15,15.06,15.2,14.97,14.99,92103
2004-03-16,14.79,15.17,14.63,14.63,85786
2004-03-17,14.24,14.87,14.15,14.18,93190
2004-03-18,14.63,14.87,14.23,14.57,117382
2004-03-19,15.57,15.53,14.63,15.24,60218
2004-03-22,15.73,15.85,15.46,15.66,87195
2004-03-23,15.51,15.77,15.37,15.53,40168
2004-03-24,15.59,15.65,15.5,15.54,84558
2004-03-25,15.59,15.94,15.5,15.67,102603
2004-03-26,15.59,15.85,15.49,15.51,31234
2004-03-29,15.64,15.75,15.58,15.73,62266
2004-03-30,16.01,15.97,15.63,15.97,58588
2004-03-31,16.4,16.37,15.96,16.37,162528
2004-04-01,16.42,16.67,16.21,16.39,44628
2004-04-02,16.57,16.56,16.39,16.44,59496
2004-04-05,16.61,16.71,16.49,16.71,46658
2004-04-06,16.63,16.81,16.6,16.73,59902
2004-04-07,16.72,16.82,16.62,16.67,51208
2004-04-08,16.69,16.83,16.63,16.7,121190
2004-04-12,16.84,16.95,16.67,16.75,28346
2004-04-13,16.86,16.95,16.78,16.83,68676
2004-04-14,16.72,16.95,16.6,16.75,74366
2004-04-15,17.01,16.76,16.67,16.69,153616
2004-04-16,16.98,17.32,16.86,16.99,90514
2004-04-19,17.18,17.18,16.87,17.18,81078
2004-04-20,17.4,17.39,16.96,17.16,57909
2004-04-21,17.17,17.4,16.72,17.13,85899
2004-04-22,17.28,17.33,17.08,17.27,172262
2004-04-23,17.37,17.43,17.23,17.42,207208
2004-04-26,17.24,17.37,17.08,17.09,77174
2004-04-27,17.25,17.29,17.08,17.19,85196
2004-04-28,17.21,17.35,17.1,17.33,106452
2004-04-29,16.64,17.33,16.65,16.83,118878
2004-04-30,16.78,16.86,16.6,16.86,59720
2004-05-03,16.41,16.88,16.4,16.4,197592
2004-05-04,17.11,17.06,16.39,17.0,100134
2004-05-05,17.86,17.91,16.98,17.9,49718
2004-05-06,17.5,17.7,17.33,17.57,52804
2004-05-07,17.27,17.49,17.07,17.31,31422
2004-05-10,16.68,17.3,16.7,16.76,61410
2004-05-11,16.83,16.8,16.33,16.68,59926
2004-05-12,16.84,17.22,16.67,16.91,62331
2004-05-13,16.74,17.0,16.64,16.72,57252
2004-05-14,16.92,16.92,16.71,16.81,47200
2004-05-17,16.83,16.92,16.76,16.82,47026
2004-05-18,17.06,17.0,16.56,16.75,37514
2004-05-19,17.47,17.49,16.81,17.46,96076
2004-05-20,17.51,17.71,17.33,17.44,109845
2004-05-21,17.54,18.01,17.33,17.48,77684
2004-05-24,17.87,18.08,17.43,17.98,59499
2004-05-25,17.66,18.03,17.44,17.58,113220
2004-05-26,18.01,18.2,17.41,17.93,135908
2004-05-27,18.16,18.35,18.0,18.21,123882
2004-05-28,19.2,19.19,18.15,19.19,94947
2004-06-01,19.33,19.33,19.01,19.17,153250
2004-06-02,19.04,19.23,18.46,18.48,100563
2004-06-03,18.41,18.53,18.19,18.19,77928
2004-06-04,18.16,18.41,18.12,18.14,40636
2004-06-07,18.3,19.04,18.19,19.03,65814
2004-06-08,18.98,19.32,18.83,19.19,25510
2004-06-09,20.09,20.65,19.83,20.19,223708
2004-06-10,20.17,20.22,19.83,20.02,107066
2004-06-14,20.1,20.31,19.98,20.26,99057
2004-06-15,20.34,20.65,19.94,20.5,78664
2004-06-16,20.54,22.05,20.24,21.47,149702
2004-06-17,21.55,21.66,21.14,21.2,39214
2004-06-18,21.49,22.03,21.23,21.85,111368
2004-06-21,21.75,22.1,21.05,21.31,111842
2004-06-22,21.43,21.63,20.98,21.5,67185
2004-06-23,21.67,21.76,21.59,21.67,99858
2004-06-24,21.75,21.91,21.64,21.81,110463
2004-06-25,21.89,22.33,21.53,21.97,399219
2004-06-28,22.07,22.07,21.65,21.73,140356
2004-06-29,23.01,23.73,22.5,23.13,735840
2004-06-30,22.53,22.67,21.2,21.88,468435
2004-07-01,21.81,22.08,21.36,21.99,108424
2004-07-02,22.19,22.19,20.57,21.53,115672
2004-07-06,21.12,22.0,21.12,21.86,136419
2004-07-07,21.79,22.09,21.71,22.0,132060
2004-07-08,21.97,21.97,20.95,21.0,111876
2004-07-09,20.94,21.4,20.93,21.19,64419
2004-07-12,21.12,21.47,20.95,21.4,75009
2004-07-13,21.46,21.5,21.27,21.39,52574
2004-07-14,21.29,22.15,21.25,22.1,346161
2004-07-15,22.17,22.67,21.6,21.6,103574
2004-07-16,21.72,22.59,21.72,22.06,185643
2004-07-19,22.0,22.61,21.42,22.32,131142
2004-07-20,22.27,22.47,21.85,22.05,57426
2004-07-21,22.4,22.4,21.17,21.17,60441
2004-07-22,21.47,21.47,20.2,20.45,64180
2004-07-23,20.29,20.83,20.27,20.27,63306
2004-07-26,20.21,20.86,20.21,20.69,74452
2004-07-27,20.89,22.05,20.78,22.05,146691
2004-07-28,22.0,22.0,21.22,21.77,89559
2004-07-29,21.77,22.01,20.71,21.92,104572
2004-07-30,21.92,21.95,21.33,21.5,59604
2004-08-02,21.57,21.66,21.17,21.33,111294
2004-08-03,21.73,21.73,20.87,21.03,112304
2004-08-04,20.95,21.17,20.73,20.8,58964
2004-08-05,21.25,21.25,20.43,20.53,63765
2004-08-06,20.31,20.45,19.81,20.03,78388
2004-08-09,19.99,20.33,19.62,19.65,80054
2004-08-10,19.74,20.13,19.74,20.09,54196
2004-08-11,19.98,20.53,19.53,20.31,52454
2004-08-12,20.02,20.2,19.63,19.71,34308
2004-08-13,19.7,20.07,19.52,19.67,21579
2004-08-16,19.73,20.17,19.51,20.17,50814
2004-08-17,20.29,20.31,19.73,19.75,27975
2004-08-18,19.98,20.71,19.85,20.71,37953
2004-08-19,20.67,20.99,20.63,20.83,26000
2004-08-20,20.97,21.16,20.15,21.04,52179
2004-08-23,21.1,21.1,20.53,20.53,43510
2004-08-24,20.53,20.83,19.93,19.99,19770
2004-08-25,20.07,20.98,19.91,20.86,53745
2004-08-26,20.63,21.19,20.63,21.16,76446
2004-08-27,21.22,21.39,20.91,21.39,61014
2004-08-30,21.45,21.45,20.76,20.76,15304
2004-08-31,20.99,21.61,20.79,21.35,42750
2004-09-01,21.5,21.99,20.87,21.06,71082
2004-09-02,20.86,21.28,20.71,21.28,88256
2004-09-03,21.17,21.25,20.9,21.22,45777
2004-09-07,21.43,21.67,21.12,21.67,49872
2004-09-08,21.67,21.67,21.12,21.12,80422
2004-09-09,21.17,22.0,21.05,21.96,123561
2004-09-10,21.62,22.46,21.62,22.2,91904
2004-09-13,22.37,22.66,22.0,22.17,50589
2004-09-14,22.29,22.33,21.83,22.0,41754
2004-09-15,21.97,22.15,21.63,21.79,47458
2004-09-16,21.8,22.0,21.8,21.99,21681
2004-09-17,22.03,22.5,21.65,21.65,108470
2004-09-20,21.61,22.33,21.49,22.28,49995
2004-09-21,22.22,22.93,22.04,22.7,119547
2004-09-22,22.59,22.71,22.27,22.39,93784
2004-09-23,22.47,22.51,22.06,22.2,184167
2004-09-24,22.0,22.49,22.0,22.41,33348
2004-09-27,22.5,22.76,22.16,22.39,51360
2004-09-28,22.41,23.55,22.35,23.23,193386
2004-09-29,24.51,24.67,23.66,24.18,498651
2004-09-30,24.33,24.8,23.91,24.11,189447
2004-10-01,24.56,24.81,23.91,24.41,169094
2004-10-04,24.77,25.69,24.59,25.25,250593
2004-10-05,25.4,25.47,25.09,25.27,82562
2004-10-06,25.6,26.91,25.59,26.76,239787
2004-10-07,26.87,26.89,25.96,26.0,150842
2004-10-08,26.16,26.45,25.81,25.87,132603
2004-10-11,26.39,26.49,25.88,26.33,107544
2004-10-12,26.5,26.5,25.59,25.99,136767
2004-10-13,26.01,26.01,24.09,24.54,273009
2004-10-14,23.93,24.66,23.93,24.34,111207
2004-10-15,24.51,24.8,24.51,24.64,110229
2004-10-18,24.6,24.6,24.33,24.51,135885
2004-10-19,23.99,24.53,22.95,23.03,157557
2004-10-20,22.92,23.53,22.53,22.93,252836
2004-10-21,22.99,23.23,22.5,22.97,186128
2004-10-22,23.29,23.62,22.95,23.03,187120
2004-10-25,23.41,23.61,22.99,23.61,254052
2004-10-26,23.63,23.63,23.12,23.49,159303
2004-10-27,23.49,23.71,23.24,23.52,128250
2004-10-28,22.86,22.86,21.47,22.07,349462
2004-10-29,22.0,23.8,22.0,23.34,454576
2004-11-01,24.0,24.5,23.13,23.38,198658
2004-11-02,23.61,23.74,23.01,23.27,133982
2004-11-03,23.69,24.8,23.51,23.95,181665
2004-11-04,24.02,24.49,23.54,23.81,153386
2004-11-05,24.24,25.87,23.37,24.5,190491
2004-11-08,24.46,24.88,24.39,24.54,183574
2004-11-09,24.39,24.92,24.39,24.82,203285
2004-11-10,25.1,25.1,24.44,24.5,119078
2004-11-11,24.73,24.73,23.7,24.07,116172
2004-11-12,24.61,24.62,24.03,24.26,105495
2004-11-15,24.06,24.35,23.06,23.38,164387
2004-11-16,23.41,23.68,23.14,23.21,87218
2004-11-17,23.62,24.39,23.26,24.39,172864
2004-11-18,24.49,24.8,24.04,24.1,173840
2004-11-19,23.97,24.25,23.86,23.95,113334
2004-11-22,24.07,24.5,23.81,24.18,127855
2004-11-23,24.65,24.74,22.84,22.94,152694
2004-11-24,22.99,23.0,21.51,22.48,189826
2004-11-26,22.63,22.86,22.4,22.73,97629
2004-11-29,23.0,24.1,22.81,24.1,319464
2004-11-30,24.11,24.11,23.74,24.09,277135
2004-12-01,23.84,24.26,23.52,23.54,247118
2004-12-02,24.03,24.03,22.13,22.37,147649
2004-12-03,22.22,22.45,22.1,22.27,97804
2004-12-06,22.7,22.71,21.94,21.95,63076
2004-12-07,22.3,22.31,21.45,21.47,132500
2004-12-08,22.0,22.0,20.66,21.15,225945
2004-12-09,21.49,22.43,20.86,22.04,173913
2004-12-10,22.38,22.38,21.55,21.76,69659
2004-12-13,22.0,22.08,21.75,21.92,83154
2004-12-14,22.2,22.21,21.58,21.7,124011
2004-12-15,21.93,21.93,21.37,21.49,131095
2004-12-16,21.71,21.75,20.91,20.91,85674
2004-12-17,20.78,21.14,20.59,20.77,175894
2004-12-20,20.95,21.17,20.46,21.0,257659
2004-12-21,21.28,23.36,21.02,23.3,424058
2004-12-22,23.39,23.92,23.3,23.92,173646
2004-12-23,23.98,24.02,23.22,23.96,138205
2004-12-27,24.09,24.09,23.12,23.4,106689
2004-12-28,23.63,24.03,23.35,24.03,171324
2004-12-29,24.24,24.73,23.02,24.73,146543
2004-12-30,24.45,24.54,23.3,23.47,168438
2004-12-31,23.63,24.1,23.25,23.62,123759
2005-01-03,24.09,24.09,22.77,22.79,139343
2005-01-04,23.05,23.35,22.28,22.51,140364
2005-01-05,22.56,22.56,21.85,21.91,116769
2005-01-06,21.75,22.22,21.48,21.65,65770
2005-01-07,21.89,22.31,21.24,21.66,143830
2005-01-10,21.52,22.02,21.45,21.72,61294
2005-01-11,21.31,21.64,20.91,20.98,212550
2005-01-12,21.34,21.78,21.09,21.77,108197
2005-01-13,21.57,22.04,21.44,21.75,91114
2005-01-14,22.23,22.78,21.9,22.73,66590
2005-01-18,22.79,22.97,22.47,22.6,100647
2005-01-19,22.55,22.96,22.39,22.65,208948
2005-01-20,22.4,22.89,22.26,22.6,169691
2005-01-21,22.79,23.19,22.45,22.9,72859
2005-01-24,22.72,23.09,22.51,22.7,83093
2005-01-25,23.26,23.86,23.03,23.86,157232
2005-01-26,23.99,24.0,23.37,23.86,158296
2005-01-27,24.0,24.0,23.53,23.86,150963
2005-01-28,23.92,23.92,23.31,23.51,82636
2005-01-31,23.51,24.42,23.25,24.25,130819
2005-02-01,24.05,25.19,24.02,25.17,193463
2005-02-02,24.99,25.08,24.5,24.81,63961
2005-02-03,24.5,25.02,24.25,24.91,86160
2005-02-04,24.84,25.25,24.62,25.1,98735
2005-02-07,25.2,25.3,24.62,25.0,46885
2005-02-08,25.21,25.21,24.71,25.17,59347
2005-02-09,25.3,25.43,24.63,24.69,77296
2005-02-10,24.51,25.31,24.0,24.8,145996
2005-02-11,24.53,26.0,24.53,25.94,149050
2005-02-14,26.25,26.7,25.41,26.05,187341
2005-02-15,24.13,24.69,21.95,24.11,1146386
2005-02-16,24.01,24.94,23.97,24.65,412314
2005-02-17,24.8,24.8,24.19,24.33,265509
2005-02-18,24.45,24.45,24.23,24.3,270857
2005-02-22,24.25,24.27,22.94,23.96,566967
2005-02-23,24.1,24.86,23.52,23.77,226088
2005-02-24,23.95,23.95,22.82,23.63,346351
2005-02-25,23.77,24.89,23.63,24.88,143845
2005-02-28,25.11,25.24,24.58,24.67,199860
2005-03-01,24.85,25.18,24.56,24.91,197541
2005-03-02,24.69,25.17,24.34,24.41,231575
2005-03-03,24.76,24.89,24.3,24.5,80938
2005-03-04,24.67,25.73,24.58,25.44,86098
2005-03-07,25.31,25.62,24.94,25.02,100367
2005-03-08,25.0,25.21,24.38,24.54,259720
2005-03-09,24.42,24.61,23.66,23.75,124790
2005-03-10,24.0,24.35,23.06,23.2,153174
2005-03-11,23.57,24.16,23.16,23.58,90409
2005-03-14,23.15,23.28,22.83,23.05,136923
2005-03-15,23.15,23.45,22.77,22.89,105569
2005-03-16,22.65,22.94,21.87,22.59,118575
2005-03-17,22.51,23.23,22.47,23.02,91735
2005-03-18,23.25,23.4,22.69,22.92,172875
2005-03-21,23.27,23.48,22.48,23.13,162049
2005-03-22,23.32,23.58,22.69,23.15,102167
2005-03-23,23.0,23.04,22.31,22.35,52722
2005-03-24,22.3,22.83,22.23,22.23,58157
2005-03-28,22.17,22.38,21.93,22.02,143857
2005-03-29,21.93,22.42,21.47,21.72,110315
2005-03-30,21.58,23.16,21.54,22.26,225545
2005-03-31,22.4,22.43,21.71,21.94,271656
2005-04-01,22.18,22.23,21.53,21.88,108753
2005-04-04,21.52,21.82,21.25,21.52,210426
2005-04-05,21.68,21.96,21.2,21.48,175787
2005-04-06,21.37,21.67,21.04,21.33,132002
2005-04-07,21.02,21.77,21.02,21.7,42202
2005-04-08,21.52,21.62,20.91,21.1,70311
2005-04-11,20.86,21.13,20.83,20.86,61586
2005-04-12,20.84,21.06,20.57,20.73,163510
2005-04-13,20.79,20.8,20.31,20.59,110590
2005-04-14,20.71,21.05,19.33,19.52,253592
2005-04-15,19.5,19.62,18.58,19.06,183366
2005-04-18,19.14,19.85,18.71,19.53,195388
2005-04-19,19.38,20.15,19.38,20.07,132032
2005-04-20,20.08,20.54,19.72,19.78,193747
2005-04-21,19.81,20.33,19.71,20.11,98627
2005-04-22,20.29,20.41,19.01,19.22,161526
2005-04-25,19.53,19.74,19.14,19.63,82797
2005-04-26,19.69,20.09,18.86,18.94,169337
2005-04-27,18.99,19.47,18.75,19.15,238564
2005-04-28,19.93,20.53,19.06,19.09,317785
2005-04-29,19.25,21.1,19.05,21.01,298074
2005-05-02,20.9,20.94,20.24,20.5,145967
2005-05-03,20.63,21.0,19.9,20.14,181477
2005-05-04,19.95,21.2,19.16,21.14,270888
2005-05-05,21.25,21.25,19.5,19.75,263950
2005-05-06,19.85,21.0,19.75,20.09,190967
2005-05-09,20.0,20.17,19.51,20.14,114810
2005-05-10,19.91,19.91,19.34,19.43,159758
2005-05-11,19.62,19.62,18.95,19.3,89492
2005-05-12,19.13,19.25,18.65,18.87,161222
2005-05-13,19.04,19.04,18.1,18.41,181932
2005-05-16,18.32,18.8,18.13,18.77,166470
2005-05-17,18.55,19.54,18.55,19.51,156850
2005-05-18,19.61,20.47,19.55,19.82,225485
2005-05-19,19.81,20.1,19.64,20.01,69983
2005-05-20,20.17,20.17,19.41,19.58,114129
2005-05-23,19.53,19.75,19.46,19.67,146543
2005-05-24,19.45,19.73,19.17,19.3,157102
2005-05-25,19.2,19.31,18.92,19.0,149744
2005-05-26,19.09,19.61,19.09,19.44,52401
2005-05-27,19.65,19.98,19.46,19.61,81192
2005-05-31,19.51,20.19,19.48,19.56,126491
2005-06-01,19.25,19.49,18.86,19.49,139466
2005-06-02,19.27,19.49,19.0,19.16,126625
2005-06-03,19.13,19.43,19.02,19.14,70068
2005-06-06,19.11,19.22,18.92,19.09,121322
2005-06-07,19.3,19.66,18.97,19.07,135681
2005-06-08,19.0,19.37,18.84,18.93,156036
2005-06-09,19.02,19.09,18.85,19.09,98199
2005-06-10,19.19,19.35,18.92,19.03,86984
2005-06-13,19.1,19.47,18.95,18.98,184596
2005-06-14,19.03,19.33,18.9,19.1,103539
2005-06-15,19.14,19.23,19.0,19.1,184745
2005-06-16,19.15,19.5,19.0,19.3,162524
2005-06-17,18.9,19.45,18.9,19.19,198180
2005-06-20,19.14,19.18,18.99,19.01,112070
2005-06-21,19.0,19.17,19.0,19.17,60123
2005-06-22,19.2,19.44,19.12,19.39,161245
2005-06-23,19.25,19.25,18.95,19.0,170485
2005-06-24,18.95,18.99,18.26,18.44,170565
2005-06-27,18.43,18.99,18.43,18.95,100608
2005-06-28,19.0,19.23,18.85,18.9,95198
2005-06-29,18.73,18.87,18.45,18.6,109115
2005-06-30,18.79,18.79,18.46,18.46,82783
2005-07-01,18.59,18.93,18.52,18.8,49880
2005-07-05,19.02,19.07,18.57,19.0,98787
2005-07-06,19.07,19.31,18.96,19.17,108272
2005-07-07,18.87,19.39,18.87,19.36,87169
2005-07-08,19.4,20.19,19.32,20.17,118850
2005-07-11,20.08,21.29,20.08,21.27,161772
2005-07-12,21.25,21.3,20.8,21.24,122164
2005-07-13,21.24,21.24,20.8,20.96,54507
2005-07-14,21.25,21.25,20.67,20.95,101685
2005-07-15,20.75,21.02,20.27,20.57,56394
2005-07-18,20.4,20.69,19.91,19.91,80178
2005-07-19,20.12,21.07,19.96,21.05,55337
2005-07-20,20.94,22.35,20.94,22.24,73270
2005-07-21,22.26,22.5,21.73,21.99,84590
2005-07-22,21.88,23.25,21.88,23.25,96793
2005-07-25,23.26,23.26,22.52,22.7,90029
2005-07-26,22.48,23.28,22.14,22.82,76288
2005-07-27,22.82,23.52,22.7,23.49,71036
2005-07-28,23.49,24.29,23.31,24.29,53332
2005-07-29,24.41,24.44,23.79,23.97,54360
2005-08-01,23.97,24.51,23.5,24.27,120957
2005-08-02,24.42,24.77,24.3,24.77,77446
2005-08-03,24.59,24.96,24.26,24.59,123200
2005-08-04,22.45,23.05,21.88,22.6,427409
2005-08-05,21.44,21.75,20.99,21.46,238534
2005-08-08,21.56,21.56,20.42,20.67,165378
2005-08-09,20.86,20.93,20.46,20.66,112392
2005-08-10,20.75,20.87,20.5,20.75,105900
2005-08-11,20.75,21.49,20.5,21.08,193452
2005-08-12,21.08,21.24,20.56,21.1,140988
2005-08-15,21.19,21.6,20.68,21.57,143804
2005-08-16,21.55,21.69,20.43,20.5,127211
2005-08-17,20.39,21.03,20.27,20.5,106395
2005-08-18,20.51,20.65,20.22,20.44,348244
2005-08-19,20.35,20.55,20.3,20.35,125357
2005-08-22,20.3,20.96,20.3,20.89,80794
2005-08-23,20.94,21.28,20.52,20.8,88338
2005-08-24,20.8,20.8,20.35,20.52,138205
2005-08-25,20.54,20.88,20.51,20.81,64626
2005-08-26,20.83,20.86,20.5,20.53,106367
2005-08-29,20.53,20.97,20.36,20.97,57073
2005-08-30,20.81,21.08,20.52,20.7,106704
2005-08-31,20.74,21.42,20.55,21.42,115247
2005-09-01,21.41,21.8,21.28,21.62,177038
2005-09-02,21.78,21.79,21.3,21.42,70435
2005-09-06,21.51,21.66,21.33,21.55,143925
2005-09-07,21.71,21.75,21.25,21.52,127966
2005-09-08,21.42,21.5,21.05,21.15,85513
2005-09-09,21.14,21.4,21.06,21.15,125143
2005-09-12,21.0,21.25,21.0,21.15,131426
2005-09-13,21.04,21.23,20.5,20.63,84243
2005-09-14,20.64,20.9,20.43,20.52,158825
2005-09-15,20.85,22.05,20.85,21.81,516237
2005-09-16,21.95,22.46,21.95,22.43,229814
2005-09-19,22.48,22.56,22.3,22.39,247227
2005-09-20,22.45,22.55,20.82,20.87,269456
2005-09-21,20.71,21.67,20.58,21.38,147321
2005-09-22,21.48,21.84,21.31,21.34,72771
2005-09-23,21.44,22.06,21.1,22.02,97205
2005-09-26,22.2,22.3,21.9,22.3,116161
2005-09-27,22.42,22.6,22.25,22.57,240959
2005-09-28,22.58,22.83,22.46,22.66,142973
2005-09-29,22.72,23.13,22.49,22.9,305677
2005-09-30,22.79,22.99,22.73,22.87,93592
2005-10-03,22.93,22.95,22.24,22.55,101407
2005-10-04,22.35,22.88,22.0,22.05,189750
2005-10-05,21.96,22.01,20.72,20.8,180756
2005-10-06,20.81,21.34,20.5,20.9,159508
2005-10-07,20.96,21.36,20.89,21.04,109299
2005-10-10,21.1,21.18,20.3,20.42,80975
2005-10-11,20.48,20.96,20.47,20.6,70202
2005-10-12,20.52,20.56,19.56,19.73,100769
2005-10-13,19.59,20.15,19.2,19.85,161595
2005-10-14,20.01,20.08,19.46,20.05,60233
2005-10-17,20.0,20.47,19.73,20.11,91939
2005-10-18,20.11,20.29,19.5,19.64,63948
2005-10-19,19.79,20.41,19.28,20.36,108747
2005-10-20,20.29,20.72,19.64,19.99,145246
2005-10-21,19.94,20.39,19.94,20.11,100695
2005-10-24,20.16,20.87,20.0,20.8,137282
2005-10-25,21.06,21.87,20.4,20.69,125254
2005-10-26,20.5,21.24,20.46,20.95,77429
2005-10-27,20.74,20.74,18.3,18.65,268296
2005-10-28,20.3,21.08,19.54,20.49,498832
2005-10-31,20.52,20.93,20.0,20.25,277663
2005-11-01,20.12,20.37,19.73,19.81,206708
2005-11-02,19.95,20.82,19.81,20.5,191170
2005-11-03,20.65,20.88,19.82,20.18,422752
2005-11-04,20.15,20.82,20.15,20.65,187195
2005-11-07,20.74,20.78,20.45,20.64,119509
2005-11-08,20.54,20.81,20.41,20.6,326089
2005-11-09,20.79,20.88,20.5,20.61,106582
2005-11-10,20.76,20.78,20.17,20.6,149137
2005-11-11,20.5,20.79,20.5,20.64,271418
2005-11-14,20.73,20.74,20.5,20.69,93604
2005-11-15,20.63,21.24,20.63,20.67,96064
2005-11-16,20.65,20.8,19.7,20.75,142158
2005-11-17,20.9,21.11,20.72,21.1,383477
2005-11-18,21.35,21.35,20.87,21.2,241705
2005-11-21,21.24,22.04,20.86,22.04,427011
2005-11-22,21.99,22.15,21.7,21.95,260400
2005-11-23,22.09,22.31,21.53,21.69,198140
2005-11-25,21.6,21.83,21.49,21.56,68029
2005-11-28,21.57,21.6,21.28,21.59,209224
2005-11-29,21.81,22.0,21.65,21.8,94085
2005-11-30,21.82,22.05,21.66,21.99,292934
2005-12-01,22.11,22.5,21.99,22.41,124235
2005-12-02,22.2,22.68,22.2,22.55,95276
2005-12-05,22.66,23.26,22.58,23.16,210943
2005-12-06,23.25,23.35,22.73,22.98,110611
2005-12-07,22.89,23.31,22.82,22.92,64131
2005-12-08,22.92,23.55,22.31,23.21,113741
2005-12-09,23.1,23.31,23.1,23.2,62928
2005-12-12,23.15,23.42,23.06,23.26,74660
2005-12-13,23.08,23.4,22.96,23.22,61727
2005-12-14,23.12,23.61,23.12,23.26,66994
2005-12-15,23.28,23.28,22.29,22.91,69251
2005-12-16,22.97,23.48,22.63,23.17,241203
2005-12-19,23.09,23.09,22.5,22.66,69947
2005-12-20,22.51,23.1,22.5,22.67,128993
2005-12-21,22.64,23.13,22.59,22.94,103680
2005-12-22,22.87,23.14,22.5,22.95,54501
2005-12-23,23.06,23.1,22.93,22.99,32749
2005-12-27,23.17,23.51,22.58,23.12,94039
2005-12-28,23.04,23.63,22.9,23.33,91035
2005-12-29,23.46,23.75,23.23,23.43,47792
2005-12-30,23.3,23.47,22.93,22.94,113144
2006-01-03,23.18,23.9,22.91,23.78,88999
2006-01-04,23.67,23.82,23.41,23.57,112909
2006-01-05,23.49,23.73,23.21,23.37,82962
2006-01-06,23.57,23.83,23.43,23.44,65120
2006-01-09,23.5,23.77,23.4,23.65,107072
2006-01-10,23.45,23.78,23.2,23.73,71291
2006-01-11,23.67,24.15,23.19,24.1,111121
2006-01-12,24.2,24.2,23.74,23.89,45876
2006-01-13,24.0,24.46,23.88,24.26,89093
2006-01-17,24.1,24.58,23.95,24.56,91662
2006-01-18,24.33,24.53,24.2,24.38,78792
2006-01-19,24.55,24.89,24.22,24.5,126797
2006-01-20,24.68,24.88,24.45,24.46,142632
2006-01-23,24.68,25.38,24.67,25.17,171604
2006-01-24,25.39,26.4,25.39,26.09,147033
2006-01-25,26.43,26.43,25.55,26.1,127238
2006-01-26,26.39,26.5,25.66,26.39,146751
2006-01-27,26.6,26.75,26.3,26.66,139745
2006-01-30,26.79,27.28,26.55,26.81,120759
2006-01-31,26.72,27.07,26.29,27.03,108134
2006-02-01,26.77,27.47,26.32,27.31,169875
2006-02-02,27.31,27.31,25.43,25.47,186172
2006-02-03,25.3,26.01,25.2,25.89,107916
2006-02-06,25.83,26.93,25.25,26.79,164909
2006-02-07,26.72,26.75,24.84,25.26,246363
2006-02-08,24.93,26.23,24.75,25.91,172656
2006-02-09,26.21,26.43,24.93,24.97,220658
2006-02-10,24.88,25.49,24.76,24.97,200826
2006-02-13,24.96,25.0,24.59,24.78,106383
2006-02-14,24.92,25.13,24.65,25.0,162954
2006-02-15,25.07,25.41,24.75,25.25,120654
2006-02-16,25.38,25.8,25.04,25.25,71406
2006-02-17,25.4,25.52,25.21,25.38,95794
2006-02-21,25.35,26.0,25.1,25.96,79724
2006-02-22,26.0,26.44,25.93,26.25,93263
2006-02-23,26.31,26.4,25.86,25.94,104517
2006-02-24,26.01,26.44,25.92,26.29,198760
2006-02-27,26.31,26.44,26.15,26.3,109446
2006-02-28,26.08,26.23,25.35,25.51,64946
2006-03-01,25.57,26.34,25.5,26.26,83744
2006-03-02,26.3,26.84,25.93,26.76,114399
2006-03-03,26.6,27.65,26.6,27.3,148128
2006-03-06,27.1,27.6,26.7,27.08,110752
2006-03-07,27.0,27.0,24.65,25.23,174412
2006-03-08,25.1,25.39,24.67,25.32,135219
2006-03-09,25.5,26.08,25.08,25.37,194028
2006-03-10,25.72,26.89,25.72,26.6,126302
2006-03-13,26.71,27.15,26.56,26.86,179443
2006-03-14,26.83,27.06,26.21,26.71,77430
2006-03-15,26.85,27.22,26.52,26.84,148083
2006-03-16,26.89,27.08,26.41,26.84,114612
2006-03-17,26.99,27.43,26.7,27.38,230342
2006-03-20,27.43,27.84,26.79,27.06,97543
2006-03-21,26.93,27.85,26.88,26.89,82433
2006-03-22,26.92,27.46,26.74,27.29,77137
2006-03-23,27.36,27.64,27.15,27.5,70530
2006-03-24,27.59,28.22,26.79,27.99,163603
2006-03-27,28.05,28.14,27.59,27.86,59890
2006-03-28,27.92,28.19,27.54,28.02,119382
2006-03-29,28.67,29.19,28.35,29.03,177284
2006-03-30,29.1,29.69,29.1,29.41,208853
2006-03-31,29.59,29.83,29.2,29.46,126917
2006-04-03,29.73,30.35,29.01,29.16,103518
2006-04-04,29.22,30.5,29.15,29.83,259538
2006-04-05,30.02,30.3,29.82,29.93,142125
2006-04-06,29.96,30.71,29.75,30.49,185697
2006-04-07,30.72,30.72,29.94,30.0,137738
2006-04-10,30.1,30.68,29.87,30.31,168452
2006-04-11,30.53,30.53,29.02,29.39,99134
2006-04-12,29.3,30.29,29.3,30.18,148833
2006-04-13,30.19,30.7,29.87,30.68,98104
2006-04-17,30.33,31.17,30.22,30.66,177513
2006-04-18,30.93,31.39,30.68,31.27,167324
2006-04-19,31.45,32.38,31.35,32.3,187755
2006-04-20,32.2,32.2,30.69,30.98,178766
2006-04-21,30.93,32.05,30.84,31.77,173912
2006-04-24,31.82,31.97,31.48,31.56,117939
2006-04-25,31.81,31.96,30.94,31.4,145330
2006-04-26,31.52,32.2,30.1,31.51,88245
2006-04-27,29.51,29.87,26.09,27.21,509706
2006-04-28,27.33,27.79,26.97,27.79,338931
2006-05-01,28.02,29.34,27.6,28.72,358514
2006-05-02,28.95,29.44,28.17,29.4,169232
2006-05-03,29.44,30.48,29.23,30.25,198395
2006-05-04,30.33,31.17,29.88,31.01,124406
2006-05-05,30.33,31.8,30.33,31.45,115420
2006-05-08,31.45,31.45,30.66,31.14,153573
2006-05-09,31.3,32.72,31.0,32.21,147584
2006-05-10,32.0,32.02,31.01,31.25,128232
2006-05-11,31.33,31.99,30.07,30.18,124119
2006-05-12,30.02,30.02,28.63,29.11,114930
2006-05-15,28.97,28.97,27.42,28.04,127924
2006-05-16,28.17,28.66,27.7,28.48,113337
2006-05-17,28.15,28.41,27.66,28.21,160925
2006-05-18,28.48,28.48,27.74,27.96,129388
2006-05-19,27.96,28.83,27.46,28.42,130357
2006-05-22,28.14,28.14,26.18,26.94,170334
2006-05-23,27.3,28.49,27.3,27.93,165122
2006-05-24,27.99,27.99,25.54,26.81,233844
2006-05-25,27.36,28.29,27.0,28.18,161893
2006-05-26,28.24,28.85,28.06,28.85,102136
2006-05-30,28.93,29.19,27.51,27.52,163190
2006-05-31,27.7,28.18,27.23,27.85,174423
2006-06-01,27.96,27.96,27.04,27.38,195477
2006-06-02,27.67,28.31,27.23,28.3,81000
2006-06-05,29.01,29.15,26.56,26.71,248718
2006-06-06,26.89,27.4,25.73,25.96,291132
2006-06-07,25.91,26.59,25.81,25.81,199018
2006-06-08,25.71,26.17,23.86,24.94,288340
2006-06-09,25.11,25.65,24.66,24.71,145944
2006-06-12,24.71,24.93,23.83,23.88,84892
2006-06-13,23.87,24.33,22.93,23.01,163065
2006-06-14,23.13,23.57,22.91,23.41,100483
2006-06-15,23.66,25.46,23.45,25.26,162565
2006-06-16,25.17,25.22,24.1,24.61,370355
2006-06-19,24.67,25.0,24.05,24.16,201272
2006-06-20,24.21,24.86,24.01,24.43,110660
2006-06-21,24.51,25.59,24.5,25.35,120463
2006-06-22,25.26,26.0,25.14,25.32,186562
2006-06-23,25.27,26.48,25.04,26.02,106317
2006-06-26,26.42,27.27,26.41,27.16,147749
2006-06-27,27.29,27.43,26.88,26.88,194461
2006-06-28,26.99,27.4,26.52,27.39,165700
2006-06-29,27.47,28.8,27.47,28.8,422570
2006-06-30,28.97,29.55,28.58,29.0,459389
2006-07-03,28.85,29.39,28.69,29.35,137251
2006-07-05,29.2,29.25,28.33,29.2,150950
2006-07-06,29.08,29.3,28.65,29.07,106343
2006-07-07,29.05,29.48,28.4,28.56,118978
2006-07-10,28.77,29.1,28.35,28.67,76784
2006-07-11,28.52,28.69,27.87,28.69,80845
2006-07-12,28.63,28.96,27.65,27.78,69382
2006-07-13,27.53,27.58,26.31,26.43,75984
2006-07-14,26.24,26.48,25.69,26.13,87431
2006-07-17,26.09,26.41,25.36,25.59,63128
2006-07-18,25.87,26.42,25.56,26.05,88721
2006-07-19,26.08,27.04,25.96,27.02,278902
2006-07-20,27.19,27.69,25.84,25.9,119472
2006-07-21,25.74,25.84,24.57,24.7,106342
2006-07-24,24.97,25.52,24.7,25.27,103721
2006-07-25,25.39,26.84,25.13,25.83,202995
2006-07-26,25.73,26.27,25.04,25.79,100876
2006-07-27,26.41,28.41,26.23,26.33,238434
2006-07-28,26.64,27.6,26.03,27.5,123834
2006-07-31,27.0,28.22,27.0,27.63,232141
2006-08-01,27.54,27.68,26.99,27.38,88479
2006-08-02,27.64,27.67,27.06,27.5,115818
2006-08-03,27.18,27.55,27.0,27.41,91467
2006-08-04,27.77,28.11,26.13,26.54,117030
2006-08-07,26.4,27.37,26.04,26.85,113384
2006-08-08,27.06,27.5,26.22,26.33,90277
2006-08-09,26.72,27.15,26.07,26.16,119701
2006-08-10,26.0,26.79,25.57,26.22,103918
2006-08-11,26.24,26.38,25.69,25.73,102772
2006-08-14,25.97,26.4,25.53,25.69,109320
2006-08-15,26.16,26.63,25.75,26.18,162428
2006-08-16,26.58,26.87,26.3,26.73,126720
2006-08-17,26.57,26.79,26.01,26.05,68567
2006-08-18,26.18,26.46,25.79,25.99,69744
2006-08-21,25.91,26.22,25.58,25.99,84350
2006-08-22,26.06,26.45,25.57,25.73,59731
2006-08-23,25.84,26.23,24.97,25.1,51209
2006-08-24,25.23,25.57,24.7,24.88,72615
2006-08-25,24.88,25.0,24.63,24.75,60598
2006-08-28,24.82,25.1,24.67,24.75,101530
2006-08-29,24.91,25.41,24.47,24.69,193946
2006-08-30,24.75,24.9,24.28,24.32,88207
2006-08-31,24.27,24.7,24.15,24.2,205294
2006-09-01,24.04,25.25,24.04,24.88,103032
2006-09-05,24.94,25.54,24.71,25.26,198731
2006-09-06,25.01,25.1,24.24,24.25,123326
2006-09-07,24.15,25.23,23.85,24.46,187593
2006-09-08,24.57,24.82,24.4,24.42,54538
2006-09-11,24.39,24.39,23.3,23.39,239410
2006-09-12,23.38,24.02,23.19,23.41,217787
2006-09-13,23.35,24.05,23.35,24.0,162126
2006-09-14,23.82,23.95,23.34,23.54,109606
2006-09-15,23.72,23.87,23.39,23.57,214220
2006-09-18,23.72,24.56,23.57,24.44,109676
2006-09-19,24.37,24.54,23.46,23.77,128379
2006-09-20,24.04,24.6,23.85,24.08,64811
2006-09-21,24.25,24.3,23.44,23.7,104590
2006-09-22,23.53,23.87,22.58,22.79,87860
2006-09-25,22.89,22.89,22.14,22.55,69438
2006-09-26,22.57,23.33,22.57,23.07,129413
2006-09-27,23.03,23.07,22.52,22.7,179097
2006-09-28,22.85,23.07,22.42,22.58,146656
2006-09-29,22.62,22.7,22.12,22.18,118079
2006-10-02,22.22,22.67,21.79,21.9,96054
2006-10-03,21.83,21.83,21.15,21.27,226449
2006-10-04,21.13,21.59,21.04,21.31,454667
2006-10-05,21.26,23.2,21.18,22.91,263218
2006-10-06,22.74,23.03,22.33,22.73,156688
2006-10-09,22.68,23.08,22.48,23.05,291252
2006-10-10,23.16,24.04,22.77,23.94,170675
2006-10-11,23.84,24.09,23.17,23.25,121042
2006-10-12,23.37,24.47,23.37,24.43,112488
2006-10-13,24.48,25.08,24.18,24.4,98721
2006-10-16,24.35,25.21,24.23,25.16,75534
2006-10-17,24.89,25.15,24.66,24.97,56474
2006-10-18,25.21,25.48,24.5,24.77,85756
2006-10-19,24.64,24.71,24.24,24.3,224982
2006-10-20,24.43,24.43,23.76,23.83,108587
2006-10-23,23.76,24.49,23.7,23.96,92851
2006-10-24,23.71,24.35,23.48,24.07,146059
2006-10-25,23.87,24.0,23.47,23.74,95234
2006-10-26,22.12,22.86,21.98,22.64,371192
2006-10-27,22.6,22.65,21.93,21.96,145059
2006-10-30,21.85,21.99,21.3,21.35,258905
2006-10-31,21.41,21.42,21.0,21.11,322823
2006-11-01,21.23,21.81,20.94,21.32,427248
2006-11-02,21.13,21.74,21.07,21.58,230012
2006-11-03,21.66,21.94,21.54,21.89,112504
2006-11-06,21.99,22.57,21.78,22.45,130310
2006-11-07,22.49,22.59,22.19,22.48,187053
2006-11-08,22.32,22.48,21.51,21.62,384451
2006-11-09,21.64,21.81,21.32,21.43,147904
2006-11-10,21.47,21.84,21.06,21.2,664523
2006-11-13,21.14,21.19,20.77,21.05,309975
2006-11-14,21.05,21.34,20.91,21.1,243878
2006-11-15,21.11,21.48,21.1,21.42,269031
2006-11-16,21.51,21.6,21.22,21.43,199921
2006-11-17,21.41,21.78,21.27,21.35,332400
2006-11-20,21.52,21.89,21.01,21.43,391476
2006-11-21,21.48,21.76,21.43,21.51,119111
2006-11-22,21.6,21.77,21.3,21.42,57701
2006-11-24,21.2,21.47,21.04,21.36,28259
2006-11-27,21.32,21.6,21.09,21.25,200472
2006-11-28,21.16,21.28,21.0,21.02,130748
2006-11-29,21.19,21.59,21.18,21.5,178064
2006-11-30,21.59,22.11,21.27,21.91,155198
2006-12-01,21.97,22.19,21.43,21.79,153115
2006-12-04,21.65,22.52,21.65,22.47,124848
2006-12-05,22.55,22.66,22.24,22.38,85570
2006-12-06,22.49,22.73,22.28,22.56,111309
2006-12-07,22.62,22.86,22.3,22.49,77560
2006-12-08,22.4,22.8,22.26,22.7,91425
2006-12-11,22.73,22.92,22.52,22.86,196584
2006-12-12,22.9,22.92,22.27,22.37,187626
2006-12-13,22.46,22.89,22.33,22.83,176898
2006-12-14,22.94,23.75,22.75,23.46,226378
2006-12-15,23.44,23.79,23.36,23.46,158067
2006-12-18,23.56,23.83,23.1,23.15,100265
2006-12-19,23.1,23.1,22.52,22.76,176125
2006-12-20,22.84,22.84,22.3,22.42,114223
2006-12-21,22.52,22.61,21.75,21.92,193287
2006-12-22,21.98,22.38,21.7,22.38,64801
2006-12-26,22.29,22.72,22.28,22.71,78508
2006-12-27,22.75,23.5,22.75,23.5,89883
2006-12-28,23.43,23.74,23.16,23.42,99432
2006-12-29,23.48,23.6,23.29,23.51,97152
2007-01-03,23.6,23.6,22.17,22.45,142359
2007-01-04,24.0,24.39,23.8,24.06,691332
2007-01-05,23.9,24.1,23.52,23.78,208747
2007-01-08,23.74,24.1,23.68,23.96,271207
2007-01-09,24.09,24.15,23.71,23.92,3592048
2007-01-10,23.9,24.19,23.81,24.02,269030
2007-01-11,24.05,24.39,24.05,24.24,235251
2007-01-12,24.17,24.59,24.12,24.49,145740
2007-01-16,24.55,24.55,24.2,24.45,144851
2007-01-17,24.43,24.63,24.21,24.41,90768
2007-01-18,24.37,24.7,24.28,24.4,308014
2007-01-19,24.35,24.96,24.2,24.83,80896
2007-01-22,24.77,24.77,24.22,24.36,203955
2007-01-23,22.18,24.66,22.18,24.53,478121
2007-01-24,24.43,24.66,23.85,24.54,214079
2007-01-25,24.6,24.6,23.62,23.85,201840
2007-01-26,23.85,24.78,23.85,24.7,154712
2007-01-29,24.6,24.6,23.83,23.92,130707
2007-01-30,23.74,24.92,23.74,24.92,155906
2007-01-31,24.83,25.23,24.32,24.53,120720
2007-02-01,24.72,25.07,24.46,25.0,115504
2007-02-02,25.16,25.16,24.24,25.02,157317
2007-02-05,25.14,25.14,24.25,24.33,149935
2007-02-06,24.48,25.07,24.48,24.87,153807
2007-02-07,24.99,25.59,24.49,25.04,136548
2007-02-08,24.38,25.22,23.36,23.49,487367
2007-02-09,23.42,23.6,22.8,22.84,369836
2007-02-12,22.84,23.11,22.68,22.84,242981
2007-02-13,22.96,23.75,22.91,23.62,144726
2007-02-14,23.59,23.74,23.0,23.2,123897
2007-02-15,23.32,23.9,23.16,23.71,129290
2007-02-16,23.71,23.71,23.09,23.57,65683
2007-02-20,23.56,23.83,23.14,23.74,84435
2007-02-21,23.68,24.57,23.37,24.21,216757
2007-02-22,24.27,24.69,23.28,24.01,237789
2007-02-23,23.91,24.41,23.82,24.14,173536
2007-02-26,24.3,24.36,23.9,24.16,109714
2007-02-27,24.04,24.04,22.65,22.65,226825
2007-02-28,22.66,23.7,22.24,23.25,486751
2007-03-01,22.84,23.16,22.39,22.8,197926
2007-03-02,22.77,22.97,21.75,21.75,143845
2007-03-05,21.72,21.88,21.04,21.07,224303
2007-03-06,21.25,21.8,20.85,21.51,276740
2007-03-07,21.45,21.7,21.09,21.48,197971
2007-03-08,21.7,22.33,21.48,22.06,210795
2007-03-09,22.2,22.35,21.61,21.92,161600
2007-03-12,21.96,22.51,21.42,21.66,108136
2007-03-13,21.53,21.93,20.93,21.01,185997
2007-03-14,21.05,21.44,20.95,21.26,173941
2007-03-15,21.28,21.74,21.25,21.73,107361
2007-03-16,21.72,21.94,21.25,21.41,207271
2007-03-19,21.59,21.9,21.46,21.66,88484
2007-03-20,21.57,22.53,21.4,22.48,158245
2007-03-21,22.54,22.91,21.92,22.88,202658
2007-03-22,22.97,22.97,22.42,22.54,124549
2007-03-23,22.63,22.81,22.51,22.71,86029
2007-03-26,22.67,23.1,22.51,22.6,91206
2007-03-27,22.5,22.61,22.27,22.49,149998
2007-03-28,22.38,22.55,22.03,22.06,237100
2007-03-29,22.29,22.81,22.13,22.78,126193
2007-03-30,22.84,22.89,22.39,22.62,127329
2007-04-02,22.73,22.9,22.5,22.73,74435
2007-04-03,22.78,23.15,22.7,23.08,176471
2007-04-04,23.14,23.14,22.89,23.0,76289
2007-04-05,22.95,23.03,22.57,22.57,89446
2007-04-09,22.56,23.06,22.52,22.55,229949
2007-04-10,22.52,22.82,22.52,22.57,67384
2007-04-11,22.67,22.67,21.95,22.08,148464
2007-04-12,21.94,22.65,21.81,22.65,96032
2007-04-13,22.59,22.73,22.27,22.65,72442
2007-04-16,22.74,23.21,22.7,23.16,76986
2007-04-17,22.16,22.79,21.19,21.31,224079
2007-04-18,21.24,21.37,20.98,21.08,153857
2007-04-19,21.11,21.4,20.75,21.17,147541
2007-04-20,21.17,21.61,21.12,21.5,141491
2007-04-23,21.49,21.85,21.34,21.54,100067
2007-04-24,21.5,21.87,21.08,21.82,118759
2007-04-25,22.02,22.25,21.33,21.66,148962
2007-04-26,22.2,23.75,21.87,22.81,222650
2007-04-27,22.7,23.28,22.68,23.1,177664
2007-04-30,23.22,23.49,22.2,22.3,242877
2007-05-01,22.36,22.85,22.22,22.74,197749
2007-05-02,22.71,23.32,22.51,23.07,104322
2007-05-03,23.01,23.41,22.83,23.36,108177
2007-05-04,23.5,23.57,23.28,23.45,112335
2007-05-07,23.44,23.57,23.29,23.39,88385
2007-05-08,23.23,23.71,22.94,23.63,124204
2007-05-09,23.43,23.96,23.11,23.79,96549
2007-05-10,23.59,23.59,22.59,22.65,115782
2007-05-11,22.71,23.46,22.65,23.17,174649
2007-05-14,23.15,23.27,22.75,22.8,113212
2007-05-15,22.73,23.01,22.36,22.41,131226
2007-05-16,22.45,22.56,21.88,22.21,73227
2007-05-17,22.1,22.2,21.68,21.96,104196
2007-05-18,22.06,22.08,21.65,21.99,57072
2007-05-21,21.92,22.75,21.75,22.17,182542
2007-05-22,22.11,22.24,21.88,22.09,156680
2007-05-23,22.17,22.39,21.63,21.71,124803
2007-05-24,21.65,21.84,20.94,21.14,118991
2007-05-25,21.23,21.65,21.23,21.46,77544
2007-05-29,21.5,21.67,21.32,21.48,100037
2007-05-30,21.32,21.99,21.18,21.91,129610
2007-05-31,21.93,22.13,21.41,21.54,106874
2007-06-01,21.62,22.58,21.6,22.33,264172
2007-06-04,22.23,22.37,21.9,22.32,81095
2007-06-05,22.18,22.35,21.25,21.61,170937
2007-06-06,21.48,21.51,21.03,21.22,99016
2007-06-07,21.15,21.33,20.6,21.01,144213
2007-06-08,21.0,21.43,20.88,21.24,112047
2007-06-11,21.09,21.45,20.86,21.07,111176
2007-06-12,20.92,21.06,20.72,20.81,189067
2007-06-13,20.92,21.07,20.69,20.91,252796
2007-06-14,20.91,21.66,20.89,21.02,172918
2007-06-15,21.31,21.62,20.86,21.48,407421
2007-06-18,21.49,22.1,21.31,21.77,190279
2007-06-19,21.63,21.82,21.43,21.64,98205
2007-06-20,21.68,21.96,21.06,21.1,117499
2007-06-21,20.93,21.22,20.75,21.05,76166
2007-06-22,21.26,21.98,21.09,21.31,275866
2007-06-25,21.31,22.3,21.06,21.23,369552
2007-06-26,21.31,21.76,21.1,21.29,139151
2007-06-27,21.24,22.0,21.05,21.93,178013
2007-06-28,21.93,22.45,21.87,22.18,172292
2007-06-29,22.3,22.95,22.06,22.15,236835
2007-07-02,22.35,22.74,22.21,22.51,144302
2007-07-03,22.51,22.53,22.15,22.38,48913
2007-07-05,22.49,22.64,22.15,22.43,90282
2007-07-06,22.38,22.62,22.18,22.23,60930
2007-07-09,22.23,22.49,21.61,21.85,152542
2007-07-10,21.67,21.99,21.51,21.58,115909
2007-07-11,21.65,21.92,21.61,21.74,55933
2007-07-12,21.97,22.36,21.72,22.35,93242
2007-07-13,22.33,22.5,21.91,22.41,51237
2007-07-16,22.26,22.33,21.56,21.89,85167
2007-07-17,21.93,22.2,21.78,22.01,78389
2007-07-18,21.93,21.93,21.29,21.68,122083
2007-07-19,21.86,21.86,21.19,21.36,79103
2007-07-20,21.31,21.44,20.66,20.81,126941
2007-07-23,20.9,21.73,20.9,21.37,88703
2007-07-24,21.18,21.34,20.6,20.69,192366
2007-07-25,20.73,21.0,20.42,20.86,208001
2007-07-26,20.26,20.37,18.11,19.03,457646
2007-07-27,19.01,20.91,18.29,19.41,483263
2007-07-30,19.33,20.21,18.64,19.8,358846
2007-07-31,20.07,20.33,18.92,19.31,256702
2007-08-01,19.21,19.37,18.87,19.23,376710
2007-08-02,19.3,20.2,19.1,20.13,249043
2007-08-03,20.16,20.16,18.7,18.84,237269
2007-08-06,18.97,19.27,18.09,19.2,361233
2007-08-07,19.12,19.26,18.42,18.95,254832
2007-08-08,19.12,21.73,18.73,21.05,649111
2007-08-09,20.46,23.44,20.09,22.15,646822
2007-08-10,21.62,22.28,18.39,19.28,451902
2007-08-13,19.67,21.19,19.01,19.01,183298
2007-08-14,19.16,19.38,18.02,18.06,158122
2007-08-15,18.08,18.59,17.85,18.16,392156
2007-08-16,17.94,19.69,17.63,19.53,363723
2007-08-17,20.97,20.97,19.73,20.23,257516
2007-08-20,20.36,20.85,19.91,20.71,176087
2007-08-21,20.65,20.73,20.1,20.45,98666
2007-08-22,20.7,20.75,20.1,20.65,149773
2007-08-23,20.75,20.75,19.64,19.75,148220
2007-08-24,19.82,20.59,19.58,20.38,233510
2007-08-27,20.39,20.47,19.62,19.77,148365
2007-08-28,19.63,19.74,19.08,19.19,96928
2007-08-29,19.34,19.96,19.06,19.84,126185
2007-08-30,19.65,20.0,19.54,19.7,80114
2007-08-31,20.07,20.82,19.65,19.98,87269
2007-09-04,19.94,20.65,19.28,20.06,114305
2007-09-05,19.97,20.14,19.54,19.77,113012
2007-09-06,19.87,20.02,19.14,19.22,115292
2007-09-07,19.0,19.0,18.43,18.48,131892
2007-09-10,18.66,18.79,18.3,18.66,232424
2007-09-11,18.8,19.32,18.66,19.22,182033
2007-09-12,19.15,19.15,18.59,18.74,87636
2007-09-13,18.9,19.4,18.56,18.95,124646
2007-09-14,18.69,19.07,18.6,18.78,134890
2007-09-17,18.69,18.72,18.45,18.51,209766
2007-09-18,18.65,20.13,18.51,20.02,173024
2007-09-19,20.2,20.66,19.54,19.58,293826
2007-09-20,19.52,19.75,19.21,19.49,144624
2007-09-21,19.54,19.65,18.77,18.86,267660
2007-09-24,18.82,19.48,18.43,18.54,136392
2007-09-25,18.39,18.53,17.7,18.25,259462
2007-09-26,18.45,18.88,18.28,18.64,190998
2007-09-27,18.79,18.79,18.24,18.65,145770
2007-09-28,18.6,18.75,18.25,18.5,147607
2007-10-01,18.47,19.59,18.43,19.3,187957
2007-10-02,19.27,19.67,19.24,19.5,184318
2007-10-03,19.35,19.55,19.17,19.19,171046
2007-10-04,19.29,19.29,18.18,18.28,235075
2007-10-05,18.51,19.66,18.3,19.19,212343
2007-10-08,19.11,19.38,18.82,18.83,215736
2007-10-09,18.87,19.08,18.56,18.96,212779
2007-10-10,18.88,19.23,18.6,18.84,118498
2007-10-11,18.97,20.01,18.92,18.99,208013
2007-10-12,18.99,19.91,18.99,19.48,161408
2007-10-15,19.43,19.57,18.59,18.72,179316
2007-10-16,18.59,18.75,18.03,18.04,162505
2007-10-17,18.28,18.4,17.7,17.97,154020
2007-10-18,17.86,18.21,17.7,17.95,164212
2007-10-19,17.92,17.92,16.86,16.86,196667
2007-10-22,16.67,17.5,16.16,17.41,183630
2007-10-23,17.67,17.8,17.06,17.76,106830
2007-10-24,17.59,17.8,16.91,17.62,133706
2007-10-25,17.62,17.8,16.66,16.69,156536
2007-10-26,16.95,17.91,16.51,17.86,201870
2007-10-29,17.92,17.92,17.06,17.54,269160
2007-10-30,17.43,17.68,17.04,17.34,140333
2007-10-31,17.33,18.12,17.33,18.02,162602
2007-11-01,16.31,16.61,15.65,16.1,450123
2007-11-02,16.33,16.49,15.81,16.4,319153
2007-11-05,15.79,16.07,15.54,15.54,401940
2007-11-06,15.63,16.4,14.84,15.2,213843
2007-11-07,14.75,15.34,14.23,14.29,275032
2007-11-08,14.59,14.94,13.94,14.8,308280
2007-11-09,14.55,15.11,13.99,14.94,182477
2007-11-12,15.02,15.46,14.63,14.74,205230
2007-11-13,14.94,15.6,14.69,15.04,135982
2007-11-14,15.2,15.38,14.87,15.04,156879
2007-11-15,15.03,15.28,14.27,14.58,114474
2007-11-16,14.62,14.72,14.0,14.25,151451
2007-11-19,14.14,14.14,13.45,13.63,87319
2007-11-20,13.6,14.07,13.07,13.57,175491
2007-11-21,13.52,13.8,13.21,13.33,79531
2007-11-23,13.49,13.98,13.34,13.79,43396
2007-11-26,13.78,13.83,13.05,13.07,79956
2007-11-27,13.22,13.6,13.01,13.41,90394
2007-11-28,13.59,14.32,13.37,14.32,143739
2007-11-29,14.34,14.5,13.87,13.98,106650
2007-11-30,14.23,14.48,13.88,13.98,179255
2007-12-03,14.06,14.2,13.55,14.1,153135
2007-12-04,13.91,13.91,13.48,13.51,89459
2007-12-05,13.78,13.91,13.51,13.84,142716
2007-12-06,13.79,15.46,13.7,15.42,182465
2007-12-07,15.4,15.4,14.26,14.62,247200
2007-12-10,14.62,15.38,14.62,15.12,126617
2007-12-11,15.23,16.2,14.85,14.85,228599
2007-12-12,15.37,15.48,14.9,15.37,106407
2007-12-13,15.18,15.41,14.44,15.06,148743
2007-12-14,14.8,15.28,14.75,14.89,138182
2007-12-17,14.77,14.86,14.57,14.57,267433
2007-12-18,14.79,14.99,14.45,14.96,347771
2007-12-19,14.94,15.04,14.69,14.88,150754
2007-12-20,15.0,15.0,14.41,14.56,207469
2007-12-21,14.8,15.59,14.48,15.59,474084
2007-12-24,15.64,15.89,15.14,15.79,63499
2007-12-26,15.59,15.85,15.32,15.63,181015
2007-12-27,15.6,15.95,14.98,15.05,181328
2007-12-28,15.34,15.54,14.63,15.27,128686
2007-12-31,15.14,15.53,15.14,15.42,132534
2008-01-02,15.34,15.53,14.79,14.9,292207
2008-01-03,14.9,15.17,14.81,14.94,181989
2008-01-04,14.77,14.82,13.57,13.6,170269
2008-01-07,13.81,13.82,13.18,13.23,288737
2008-01-08,13.27,13.93,12.58,12.63,316097
2008-01-09,12.58,12.75,11.95,12.41,277865
2008-01-10,12.18,12.63,12.12,12.42,216336
2008-01-11,12.34,12.36,11.87,12.05,177070
2008-01-14,12.23,12.29,11.94,12.14,194030
2008-01-15,11.95,11.96,11.37,11.5,221866
2008-01-16,11.44,11.58,11.11,11.48,306683
2008-01-17,11.54,11.54,10.27,10.3,199810
2008-01-18,10.28,10.71,10.0,10.38,190501
2008-01-22,9.95,10.62,9.59,10.23,190393
2008-01-23,10.24,11.36,10.02,11.3,245261
2008-01-24,11.45,11.68,11.05,11.61,243754
2008-01-25,11.67,12.22,11.61,12.0,259506
2008-01-28,11.81,12.13,11.45,12.01,250911
2008-01-29,12.08,12.51,11.61,12.48,172760
2008-01-30,12.35,12.86,12.06,12.37,180879
2008-01-31,12.09,13.25,12.09,13.2,239973
2008-02-01,13.28,15.4,13.1,15.36,424598
2008-02-04,15.29,15.3,13.56,13.56,363564
2008-02-05,13.62,13.62,12.62,12.8,227508
2008-02-06,13.01,13.41,12.68,12.73,167884
2008-02-07,12.68,13.26,12.56,12.97,202880
2008-02-08,12.94,13.57,12.3,12.55,219758
2008-02-11,12.56,12.93,12.3,12.66,169158
2008-02-12,11.94,12.59,11.56,11.66,410031
2008-02-13,10.8,11.2,10.65,11.11,542120
2008-02-14,11.24,11.25,10.75,10.97,257555
2008-02-15,10.86,10.91,10.6,10.61,191170
2008-02-19,11.8,12.24,11.3,11.68,473468
2008-02-20,11.91,12.51,11.51,11.87,522905
2008-02-21,11.97,12.05,11.11,11.12,239270
2008-02-22,11.16,11.33,10.89,10.92,217337
2008-02-25,10.94,11.3,10.87,11.17,336042
2008-02-26,11.08,11.87,10.97,11.48,324795
2008-02-27,11.25,12.27,11.15,12.12,257657
2008-02-28,12.0,12.11,11.6,11.81,180495
2008-02-29,11.62,11.76,10.92,10.93,216496
2008-03-03,10.92,11.34,10.72,10.93,256591
2008-03-04,10.95,11.43,10.72,11.23,299674
2008-03-05,11.31,11.45,11.16,11.21,136249
2008-03-06,11.12,11.28,11.01,11.06,173632
2008-03-07,10.93,11.22,10.88,10.9,172822
2008-03-10,10.96,11.27,10.74,10.74,258380
2008-03-11,11.07,11.43,10.9,11.14,250668
2008-03-12,11.16,11.63,11.07,11.1,177886
2008-03-13,10.89,11.78,10.86,11.74,321873
2008-03-14,11.85,12.17,11.17,11.38,280533
2008-03-17,10.97,11.65,10.88,11.25,200957
2008-03-18,11.54,12.05,11.17,11.67,296816
2008-03-19,11.75,11.97,10.91,10.91,212233
2008-03-20,11.1,11.77,10.83,11.61,512306
2008-03-24,11.7,11.73,11.36,11.54,459533
2008-03-25,11.51,11.62,11.24,11.46,199507
2008-03-26,11.37,12.0,11.37,11.85,331859
2008-03-27,11.89,11.89,11.39,11.48,202454
2008-03-28,11.47,11.5,11.12,11.31,135858
2008-03-31,11.31,11.96,11.31,11.73,304461
2008-04-01,11.78,11.94,11.44,11.78,265472
2008-04-02,11.86,11.86,11.36,11.76,223931
2008-04-03,11.6,11.72,11.33,11.36,226983
2008-04-04,11.39,11.48,11.21,11.24,120863
2008-04-07,11.33,11.51,11.28,11.39,377857
2008-04-08,11.29,11.67,11.19,11.6,319037
2008-04-09,11.67,11.84,11.32,11.35,213992
2008-04-10,11.31,11.58,11.15,11.29,146214
2008-04-11,11.18,11.27,10.75,10.83,171996
2008-04-14,10.76,11.06,10.66,10.95,209233
2008-04-15,11.0,11.14,10.89,11.12,123694
2008-04-16,11.25,11.32,11.13,11.23,269626
2008-04-17,11.16,11.36,11.03,11.23,133188
2008-04-18,11.46,11.46,10.91,11.08,219208
2008-04-21,11.05,11.06,10.77,10.93,227829
2008-04-22,10.87,10.94,10.48,10.61,315150
2008-04-23,10.61,10.82,10.49,10.58,144089
2008-04-24,10.69,11.0,10.35,11.0,184700
2008-04-25,11.15,11.15,10.77,11.03,188981
2008-04-28,11.07,11.07,10.81,10.99,297488
2008-04-29,11.01,11.01,10.77,10.77,79128
2008-04-30,10.82,10.87,10.4,10.45,151476
2008-05-01,10.43,10.86,10.35,10.81,344131
2008-05-02,10.9,10.96,10.7,10.81,261923
2008-05-05,10.88,10.99,10.7,10.88,280150
2008-05-06,10.84,11.3,10.81,10.98,246124
2008-05-07,10.9,11.29,10.9,11.05,203847
2008-05-08,13.0,14.66,13.0,14.12,1007488
2008-05-09,13.94,14.25,13.25,13.37,331267
2008-05-12,13.55,14.54,13.52,14.54,407086
2008-05-13,14.54,14.91,14.04,14.89,170061
2008-05-14,14.9,15.15,14.52,14.56,279414
2008-05-15,14.58,15.1,14.58,14.75,200650
2008-05-16,14.87,15.19,14.59,14.84,210244
2008-05-19,14.84,15.91,14.84,15.6,431157
2008-05-20,15.6,15.84,15.11,15.46,196892
2008-05-21,15.53,15.81,14.95,15.07,149259
2008-05-22,15.07,15.76,15.07,15.69,184995
2008-05-23,15.68,15.82,15.49,15.69,302000
2008-05-27,15.77,16.22,15.32,15.49,417844
2008-05-28,15.64,15.82,15.04,15.4,187277
2008-05-29,15.38,15.98,15.38,15.55,199974
2008-05-30,15.63,16.22,15.63,16.13,413057
2008-06-02,16.11,16.37,15.87,15.98,302273
2008-06-03,16.11,16.38,15.93,16.05,346147
2008-06-04,15.92,16.6,15.92,16.2,206767
2008-06-05,16.21,17.3,16.2,17.3,169444
2008-06-06,17.26,17.33,16.3,16.32,351003
2008-06-09,16.47,16.72,15.87,16.21,309513
2008-06-10,16.0,16.12,15.57,15.62,237102
2008-06-11,15.55,15.55,15.13,15.23,489626
2008-06-12,15.3,15.43,14.81,14.9,318955
2008-06-13,15.0,15.23,14.53,15.09,388680
2008-06-16,15.07,15.15,14.58,15.14,328893
2008-06-17,15.24,16.17,15.24,15.93,434984
2008-06-18,15.92,16.09,15.65,15.92,98840
2008-06-19,15.54,16.88,15.28,16.6,310754
2008-06-20,16.53,16.56,16.13,16.5,397526
2008-06-23,16.5,16.56,16.14,16.34,173869
2008-06-24,16.06,16.4,15.44,15.45,170721
2008-06-25,15.47,16.08,15.44,15.9,210738
2008-06-26,15.73,16.28,15.73,15.97,156893
2008-06-27,15.96,16.23,15.23,15.52,476159
2008-06-30,15.66,16.15,15.55,15.97,212884
2008-07-01,15.77,16.4,15.49,16.29,285685
2008-07-02,16.17,16.29,15.27,15.5,395281
2008-07-03,15.51,15.86,14.84,14.84,128229
2008-07-07,14.99,15.27,14.62,15.0,198864
2008-07-08,14.96,15.35,14.2,15.3,284805
2008-07-09,15.33,15.65,14.52,14.52,237762
2008-07-10,13.54,13.72,11.82,13.24,1129050
2008-07-11,13.01,13.61,12.75,13.27,482289
2008-07-14,13.37,13.37,12.84,13.22,317355
2008-07-15,13.1,13.43,12.56,12.87,201768
2008-07-16,12.95,14.06,12.95,14.03,239738
2008-07-17,14.1,14.19,13.51,14.14,226036
2008-07-18,14.12,14.12,12.11,12.46,612767
2008-07-21,13.78,15.95,12.98,15.61,1019330
2008-07-22,15.49,16.2,15.04,16.14,471383
2008-07-23,16.15,16.2,15.54,15.63,224813
2008-07-24,15.73,15.73,14.41,14.46,283158
2008-07-25,14.65,15.84,14.46,15.57,345680
2008-07-28,15.53,15.85,15.32,15.37,166212
2008-07-29,15.46,16.09,15.46,16.05,191225
2008-07-30,16.13,17.0,16.13,17.0,375317
2008-07-31,16.64,16.8,15.78,15.81,262130
2008-08-01,15.89,15.89,15.05,15.35,217800
2008-08-04,15.37,15.46,14.41,14.48,208620
2008-08-05,14.8,14.96,14.33,14.84,168928
2008-08-06,14.61,15.6,14.1,15.54,215961
2008-08-07,15.19,15.59,14.55,15.01,314033
2008-08-08,16.97,19.49,16.85,18.9,1874545
2008-08-11,19.3,21.32,19.17,20.71,794439
2008-08-12,20.59,21.5,20.34,20.73,560640
2008-08-13,20.68,22.19,20.47,21.05,464550
2008-08-14,20.81,21.67,20.81,21.47,498512
2008-08-15,21.68,22.04,20.58,20.81,560680
2008-08-18,21.2,21.36,20.45,20.65,617834
2008-08-19,20.7,21.44,20.48,20.9,627801
2008-08-20,20.9,21.45,20.7,21.23,339236
2008-08-21,21.04,22.29,21.04,21.79,469884
2008-08-22,21.96,22.4,21.73,22.2,434940
2008-08-25,22.16,22.23,21.05,21.41,594736
2008-08-26,21.62,22.49,21.23,21.54,657031
2008-08-27,21.59,22.46,21.04,22.01,774192
2008-08-28,22.31,22.95,22.08,22.75,638976
2008-08-29,22.76,22.86,21.38,21.51,806606
2008-09-02,22.26,22.26,21.24,21.82,904810
2008-09-03,21.83,22.14,21.41,21.82,1007589
2008-09-04,21.59,21.81,20.88,20.91,967468
2008-09-05,20.76,21.04,20.3,20.93,550148
2008-09-08,21.95,22.34,21.19,22.01,677221
2008-09-09,22.07,22.69,21.33,21.47,624655
2008-09-10,22.33,23.75,21.99,22.16,848008
2008-09-11,21.96,23.04,21.1,22.76,580352
2008-09-12,22.66,24.15,22.3,23.38,633043
2008-09-15,23.38,23.4,21.46,21.55,716610
2008-09-16,22.87,22.87,20.25,21.54,903650
2008-09-17,21.53,22.25,20.64,21.07,899438
2008-09-18,21.88,23.6,19.68,22.23,1111062
2008-09-19,22.99,24.63,22.49,23.13,1138364
2008-09-22,23.11,23.53,21.65,21.9,257002
2008-09-23,21.88,23.0,20.88,21.05,397768
2008-09-24,21.06,21.56,19.8,20.93,529079
2008-09-25,21.17,21.32,20.07,21.04,390503
2008-09-26,20.5,21.13,20.24,21.07,333084
2008-09-29,20.85,20.85,18.28,18.72,781799
2008-09-30,19.09,19.24,18.31,18.71,561897
2008-10-01,18.53,18.59,17.79,18.28,542798
2008-10-02,18.18,18.98,17.37,17.37,567730
2008-10-03,17.69,18.41,16.58,16.64,477557
2008-10-06,16.06,16.79,14.44,15.29,1268736
2008-10-07,15.52,16.16,13.99,14.05,578714
2008-10-08,13.83,15.72,13.34,14.34,673897
2008-10-09,14.34,14.63,12.63,12.75,790690
2008-10-10,11.96,13.75,11.36,13.04,983188
2008-10-13,13.82,14.47,13.05,14.38,658148
2008-10-14,14.72,14.72,12.56,13.89,676061
2008-10-15,13.68,13.71,12.24,12.37,526881
2008-10-16,12.37,13.79,12.18,13.75,678388
2008-10-17,13.25,15.56,12.9,13.46,712438
2008-10-20,13.74,14.62,13.47,14.61,356838
2008-10-21,14.36,14.5,13.85,13.97,426186
2008-10-22,13.55,13.73,12.02,12.59,427053
2008-10-23,12.01,13.14,11.66,12.11,479146
2008-10-24,11.05,12.21,10.8,11.22,572690
2008-10-27,11.0,11.64,10.05,10.08,497537
2008-10-28,10.42,11.41,10.17,11.23,699515
2008-10-29,11.23,12.52,11.18,11.91,696627
2008-10-30,12.45,12.97,12.0,12.76,426691
2008-10-31,12.71,13.82,12.02,13.25,358698
2008-11-03,12.5,14.05,12.5,13.9,367377
2008-11-04,14.39,14.7,13.44,13.78,398036
2008-11-05,13.51,14.05,13.18,13.38,331226
2008-11-06,12.83,13.62,12.75,13.36,743644
2008-11-07,13.61,14.04,13.03,13.78,369253
2008-11-10,14.2,14.5,13.45,13.64,403371
2008-11-11,13.49,14.11,12.88,13.25,320697
2008-11-12,12.92,13.51,12.22,12.23,364797
2008-11-13,12.32,13.75,11.38,13.6,305299
2008-11-14,13.22,13.34,12.06,12.21,191408
2008-11-17,12.07,12.62,11.67,11.93,188356
2008-11-18,11.96,12.26,11.05,11.77,220317
2008-11-19,11.77,11.86,10.16,10.21,241334
2008-11-20,10.08,10.35,9.0,9.05,405709
2008-11-21,9.27,9.84,8.4,9.74,306413
2008-11-24,9.94,10.95,9.35,10.56,486209
2008-11-25,10.77,11.24,10.5,11.2,262110
2008-11-26,10.83,12.96,10.83,12.79,327099
2008-11-28,12.57,12.92,12.24,12.9,272778
2008-12-01,12.43,12.9,10.44,10.47,435137
2008-12-02,10.8,11.72,10.5,11.26,693028
2008-12-03,10.89,12.65,10.58,12.49,485408
2008-12-04,12.26,13.45,11.91,12.25,617721
2008-12-05,12.11,12.46,11.01,12.4,603613
2008-12-08,12.79,14.14,12.45,13.46,471155
2008-12-09,13.45,14.6,13.09,13.88,562179
2008-12-10,14.11,14.97,13.87,14.63,288590
2008-12-11,14.47,15.16,13.97,14.3,293486
2008-12-12,13.94,15.0,13.44,14.52,367317
2008-12-15,14.62,14.88,14.1,14.62,317829
2008-12-16,14.86,16.0,14.61,15.93,326903
2008-12-17,12.99,12.99,11.24,12.33,1299015
2008-12-18,11.98,12.4,11.52,11.98,687711
2008-12-19,12.32,12.32,10.82,11.25,776609
2008-12-22,11.26,11.26,10.17,10.58,478102
2008-12-23,10.68,10.86,10.25,10.42,225604
2008-12-24,10.4,10.64,10.21,10.3,81147
2008-12-26,10.33,10.56,10.24,10.45,85388
2008-12-29,10.45,10.81,9.94,10.02,224608
2008-12-30,10.16,11.15,10.03,11.15,414969
2008-12-31,11.16,12.1,11.06,11.94,314435
2009-01-02,12.0,12.48,11.63,12.12,175054
2009-01-05,12.33,12.33,11.57,11.89,260405
2009-01-06,12.03,12.95,11.94,12.56,265444
2009-01-07,12.37,12.42,11.61,11.75,149160
2009-01-08,11.65,12.31,11.54,12.31,128487
2009-01-09,12.41,12.6,11.69,11.9,267195
2009-01-12,11.93,11.93,10.86,11.14,234445
2009-01-13,11.12,11.82,11.1,11.68,217127
2009-01-14,11.28,11.57,10.47,10.67,315918
2009-01-15,10.76,11.45,10.15,11.21,199615
2009-01-16,11.35,11.44,10.72,11.39,163868
2009-01-20,11.14,11.43,10.1,10.13,158304
2009-01-21,10.36,11.45,10.14,11.29,225229
2009-01-22,10.94,11.18,10.53,10.61,188832
2009-01-23,10.46,11.03,10.16,10.6,162808
2009-01-26,10.59,11.23,10.43,10.64,124110
2009-01-27,10.72,11.17,10.72,10.99,173949
2009-01-28,11.21,11.64,11.02,11.16,267183
2009-01-29,11.01,11.01,10.04,10.21,207954
2009-01-30,10.45,10.54,10.18,10.23,308507
2009-02-02,10.01,10.64,9.81,10.39,222498
2009-02-03,10.55,10.75,10.18,10.53,440990
2009-02-04,10.56,11.28,10.38,10.86,183955
2009-02-05,10.78,10.96,10.47,10.55,263793
2009-02-06,10.57,11.3,10.57,11.23,267861
2009-02-09,11.11,11.29,10.88,10.9,193686
2009-02-10,10.84,11.08,10.14,10.19,397605
2009-02-11,10.29,10.73,9.86,9.94,232167
2009-02-12,9.78,10.19,9.4,9.88,323001
2009-02-13,9.97,10.25,9.75,9.81,167572
2009-02-17,9.62,9.84,8.82,8.85,374507
2009-02-18,9.12,9.42,8.86,8.92,361547
2009-02-19,9.12,9.36,8.77,8.77,292604
2009-02-20,8.64,9.01,8.2,8.33,331240
2009-02-23,8.43,8.62,7.72,7.74,453432
2009-02-24,7.86,8.11,7.49,7.76,631449
2009-02-25,7.7,8.09,7.27,7.45,437729
2009-02-26,7.6,7.94,6.49,6.49,602232
2009-02-27,6.6,6.99,6.54,6.56,745841
2009-03-02,6.39,6.49,5.88,5.9,373996
2009-03-03,6.03,6.19,5.65,5.77,462406
2009-03-04,5.9,6.16,5.78,5.87,261161
2009-03-05,5.69,5.72,5.06,5.14,445082
2009-03-06,5.24,5.4,4.86,4.95,345561
2009-03-09,4.86,4.96,4.21,4.24,285222
2009-03-10,4.35,4.45,3.98,4.2,777531
2009-03-11,4.74,4.81,3.89,3.95,592651
2009-03-12,3.9,4.03,3.58,3.65,459083
2009-03-13,4.04,4.63,3.84,4.21,615411
2009-03-16,4.39,4.5,4.01,4.04,431469
2009-03-17,4.05,4.2,3.41,3.82,689975
2009-03-18,3.85,3.86,3.6,3.85,608327
2009-03-19,4.0,4.51,3.94,4.39,518044
2009-03-20,4.42,4.73,3.94,3.98,453384
2009-03-23,4.15,4.67,4.12,4.67,483326
2009-03-24,4.73,4.73,4.0,4.22,646529
2009-03-25,4.28,4.58,4.19,4.58,430147
2009-03-26,4.72,5.73,4.6,5.69,692915
2009-03-27,5.46,5.62,4.92,5.18,473820
2009-03-30,5.0,5.17,4.83,4.96,311373
2009-03-31,5.02,5.06,4.57,4.72,331385
2009-04-01,4.56,4.79,4.32,4.74,453362
2009-04-02,4.91,5.79,4.79,5.5,700972
2009-04-03,5.3,5.55,5.24,5.51,224741
2009-04-06,5.4,5.61,5.25,5.47,198659
2009-04-07,5.35,5.55,5.08,5.31,245463
2009-04-08,5.37,5.7,5.31,5.68,228348
2009-04-09,5.82,6.49,5.75,6.47,443749
2009-04-13,6.38,6.53,6.21,6.44,231576
2009-04-14,6.33,6.36,5.93,6.31,441316
2009-04-15,6.23,6.61,6.01,6.57,226154
2009-04-16,6.64,7.14,6.6,7.07,367087
2009-04-17,7.11,7.53,6.9,7.18,173152
2009-04-20,7.0,7.0,5.94,5.98,332853
2009-04-21,5.93,6.68,5.75,6.65,339964
2009-04-22,6.52,7.41,6.46,6.68,322228
2009-04-23,6.72,6.78,6.2,6.49,336075
2009-04-24,6.51,6.81,6.33,6.63,224883
2009-04-27,6.5,6.62,5.76,5.88,424691
2009-04-28,5.82,6.14,5.82,6.08,220247
2009-04-29,6.14,6.82,6.1,6.59,218212
2009-04-30,6.75,7.15,6.7,6.7,268800
2009-05-01,6.64,7.2,6.61,7.1,218179
2009-05-04,7.36,8.4,7.17,8.36,361760
2009-05-05,8.34,8.46,7.76,7.86,233866
2009-05-06,8.02,8.46,7.7,8.36,230927
2009-05-07,7.9,8.07,7.1,7.39,500054
2009-05-08,7.56,8.16,7.41,8.12,286544
2009-05-11,7.91,8.14,7.74,8.14,233835
2009-05-12,8.14,8.35,7.97,8.17,402912
2009-05-13,7.97,7.97,7.27,7.35,435934
2009-05-14,7.42,8.08,7.18,7.66,223910
2009-05-15,7.64,8.02,7.45,7.78,289310
2009-05-18,7.97,8.27,7.88,8.07,212596
2009-05-19,7.83,8.15,7.71,7.92,205747
2009-05-20,7.99,8.17,7.63,7.66,414871
2009-05-21,7.51,7.67,7.25,7.39,430256
2009-05-22,7.48,7.6,7.37,7.4,141332
2009-05-26,7.29,7.89,7.1,7.73,172005
2009-05-27,7.69,7.96,7.48,7.51,310863
2009-05-28,7.62,7.87,7.43,7.55,274777
2009-05-29,7.59,7.83,7.5,7.72,211222
2009-06-01,7.66,7.85,7.03,7.42,445914
2009-06-02,7.41,8.43,7.28,7.9,775488
2009-06-03,7.86,8.16,7.4,7.55,317482
2009-06-04,7.62,8.14,7.54,8.12,276853
2009-06-05,8.25,8.52,8.04,8.13,144201
2009-06-08,7.91,8.13,7.71,7.9,119787
2009-06-09,8.16,8.55,7.87,8.21,236770
2009-06-10,8.43,8.44,7.82,8.03,206992
2009-06-11,8.04,8.5,7.91,8.1,136915
2009-06-12,8.01,8.01,7.56,7.82,156272
2009-06-15,7.72,7.98,7.04,7.2,197310
2009-06-16,7.29,7.57,6.76,6.79,167562
2009-06-17,6.79,6.83,6.36,6.7,148914
2009-06-18,6.66,6.74,6.39,6.67,232613
2009-06-19,6.82,7.24,6.65,6.88,548823
2009-06-22,6.8,6.8,6.0,6.0,214908
2009-06-23,6.05,6.1,5.72,5.78,124912
2009-06-24,5.84,6.56,5.84,6.33,279628
2009-06-25,6.24,6.72,6.24,6.72,179894
2009-06-26,6.64,6.96,6.42,6.94,429465
2009-06-29,6.98,7.17,6.66,6.93,204769
2009-06-30,6.9,6.93,6.6,6.9,182997
2009-07-01,6.93,7.36,6.83,7.22,194037
2009-07-02,7.02,7.02,6.51,6.53,149158
2009-07-06,6.44,6.52,5.85,6.06,213983
2009-07-07,6.08,6.43,5.94,6.17,177766
2009-07-08,6.19,6.19,5.62,5.92,266829
2009-07-09,6.0,6.39,6.0,6.11,134296
2009-07-10,6.07,6.16,5.9,6.07,87115
2009-07-13,6.19,6.5,5.85,6.48,161299
2009-07-14,6.57,6.64,6.3,6.51,128103
2009-07-15,6.71,7.17,6.67,7.14,171604
2009-07-16,7.06,7.39,7.04,7.32,90898
2009-07-17,7.35,7.35,7.17,7.24,115728
2009-07-20,7.31,7.4,6.9,7.06,184375
2009-07-21,7.14,7.3,6.98,7.13,59211
2009-07-22,7.1,7.34,7.1,7.22,102666
2009-07-23,7.16,7.39,6.8,7.36,130109
2009-07-24,7.25,7.75,7.25,7.59,85408
2009-07-27,7.55,7.74,7.35,7.4,170378
2009-07-28,7.31,8.1,7.31,7.9,526057
2009-07-29,7.83,7.96,7.31,7.53,138120
2009-07-30,7.7,7.87,7.41,7.76,141369
2009-07-31,7.69,7.95,7.54,7.77,135961
2009-08-03,7.89,8.38,7.5,8.37,303897
2009-08-04,8.26,8.6,8.07,8.48,256308
2009-08-05,8.45,9.06,8.35,8.89,211335
2009-08-06,10.46,12.08,10.2,10.96,650065
2009-08-07,11.33,12.66,11.23,12.06,530203
2009-08-10,11.89,11.89,11.0,11.54,221434
2009-08-11,11.5,11.62,11.0,11.35,229081
2009-08-12,11.43,13.04,11.43,12.55,409234
2009-08-13,12.69,13.13,12.28,12.39,207370
2009-08-14,12.4,12.58,11.49,11.54,259347
2009-08-17,11.14,11.2,10.6,10.78,203205
2009-08-18,10.89,11.58,10.83,11.39,298613
2009-08-19,11.26,11.85,11.09,11.77,639488
2009-08-20,11.76,12.28,11.59,12.09,277366
2009-08-21,12.39,12.79,12.16,12.22,193498
2009-08-24,12.31,12.86,12.2,12.43,235998
2009-08-25,12.5,12.92,11.92,12.07,181937
2009-08-26,11.91,12.55,11.71,12.18,204444
2009-08-27,12.05,12.63,11.83,12.55,157599
2009-08-28,12.74,12.87,12.18,12.21,87804
2009-08-31,12.07,12.24,11.76,12.04,170932
2009-09-01,12.0,12.15,11.76,11.82,408697
2009-09-02,11.8,12.28,11.75,11.76,145245
2009-09-03,11.97,11.97,11.5,11.66,164615
2009-09-04,11.59,12.06,11.34,12.01,157843
2009-09-08,12.19,12.24,11.9,11.99,170620
2009-09-09,11.98,12.46,11.78,12.25,189773
2009-09-10,12.3,13.61,12.27,13.6,207379
2009-09-11,13.7,14.04,13.31,13.65,118319
2009-09-14,13.46,13.74,13.22,13.72,147197
2009-09-15,13.72,14.32,13.65,14.0,277701
2009-09-16,14.06,15.19,13.94,15.07,487173
2009-09-17,15.08,15.65,14.97,15.13,188314
2009-09-18,15.27,15.33,14.95,15.07,383233
2009-09-21,14.82,15.22,14.69,15.14,130069
2009-09-22,15.17,15.41,14.77,14.85,184537
2009-09-23,14.96,15.2,14.65,14.68,193092
2009-09-24,14.81,15.07,13.9,13.99,159440
2009-09-25,14.0,14.33,13.59,13.71,149376
2009-09-28,13.86,13.96,13.6,13.65,198741
2009-09-29,13.74,14.06,13.5,13.51,228406
2009-09-30,13.59,13.98,13.18,13.27,252349
2009-10-01,13.16,13.29,12.64,12.64,184707
2009-10-02,12.46,13.05,12.27,12.42,176931
2009-10-05,12.44,13.22,12.43,12.98,166623
2009-10-06,13.14,13.57,13.03,13.51,479222
2009-10-07,13.39,13.77,13.01,13.2,228997
2009-10-08,13.4,13.97,13.25,13.67,206562
2009-10-09,13.7,13.87,13.44,13.87,150820
2009-10-12,13.91,14.17,13.57,13.7,102510
2009-10-13,13.63,14.47,13.21,14.47,378291
2009-10-14,14.63,14.92,14.47,14.86,239574
2009-10-15,14.68,15.01,14.59,15.01,300437
2009-10-16,14.83,14.99,14.5,14.56,375071
2009-10-19,14.68,15.2,14.4,15.06,305931
2009-10-20,15.1,15.5,15.0,15.17,239841
2009-10-21,15.16,15.92,14.78,14.92,554392
2009-10-22,14.93,15.37,14.18,14.73,252973
2009-10-23,14.82,14.89,13.6,13.72,295901
2009-10-26,13.67,14.28,13.14,13.31,214662
2009-10-27,13.39,13.55,12.84,13.01,227299
2009-10-28,12.95,13.19,11.74,11.8,268429
2009-10-29,11.92,12.69,11.77,12.15,156627
2009-10-30,11.97,12.2,10.67,10.82,439220
2009-11-02,10.99,11.5,10.55,10.6,313195
2009-11-03,10.51,11.56,10.51,11.55,366264
2009-11-04,11.4,11.78,11.22,11.39,263756
2009-11-05,11.6,14.14,11.41,14.06,651163
2009-11-06,13.7,14.2,12.72,13.48,285133
2009-11-09,13.4,14.14,13.3,13.84,284150
2009-11-10,13.68,14.14,13.34,13.68,162000
2009-11-11,13.91,14.2,13.59,14.1,141569
2009-11-12,14.02,14.42,13.52,13.96,368965
2009-11-13,14.1,14.45,13.71,14.19,199232
2009-11-16,14.35,15.39,14.05,15.07,196340
2009-11-17,15.02,15.28,14.76,15.22,148043
2009-11-18,15.28,15.4,14.87,15.32,214717
2009-11-19,15.07,15.17,14.1,14.77,440559
2009-11-20,14.67,14.99,14.53,14.91,240970
2009-11-23,15.28,15.55,15.07,15.24,158495
2009-11-24,15.24,15.24,14.56,14.8,114781
2009-11-25,14.85,15.11,14.7,14.7,120571
2009-11-27,13.9,15.12,13.78,14.29,164480
2009-11-30,14.42,15.02,14.32,14.98,223330
2009-12-01,15.07,15.68,14.8,15.46,357501
2009-12-02,15.4,15.71,15.16,15.35,168469
2009-12-03,15.48,15.69,15.16,15.29,234063
2009-12-04,15.69,16.05,14.82,15.75,256695
2009-12-07,15.79,16.42,15.61,16.15,210697
2009-12-08,16.01,16.22,15.76,15.91,133271
2009-12-09,15.88,16.18,15.72,15.99,113273
2009-12-10,16.04,16.29,15.54,15.61,172337
2009-12-11,15.7,16.16,15.61,15.93,118582
2009-12-14,16.06,16.46,15.86,16.45,66127
2009-12-15,16.43,16.44,15.89,15.95,275678
2009-12-16,16.14,16.25,15.92,16.15,166921
2009-12-17,15.95,16.24,15.81,16.07,166086
2009-12-18,16.2,16.2,15.83,16.0,354781
2009-12-21,16.19,16.2,15.82,16.03,130842
2009-12-22,16.08,16.6,16.01,16.15,191096
2009-12-23,16.25,16.38,15.89,16.22,75602
2009-12-24,16.31,16.49,16.21,16.23,22621
2009-12-28,16.37,16.41,16.04,16.16,66510
2009-12-29,16.17,16.5,16.1,16.41,256238
2009-12-30,16.3,16.57,15.92,16.57,124811
2009-12-31,16.55,16.74,15.7,15.73,120470
2010-01-04,16.1,17.27,16.06,16.8,170246
2010-01-05,16.79,17.86,16.71,17.76,288428
2010-01-06,17.75,18.12,17.31,17.42,228179
2010-01-07,17.34,17.82,17.17,17.42,168512
2010-01-08,17.38,18.28,17.38,18.17,123485
2010-01-11,18.28,18.28,17.3,17.43,106065
2010-01-12,17.0,17.0,16.05,16.36,240599
2010-01-13,16.51,16.55,15.86,16.3,197236
2010-01-14,16.16,16.49,16.09,16.31,54645
2010-01-15,16.39,16.41,14.92,15.71,221155
2010-01-19,15.73,16.19,15.73,15.91,271069
2010-01-20,15.73,15.9,15.0,15.37,159179
2010-01-21,15.47,15.69,14.4,14.51,182268
2010-01-22,14.47,14.86,14.16,14.22,134070
2010-01-25,14.45,14.54,13.96,14.07,119313
2010-01-26,14.02,14.44,13.62,13.7,122659
2010-01-27,13.61,14.13,13.55,14.09,156659
2010-01-28,14.2,14.26,13.79,13.92,177631
2010-01-29,14.12,15.3,13.9,13.94,241832
2010-02-01,14.07,14.88,13.83,14.81,173310
2010-02-02,14.87,15.0,14.48,14.64,199629
2010-02-03,14.56,14.92,14.27,14.72,279342
2010-02-04,14.5,14.5,13.3,13.5,250050
2010-02-05,13.49,13.64,13.12,13.51,203497
2010-02-08,13.52,13.8,12.93,13.03,147503
2010-02-09,13.35,13.8,13.09,13.64,282395
2010-02-10,13.51,13.79,13.19,13.47,138338
2010-02-11,13.36,13.76,13.14,13.76,160182
2010-02-12,13.49,13.9,13.36,13.83,135258
2010-02-16,13.99,14.27,13.83,14.18,100920
2010-02-17,14.3,14.7,14.08,14.15,167839
2010-02-18,14.09,14.33,13.78,13.79,210543
2010-02-19,13.77,14.24,13.77,14.23,218034
2010-02-22,14.37,14.53,13.97,14.34,144313
2010-02-23,14.26,14.35,13.59,13.76,184787
2010-02-24,13.79,13.86,13.46,13.7,198715
2010-02-25,12.8,12.8,11.05,11.12,962723
2010-02-26,11.12,11.95,11.12,11.68,731107
2010-03-01,11.84,13.07,11.7,13.01,651638
2010-03-02,13.01,13.01,12.23,12.63,795651
2010-03-03,12.69,13.16,12.48,13.1,387185
2010-03-04,13.1,13.3,12.83,13.14,155834
2010-03-05,13.24,13.38,12.81,13.1,216827
2010-03-08,13.15,13.25,12.77,13.01,325653
2010-03-09,12.95,13.34,12.86,13.1,397036
2010-03-10,13.09,13.3,13.0,13.1,339172
2010-03-11,12.97,13.48,12.91,13.4,245700
2010-03-12,13.44,13.44,13.0,13.24,203213
2010-03-15,13.27,13.46,12.94,12.98,171186
2010-03-16,13.04,13.04,12.54,12.93,228045
2010-03-17,12.93,13.03,12.64,12.75,138277
2010-03-18,12.76,12.76,12.25,12.35,149423
2010-03-19,12.44,12.48,11.47,11.69,426942
2010-03-22,11.66,12.25,11.3,12.16,234080
2010-03-23,12.16,12.61,11.99,12.57,179287
2010-03-24,12.44,12.68,12.1,12.12,145613
2010-03-25,12.32,12.56,11.99,12.03,197324
2010-03-26,12.16,12.47,12.16,12.29,186793
2010-03-29,12.31,12.97,12.31,12.96,207233
2010-03-30,12.93,13.01,12.61,12.77,273774
2010-03-31,12.66,13.03,12.48,12.61,232645
2010-04-05,13.04,13.48,13.02,13.35,170682
2010-04-06,13.2,13.36,13.12,13.26,126859
2010-04-07,13.15,13.25,13.03,13.15,143942
2010-04-08,13.02,13.02,12.71,12.98,78774
2010-04-09,13.0,13.5,12.75,13.47,156117
2010-04-12,13.47,13.66,13.2,13.47,124668
2010-04-13,13.37,13.7,13.27,13.68,108456
2010-04-14,13.74,14.33,13.73,14.16,223199
2010-04-15,14.09,14.38,14.01,14.28,141195
2010-04-16,14.24,14.55,14.09,14.13,233393
2010-04-19,14.01,14.44,13.69,14.13,145359
2010-04-20,14.18,14.46,13.95,14.2,173583
2010-04-21,14.22,14.36,13.95,14.25,95942
2010-04-22,13.98,15.12,13.82,15.04,167167
2010-04-23,15.05,15.65,14.92,15.53,132275
2010-04-26,15.51,15.85,15.41,15.65,199487
2010-04-27,15.47,15.7,15.1,15.2,392939
2010-04-28,15.35,15.8,15.19,15.45,272172
2010-04-29,15.64,15.8,15.46,15.65,409288
2010-04-30,15.65,15.84,15.02,15.02,304395
2010-05-03,15.11,15.63,14.91,15.4,312087
2010-05-04,15.2,15.34,14.87,15.01,304940
2010-05-05,14.84,15.48,14.53,14.9,343905
2010-05-06,14.75,15.29,13.05,13.77,436069
2010-05-07,13.73,14.2,12.58,12.74,512542
2010-05-10,13.7,14.1,13.21,13.93,235513
2010-05-11,13.6,14.56,13.57,14.31,290346
2010-05-12,14.43,14.85,14.3,14.79,184427
2010-05-13,14.68,14.88,14.23,14.41,209334
2010-05-14,14.24,14.29,13.44,13.98,237601
2010-05-17,14.13,14.62,13.52,14.59,301223
2010-05-18,14.9,15.09,13.57,13.61,177873
2010-05-19,13.5,13.55,12.97,13.35,115873
2010-05-20,12.75,12.82,11.88,12.02,306207
2010-05-21,11.76,12.52,11.57,12.26,199282
2010-05-24,12.13,12.65,12.03,12.23,172422
2010-05-25,11.66,12.18,11.27,12.11,163631
2010-05-26,12.22,12.79,12.16,12.5,274641
2010-05-27,12.85,13.68,12.78,13.63,179914
2010-05-28,13.51,13.51,12.73,13.12,208115
2010-06-01,12.78,12.95,11.87,11.87,216382
2010-06-02,11.94,12.47,11.76,12.16,534576
2010-06-03,12.3,12.55,12.05,12.45,129853
2010-06-04,11.96,12.22,11.17,11.25,177365
2010-06-07,11.32,11.6,10.65,10.66,169432
2010-06-08,10.7,11.08,10.47,10.7,274605
2010-06-09,10.86,10.95,10.47,10.58,152268
2010-06-10,10.92,11.32,10.87,11.3,133613
2010-06-11,11.1,11.75,11.1,11.72,149494
2010-06-14,11.91,12.44,11.64,11.74,100190
2010-06-15,12.4,13.03,12.4,12.84,491683
2010-06-16,12.63,12.83,12.38,12.51,100440
2010-06-17,12.68,12.84,12.18,12.32,55437
2010-06-18,12.42,12.5,12.01,12.05,155304
2010-06-21,12.36,12.73,11.84,11.94,122315
2010-06-22,12.05,12.3,11.5,11.54,277886
2010-06-23,11.47,11.59,11.0,11.33,173241
2010-06-24,11.17,11.6,11.05,11.21,188365
2010-06-25,11.28,11.8,11.14,11.76,784001
2010-06-28,11.56,11.78,11.01,11.28,260523
2010-06-29,10.95,11.16,10.36,10.47,256138
2010-06-30,10.49,10.89,10.05,10.1,245721
2010-07-01,10.16,10.26,9.54,10.17,213183
2010-07-02,10.24,10.3,9.79,9.79,178704
2010-07-06,10.09,10.36,9.56,9.7,164388
2010-07-07,9.78,10.57,9.7,10.57,219905
2010-07-08,10.75,10.84,10.42,10.78,102227
2010-07-09,10.77,11.18,10.75,11.14,60711
2010-07-12,11.03,11.21,10.51,10.55,68291
2010-07-13,10.78,11.04,10.46,10.94,147425
2010-07-14,10.82,10.89,10.53,10.6,193802
2010-07-15,10.63,10.66,10.21,10.45,92646
2010-07-16,10.3,10.5,9.4,9.53,324261
2010-07-19,9.56,9.71,9.2,9.51,160975
2010-07-20,9.27,10.2,9.27,10.17,151282
2010-07-21,10.34,10.5,9.73,9.84,188725
2010-07-22,10.06,10.58,9.79,10.38,285836
2010-07-23,10.28,10.78,10.18,10.73,178828
2010-07-26,10.74,11.07,10.55,10.95,210321
2010-07-27,11.11,11.2,10.44,10.5,171361
2010-07-28,10.41,10.61,10.21,10.38,142371
2010-07-29,10.53,10.88,10.25,10.71,146616
2010-07-30,10.4,11.15,10.4,10.79,137279
2010-08-02,11.14,11.31,10.82,11.02,112911
2010-08-03,10.92,11.28,10.59,11.04,179071
2010-08-04,11.12,11.65,11.12,11.38,164019
2010-08-05,11.15,11.15,9.21,9.25,621207
2010-08-06,9.06,9.25,8.64,9.0,547782
2010-08-09,9.1,9.12,8.81,8.94,162533
2010-08-10,8.78,9.02,8.57,8.74,178006
2010-08-11,8.56,8.65,8.15,8.18,305951
2010-08-12,8.05,8.29,8.02,8.11,168495
2010-08-13,8.04,8.26,7.84,7.98,118383
2010-08-16,7.84,8.25,7.84,8.23,271106
2010-08-17,8.43,8.54,8.3,8.41,177931
2010-08-18,8.42,8.58,8.15,8.48,139883
2010-08-19,8.39,8.55,8.17,8.29,253380
2010-08-20,8.2,8.39,8.15,8.37,155715
2010-08-23,8.47,8.47,7.64,7.69,332441
2010-08-24,7.54,7.8,7.37,7.61,188481
2010-08-25,7.49,7.83,7.36,7.74,269381
2010-08-26,7.78,7.88,7.6,7.72,133196
2010-08-27,7.89,8.01,7.6,8.0,181210
2010-08-30,7.91,7.97,7.5,7.52,204249
2010-08-31,7.52,7.85,7.42,7.6,230415
2010-09-01,7.84,8.33,7.61,8.31,284923
2010-09-02,8.25,8.38,7.95,8.31,138804
2010-09-03,8.53,8.78,8.44,8.66,127249
2010-09-07,8.56,8.56,8.1,8.13,184775
2010-09-08,8.19,8.63,8.11,8.58,166442
2010-09-09,8.82,8.82,8.31,8.49,94705
2010-09-10,8.63,8.74,8.37,8.71,109616
2010-09-13,8.86,9.07,8.73,9.03,239616
2010-09-14,8.96,9.05,8.8,8.9,141654
2010-09-15,8.85,9.03,8.62,8.94,98199
2010-09-16,8.88,8.99,8.4,8.6,97310
2010-09-17,8.77,8.96,8.4,8.71,183348
2010-09-20,8.78,9.11,8.55,9.08,139934
2010-09-21,9.09,9.19,8.83,8.97,133944
2010-09-22,8.89,9.0,8.61,8.8,104339
2010-09-23,8.68,8.94,8.59,8.64,135855
2010-09-24,8.85,9.23,8.69,9.14,163987
2010-09-27,9.17,9.25,8.96,9.22,103032
2010-09-28,9.25,9.25,8.87,9.15,192596
2010-09-29,9.08,9.18,8.94,9.17,155637
2010-09-30,9.15,9.24,8.66,8.98,217170
2010-10-01,9.12,9.2,8.95,9.1,129754
2010-10-04,9.03,9.03,8.5,8.54,171792
2010-10-05,8.71,9.14,8.61,9.0,204324
2010-10-06,9.01,9.13,8.86,9.06,124877
2010-10-07,9.19,9.42,9.05,9.28,128190
2010-10-08,9.29,9.84,9.2,9.74,143236
2010-10-11,9.75,9.75,9.57,9.57,51245
2010-10-12,9.47,9.57,9.05,9.39,122823
2010-10-13,9.45,10.01,9.31,9.91,194770
2010-10-14,9.86,9.87,9.3,9.54,103030
2010-10-15,9.74,9.84,9.29,9.59,112342
2010-10-18,9.64,9.87,9.52,9.83,68082
2010-10-19,9.6,9.8,9.18,9.27,113519
2010-10-20,9.36,9.53,9.3,9.4,137149
2010-10-21,9.5,9.64,8.91,9.22,154277
2010-10-22,9.26,9.38,9.14,9.22,76357
2010-10-25,9.36,9.36,9.12,9.22,117286
2010-10-26,9.1,9.3,9.03,9.11,116154
2010-10-27,9.0,9.17,8.85,9.1,90811
2010-10-28,9.26,9.28,9.0,9.15,113792
2010-10-29,9.11,9.19,9.05,9.13,48239
2010-11-01,9.13,9.33,8.83,9.01,134645
2010-11-02,9.21,9.3,9.14,9.3,132703
2010-11-03,9.35,9.52,9.19,9.41,68518
2010-11-04,9.4,10.0,8.75,9.73,343463
2010-11-05,9.73,9.86,9.43,9.68,192927
2010-11-08,9.61,9.85,9.53,9.8,108490
2010-11-09,9.85,9.85,9.28,9.35,85281
2010-11-10,9.4,9.76,9.31,9.73,257654
2010-11-11,9.57,9.62,9.5,9.52,99653
2010-11-12,9.41,9.58,9.39,9.4,299027
2010-11-15,9.7,9.72,9.47,9.5,105489
2010-11-16,9.4,9.52,9.38,9.45,307597
2010-11-17,9.47,9.62,9.47,9.5,88100
2010-11-18,9.71,10.1,9.7,10.1,131549
2010-11-19,10.1,10.24,9.92,10.17,151124
2010-11-22,10.1,10.14,9.71,10.08,113618
2010-11-23,9.84,10.17,9.74,10.11,153540
2010-11-24,10.24,10.59,10.18,10.55,129810
2010-11-26,10.43,10.58,10.26,10.54,29439
2010-11-29,10.41,10.57,10.18,10.41,128593
2010-11-30,10.2,10.35,10.01,10.19,183808
2010-12-01,10.51,10.65,10.16,10.49,123904
2010-12-02,10.53,10.84,10.45,10.79,56750
2010-12-03,10.69,10.97,10.66,10.81,111690
2010-12-06,10.74,10.99,10.54,10.87,141519
2010-12-07,11.08,11.14,10.73,10.73,167361
2010-12-08,10.82,10.98,10.71,10.79,151860
2010-12-09,10.9,11.04,10.79,10.97,212046
2010-12-10,11.03,11.69,10.97,11.62,141303
2010-12-13,11.74,11.79,11.55,11.73,159416
2010-12-14,11.82,12.17,11.69,12.15,130059
2010-12-15,12.16,12.61,12.15,12.36,215008
2010-12-16,12.37,13.26,12.37,13.24,293645
2010-12-17,13.22,13.52,12.82,13.5,311736
2010-12-20,13.31,13.67,12.88,13.46,217423
2010-12-21,13.52,14.0,13.29,13.84,110970
2010-12-22,13.92,14.5,13.64,14.47,169271
2010-12-23,14.5,14.5,14.03,14.22,59618
2010-12-27,14.1,14.57,13.97,14.47,46580
2010-12-28,14.54,14.65,14.13,14.28,79232
2010-12-29,14.36,14.49,14.29,14.3,25007
2010-12-30,14.32,14.45,14.12,14.12,65800
2010-12-31,14.03,14.23,13.53,13.57,132203
2011-01-03,13.8,14.48,13.68,13.95,186182
2011-01-04,14.07,14.16,12.93,13.15,141678
2011-01-05,13.13,13.41,12.78,13.38,152835
2011-01-06,13.35,13.35,12.15,12.43,211185
2011-01-07,12.43,12.62,12.1,12.51,207869
2011-01-10,12.38,12.61,11.89,11.9,230025
2011-01-11,12.02,12.19,11.91,12.18,117210
2011-01-12,12.35,12.43,12.13,12.39,123456
2011-01-13,12.34,12.67,11.98,12.47,123165
2011-01-14,12.44,12.73,12.24,12.68,100141
2011-01-18,12.58,12.9,12.2,12.44,116578
2011-01-19,12.4,12.49,11.41,11.46,191709
2011-01-20,11.27,12.09,11.26,11.8,167534
2011-01-21,11.9,12.06,11.11,11.2,131747
2011-01-24,11.22,11.42,11.04,11.37,88893
2011-01-25,11.23,11.59,11.13,11.57,105997
2011-01-26,11.66,12.22,11.57,11.98,177918
2011-01-27,11.99,12.1,11.71,11.9,120190
2011-01-28,11.84,12.01,11.02,11.07,159141
2011-01-31,11.15,11.27,10.93,11.03,149151
2011-02-01,11.14,11.48,11.07,11.11,169881
2011-02-02,11.03,11.11,10.67,10.68,99689
2011-02-03,10.69,10.83,10.33,10.46,156058
2011-02-04,10.47,10.72,10.35,10.61,157122
2011-02-07,10.6,10.98,10.6,10.93,90864
2011-02-08,10.96,11.19,10.78,11.19,135439
2011-02-09,11.1,11.15,10.95,11.12,102724
2011-02-10,11.05,11.18,10.9,11.02,120185
2011-02-11,10.98,11.19,10.93,11.17,87013
2011-02-14,11.14,11.41,11.11,11.28,101947
2011-02-15,11.17,11.39,11.12,11.15,124272
2011-02-16,11.27,11.32,11.06,11.19,52659
2011-02-17,11.2,11.47,11.08,11.37,100430
2011-02-18,11.47,12.04,11.42,12.0,285048
2011-02-22,11.8,12.01,11.1,11.11,165693
2011-02-23,11.12,11.13,10.58,10.58,127649
2011-02-24,10.59,10.68,10.2,10.47,100922
2011-02-25,10.49,10.79,10.29,10.79,134282
2011-02-28,10.9,11.26,10.65,10.83,144448
2011-03-01,10.86,10.96,10.13,10.2,81430
2011-03-02,10.17,11.05,10.17,10.95,142183
2011-03-03,11.12,11.32,10.86,11.0,141476
2011-03-04,10.98,11.15,10.6,10.74,78073
2011-03-07,10.84,11.12,10.17,10.44,146088
2011-03-08,10.46,11.32,10.38,11.25,87968
2011-03-09,11.25,11.49,10.92,11.0,96271
2011-03-10,10.75,10.8,10.38,10.62,103603
2011-03-11,10.64,11.33,10.64,10.99,129575
2011-03-14,10.84,11.08,10.73,10.92,83467
2011-03-15,10.5,10.7,10.44,10.52,109117
2011-03-16,10.53,10.75,10.36,10.36,148328
2011-03-17,10.71,10.71,10.28,10.28,117240
2011-03-18,10.51,10.75,10.32,10.67,163568
2011-03-21,10.88,10.94,10.68,10.87,58791
2011-03-22,10.9,11.29,10.88,11.25,89020
2011-03-23,11.25,11.65,11.18,11.36,111578
2011-03-24,11.45,11.48,11.12,11.27,56183
2011-03-25,11.39,11.59,11.17,11.17,91760
2011-03-28,11.22,11.5,11.07,11.15,72735
2011-03-29,11.11,11.46,11.08,11.44,55195
2011-03-30,11.55,11.55,11.32,11.39,78138
2011-03-31,11.4,11.96,11.33,11.93,157689
2011-04-01,12.1,12.38,11.88,12.15,101300
2011-04-04,12.24,12.56,12.02,12.51,163287
2011-04-05,12.43,13.29,12.23,12.66,159019
2011-04-06,12.77,13.03,12.63,12.68,100392
2011-04-07,12.68,12.89,12.5,12.59,67654
2011-04-08,12.76,12.81,11.97,12.05,73554
2011-04-11,12.05,12.35,12.01,12.07,80849
2011-04-12,11.94,11.94,11.42,11.48,84665
2011-04-13,11.66,11.66,11.08,11.37,94237
2011-04-14,11.2,11.55,11.2,11.43,90519
2011-04-15,11.38,11.75,11.22,11.73,93494
2011-04-18,11.43,11.51,11.2,11.29,78870
2011-04-19,11.38,11.65,11.25,11.36,52436
2011-04-20,11.7,11.77,11.46,11.73,72241
2011-04-21,11.88,11.9,11.66,11.88,58607
2011-04-25,11.81,12.16,11.81,12.08,79797
2011-04-26,12.08,12.67,11.96,12.45,85672
2011-04-27,12.41,12.5,12.19,12.24,100111
2011-04-28,12.23,12.23,11.7,11.85,106042
2011-04-29,11.91,12.05,11.58,11.68,82939
2011-05-02,11.72,11.72,11.37,11.43,97232
2011-05-03,11.39,11.7,11.25,11.31,108767
2011-05-04,11.27,11.39,10.92,10.93,122168
2011-05-05,12.05,13.49,11.34,13.24,421784
2011-05-06,13.53,13.89,12.45,13.63,358991
2011-05-09,13.56,13.57,12.83,13.48,217290
2011-05-10,13.51,14.12,13.5,14.01,255738
2011-05-11,14.0,14.0,13.34,13.41,124966
2011-05-12,13.31,14.02,13.11,13.8,114265
2011-05-13,13.8,14.02,13.2,13.27,72042
2011-05-16,13.19,13.78,13.19,13.32,131911
2011-05-17,13.2,13.38,12.94,12.95,148057
2011-05-18,13.06,13.13,12.83,12.87,185513
2011-05-19,12.99,13.14,12.67,12.77,150476
2011-05-20,12.73,12.82,12.47,12.52,104896
2011-05-23,12.13,12.28,11.91,12.14,142508
2011-05-24,12.23,12.33,11.89,12.15,130288
2011-05-25,12.08,12.61,12.01,12.58,64576
2011-05-26,12.54,12.92,12.44,12.88,88321
2011-05-27,12.97,13.03,12.8,13.02,67323
2011-05-31,13.29,13.7,12.9,13.06,219062
2011-06-01,12.96,13.1,12.4,12.78,442424
2011-06-02,12.75,13.14,12.37,12.73,165235
2011-06-03,12.37,12.56,11.85,11.89,154565
2011-06-06,11.9,12.24,11.85,11.85,122566
2011-06-07,12.0,12.2,11.75,11.76,65928
2011-06-08,11.65,11.69,11.26,11.34,72441
2011-06-09,11.42,11.63,11.21,11.35,101778
2011-06-10,11.24,11.25,10.78,10.96,100692
2011-06-13,11.05,11.05,10.66,10.8,127690
2011-06-14,11.0,11.63,11.0,11.35,105718
2011-06-15,11.12,11.16,10.62,10.78,79736
2011-06-16,10.79,11.32,10.79,11.18,132125
2011-06-17,11.25,11.49,11.03,11.22,185196
2011-06-20,11.14,11.43,11.11,11.24,92492
2011-06-21,11.41,11.44,11.15,11.31,185246
2011-06-22,11.18,11.26,10.93,10.95,111194
2011-06-23,10.7,10.97,10.51,10.93,125677
2011-06-24,10.99,11.09,10.76,10.84,282279
2011-06-27,10.89,10.98,10.71,10.8,165028
2011-06-28,10.88,10.91,10.74,10.82,150719
2011-06-29,10.88,10.94,10.7,10.79,192011
2011-06-30,10.86,11.38,10.74,11.32,112139
2011-07-01,11.33,11.63,11.16,11.45,104505
2011-07-05,11.4,11.54,11.31,11.45,133867
2011-07-06,11.4,11.5,11.23,11.4,217716
2011-07-07,11.59,11.66,11.42,11.5,262099
2011-07-08,11.24,11.5,11.19,11.46,73720
2011-07-11,11.24,11.36,10.92,10.97,114128
2011-07-12,10.9,11.1,10.84,10.96,122333
2011-07-13,11.06,11.13,9.89,10.44,660181
2011-07-14,10.46,10.73,10.36,10.46,200471
2011-07-15,10.51,11.08,10.51,11.07,167426
2011-07-18,11.01,11.06,10.6,10.84,83221
2011-07-19,11.01,11.03,10.89,10.95,164104
2011-07-20,10.95,11.27,10.78,11.26,66403
2011-07-21,11.36,11.36,11.12,11.18,283519
2011-07-22,11.14,11.22,10.81,10.84,54277
2011-07-25,10.69,10.92,10.28,10.75,44844
2011-07-26,10.74,10.74,10.41,10.47,93331
2011-07-27,10.35,10.43,10.0,10.07,133519
2011-07-28,10.06,10.42,10.03,10.2,86778
2011-07-29,10.02,10.48,10.0,10.28,131614
2011-08-01,10.5,10.5,10.09,10.27,162584
2011-08-02,10.18,10.11,9.55,9.91,238089
2011-08-03,9.91,10.21,9.55,10.16,160896
2011-08-04,10.02,10.03,9.3,9.36,411494
2011-08-05,9.47,9.47,8.64,8.8,295491
2011-08-08,8.45,9.16,7.75,7.92,352451
2011-08-09,8.21,8.83,7.67,8.8,290729
2011-08-10,8.48,10.35,7.66,7.67,216272
2011-08-11,7.74,8.97,7.74,8.85,351124
2011-08-12,8.96,9.65,8.05,8.15,206574
2011-08-15,8.23,8.43,8.02,8.4,155425
2011-08-16,8.26,8.52,8.03,8.07,197743
2011-08-17,8.11,8.37,7.95,8.06,129523
2011-08-18,7.71,7.85,7.4,7.65,246275
2011-08-19,7.45,8.0,7.45,7.53,151814
2011-08-22,7.8,7.88,7.38,7.42,113363
2011-08-23,7.45,8.1,7.35,8.1,146585
2011-08-24,8.11,8.41,7.79,8.18,102344
2011-08-25,8.32,8.32,7.83,8.0,84563
2011-08-26,7.88,8.5,7.76,8.46,96921
2011-08-29,8.6,8.86,8.39,8.85,172370
2011-08-30,8.76,8.97,8.14,8.81,391142
2011-08-31,8.87,9.18,8.62,8.88,259581
2011-09-01,8.85,9.1,8.3,8.52,142695
2011-09-02,8.22,8.49,8.13,8.19,167026
2011-09-06,7.82,8.51,7.82,8.44,215308
2011-09-07,8.67,9.3,8.61,9.26,178703
2011-09-08,9.19,9.35,8.87,8.87,247532
2011-09-09,8.73,8.98,8.47,8.63,170760
2011-09-12,8.47,9.06,8.28,9.06,144176
2011-09-13,9.08,9.47,9.05,9.38,152441
2011-09-14,9.54,9.94,9.2,9.74,118757
2011-09-15,9.85,9.92,9.15,9.91,115695
2011-09-16,9.99,9.99,9.43,9.52,174407
2011-09-19,9.22,9.52,9.16,9.41,194106
2011-09-20,9.46,9.66,8.99,9.0,163661
2011-09-21,9.01,9.29,8.37,8.37,124505
2011-09-22,7.96,8.43,7.87,8.05,229752
2011-09-23,8.06,8.54,8.05,8.39,95926
2011-09-26,8.38,8.64,8.11,8.63,208613
2011-09-27,8.92,9.28,8.22,8.74,146020
2011-09-28,8.75,8.85,8.21,8.22,192930
2011-09-29,8.55,8.63,8.14,8.57,130987
2011-09-30,8.31,8.61,8.09,8.12,179360
2011-10-03,8.01,8.57,7.74,7.75,227977
2011-10-04,7.68,8.87,7.4,8.78,276585
2011-10-05,8.77,9.03,8.44,8.96,183126
2011-10-06,8.97,9.45,8.97,9.43,208539
2011-10-07,9.43,9.51,8.7,8.78,182815
2011-10-10,9.03,9.39,8.9,9.38,133002
2011-10-11,9.24,9.59,9.14,9.41,149485
2011-10-12,9.55,9.99,9.45,9.85,131841
2011-10-13,9.67,9.91,9.5,9.81,66864
2011-10-14,9.98,10.3,9.75,10.29,91775
2011-10-17,10.13,10.19,9.45,9.53,93329
2011-10-18,9.59,10.46,9.43,10.39,139017
2011-10-19,10.34,10.34,9.9,10.01,109153
2011-10-20,10.05,10.05,9.29,9.88,108181
2011-10-21,10.01,10.13,9.74,10.05,117617
2011-10-24,10.09,10.58,10.02,10.32,153250
2011-10-25,10.19,10.55,9.79,9.87,86648
2011-10-26,10.15,10.4,9.72,10.38,101373
2011-10-27,10.85,11.83,10.52,11.58,220060
2011-10-28,11.51,11.79,11.36,11.57,141101
2011-10-31,11.23,11.64,11.08,11.16,93568
2011-11-01,10.47,11.12,10.38,10.44,164904
2011-11-02,10.76,11.4,10.63,11.37,111937
2011-11-03,12.16,12.63,11.58,12.5,274399
2011-11-04,12.25,12.6,12.24,12.52,133157
2011-11-07,12.51,12.74,12.08,12.68,66770
2011-11-08,12.77,13.05,12.43,12.74,196285
2011-11-09,12.23,12.97,12.1,12.15,155422
2011-11-10,12.49,12.77,12.06,12.56,114518
2011-11-11,12.8,13.29,12.8,12.97,116618
2011-11-14,12.86,12.98,12.2,12.35,115075
2011-11-15,12.26,13.16,12.26,13.05,149234
2011-11-16,12.81,13.53,12.77,12.99,86139
2011-11-17,12.98,13.25,12.78,12.85,80159
2011-11-18,12.92,13.4,12.77,13.14,121493
2011-11-21,12.75,12.92,12.45,12.49,145126
2011-11-22,12.51,12.73,12.15,12.2,108237
2011-11-23,12.02,12.31,11.39,11.39,80228
2011-11-25,11.32,11.65,11.15,11.27,56792
2011-11-28,11.85,12.33,11.82,12.22,228010
2011-11-29,12.19,12.79,12.18,12.74,297502
2011-11-30,13.51,13.88,13.26,13.55,353010
2011-12-01,13.52,13.7,13.25,13.29,168358
2011-12-02,13.4,14.25,13.21,14.02,199823
2011-12-05,14.43,14.58,13.65,13.76,211394
2011-12-06,13.79,14.32,13.73,13.98,176118
2011-12-07,13.84,14.45,13.46,14.4,117479
2011-12-08,14.18,14.18,13.52,13.57,109172
2011-12-09,13.72,14.61,13.52,14.49,119100
2011-12-12,14.15,14.35,13.84,14.31,122696
2011-12-13,14.54,14.69,13.54,13.7,119397
2011-12-14,13.5,13.96,13.22,13.87,181540
2011-12-15,14.16,14.25,13.77,13.82,142809
2011-12-16,13.99,14.24,13.46,13.72,323310
2011-12-19,13.9,14.09,13.12,13.22,135243
2011-12-20,13.69,14.04,13.44,13.75,217099
2011-12-21,13.68,14.06,13.52,13.99,121857
2011-12-22,14.0,14.31,13.93,14.25,113841
2011-12-23,14.3,14.39,13.99,14.2,63543
2011-12-27,14.09,14.76,14.07,14.45,111689
2011-12-28,14.45,14.45,13.96,14.07,70532
2011-12-29,14.18,14.35,14.02,14.28,112194
2011-12-30,14.26,14.52,13.96,13.96,95383
2012-01-03,14.47,14.72,14.29,14.36,101200
2012-01-04,14.21,14.53,14.09,14.2,113698
2012-01-05,14.05,14.58,13.68,14.49,87549
2012-01-06,14.49,14.57,14.19,14.43,11049
2012-01-09,14.47,14.75,14.23,14.61,108752
2012-01-10,14.83,15.14,14.82,15.0,127575
2012-01-11,14.95,15.49,14.86,15.19,103779
2012-01-12,15.21,15.64,15.14,15.55,86869
2012-01-13,15.27,15.49,14.68,14.91,111895
2012-01-17,15.05,15.93,14.75,14.88,133272
2012-01-18,14.89,15.5,14.89,15.45,65718
2012-01-19,15.59,15.59,15.24,15.36,74148
2012-01-20,15.4,15.73,15.22,15.36,87786
2012-01-23,15.39,15.59,15.06,15.36,53079
2012-01-24,15.27,15.83,15.09,15.8,85720
2012-01-25,15.75,16.06,15.42,15.84,83268
2012-01-26,15.95,16.1,15.57,15.72,63875
2012-01-27,15.66,15.71,15.48,15.7,70205
2012-01-30,15.56,15.72,15.38,15.41,78595
2012-01-31,15.51,15.74,15.26,15.67,91724
2012-02-01,15.8,16.26,15.72,16.09,146031
2012-02-02,16.08,16.87,15.94,16.79,172417
2012-02-03,17.24,17.42,16.9,17.26,273870
2012-02-06,17.19,17.44,16.67,16.89,83798
2012-02-07,16.87,16.96,16.38,16.39,68978
2012-02-08,16.47,16.71,16.33,16.53,124870
2012-02-09,16.56,16.56,16.0,16.43,75724
2012-02-10,16.1,16.26,15.6,15.73,100345
2012-02-13,15.96,16.3,15.66,16.21,68307
2012-02-14,16.02,16.03,15.49,15.78,90814
2012-02-15,15.85,15.85,15.24,15.41,98648
2012-02-16,15.42,15.98,15.31,15.71,102669
2012-02-17,15.8,15.85,15.59,15.81,90210
2012-02-21,15.81,16.2,15.53,15.68,56124
2012-02-22,15.66,15.76,15.22,15.22,86869
2012-02-23,15.28,16.08,15.22,16.0,108603
2012-02-24,15.06,16.5,14.62,14.95,195782
2012-02-27,14.74,14.74,13.98,14.35,231700
2012-02-28,14.36,14.41,13.73,13.99,226705
2012-02-29,14.05,14.25,13.61,13.82,158032
2012-03-01,13.94,14.37,13.89,13.91,112622
2012-03-02,13.86,14.15,13.42,13.59,151054
2012-03-05,13.55,14.26,13.3,13.55,81196
2012-03-06,13.28,13.5,13.08,13.29,135924
2012-03-07,13.39,13.76,13.21,13.7,107922
2012-03-08,14.17,14.57,13.93,14.3,204989
2012-03-09,14.3,14.88,14.2,14.47,90422
2012-03-12,14.48,14.49,14.16,14.21,78207
2012-03-13,14.42,14.99,14.11,14.94,95910
2012-03-14,14.9,15.09,14.78,14.9,108520
2012-03-15,14.95,15.31,14.68,15.27,114529
2012-03-16,15.34,15.34,15.09,15.16,242425
2012-03-19,15.13,16.17,15.09,15.85,108194
2012-03-20,15.63,15.63,15.2,15.24,69650
2012-03-21,15.31,15.44,15.11,15.21,56034
2012-03-22,15.07,15.07,14.55,14.67,102542
2012-03-23,14.64,15.09,14.44,15.02,62198
2012-03-26,15.31,15.69,15.23,15.68,90706
2012-03-27,15.7,15.86,15.44,15.45,74819
2012-03-28,15.48,15.52,15.04,15.44,100030
2012-03-29,15.22,15.65,15.17,15.61,98771
2012-03-30,15.79,15.79,15.15,15.15,81142
2012-04-02,15.06,15.69,15.05,15.67,83125
2012-04-03,15.67,15.75,15.07,15.2,90550
2012-04-04,14.91,14.92,14.51,14.74,55487
2012-04-05,14.69,14.91,14.54,14.63,53883
2012-04-09,14.2,14.27,13.94,14.0,133003
2012-04-10,13.96,13.98,13.34,13.46,91771
2012-04-11,13.67,13.95,13.52,13.95,133555
2012-04-12,13.91,14.29,13.91,14.18,104773
2012-04-13,14.04,14.04,13.67,13.74,72642
2012-04-16,13.86,14.08,13.56,13.87,58213
2012-04-17,14.07,14.37,13.96,13.99,69648
2012-04-18,13.9,13.91,13.58,13.67,58345
2012-04-19,13.72,13.84,13.19,13.31,60614
2012-04-20,13.7,13.7,13.24,13.41,87242
2012-04-23,13.06,13.14,12.61,12.91,127298
2012-04-24,12.89,13.22,12.89,13.12,83002
2012-04-25,13.42,13.57,13.13,13.17,73205
2012-04-26,13.11,13.32,13.02,13.25,68681
2012-04-27,13.35,13.94,12.89,13.89,88214
2012-04-30,13.85,13.85,13.44,13.52,81558
2012-05-01,13.51,13.94,13.23,13.28,109987
2012-05-02,13.12,13.98,13.08,13.87,92515
2012-05-03,13.73,13.73,11.5,11.86,175174
2012-05-04,11.71,12.07,11.18,11.26,216332
2012-05-07,11.22,11.45,10.88,11.14,138342
2012-05-08,10.99,11.35,10.86,11.28,85285
2012-05-09,11.07,11.41,10.95,11.39,152139
2012-05-10,11.52,11.82,11.24,11.34,93522
2012-05-11,11.16,11.39,11.01,11.12,118999
2012-05-14,10.91,11.04,10.76,10.79,118539
2012-05-15,10.77,10.97,10.65,10.67,163663
2012-05-16,10.77,10.87,10.49,10.55,75872
2012-05-17,10.55,10.71,10.32,10.37,107453
2012-05-18,10.36,10.56,10.15,10.34,105646
2012-05-21,10.43,10.66,10.31,10.54,80032
2012-05-22,10.51,10.54,10.19,10.34,200747
2012-05-23,10.16,10.68,10.13,10.56,212288
2012-05-24,10.62,10.73,10.31,10.72,98574
2012-05-25,10.65,10.92,10.34,10.46,65292
2012-05-29,10.56,10.69,10.25,10.55,156638
2012-05-30,10.38,10.43,10.17,10.24,147029
2012-05-31,10.26,10.35,9.9,10.22,192204
2012-06-01,9.87,10.19,9.71,9.76,93103
2012-06-04,9.87,10.1,9.1,10.07,137201
2012-06-05,9.96,10.19,9.84,9.99,119220
2012-06-06,10.12,10.63,10.12,10.61,148243
2012-06-07,10.84,10.97,10.59,10.62,94099
2012-06-08,10.56,10.93,10.43,10.93,69698
2012-06-11,11.14,11.14,10.21,10.23,117195
2012-06-12,10.3,10.43,10.01,10.33,129603
2012-06-13,10.28,10.47,9.88,9.95,118355
2012-06-14,9.94,10.05,9.77,9.93,95189
2012-06-15,9.9,10.23,9.77,10.2,214385
2012-06-18,10.08,10.2,9.98,10.03,75485
2012-06-19,10.07,10.58,9.98,10.36,143892
2012-06-20,10.37,10.49,10.08,10.13,139600
2012-06-21,10.16,10.22,9.6,9.7,92428
2012-06-22,9.82,10.17,9.58,10.1,154569
2012-06-25,9.84,9.99,9.73,9.82,48911
2012-06-26,9.81,9.99,9.61,9.87,56088
2012-06-27,9.92,10.12,9.87,10.03,152452
2012-06-28,9.88,10.23,9.76,10.19,100110
2012-06-29,10.51,10.76,10.33,10.38,191874
2012-07-02,10.46,10.76,10.23,10.73,134007
2012-07-03,10.7,11.06,10.7,10.99,36508
2012-07-05,10.93,11.09,10.83,10.85,66553
2012-07-06,10.68,10.87,10.56,10.82,65103
2012-07-09,10.7,10.92,10.59,10.9,144058
2012-07-10,11.02,11.02,10.48,10.58,52764
2012-07-11,10.6,10.67,10.44,10.58,159831
2012-07-12,10.44,11.0,10.33,10.91,61869
2012-07-13,11.0,11.1,10.91,10.99,95678
2012-07-16,10.97,11.15,10.82,10.94,64305
2012-07-17,11.07,11.18,10.74,10.77,67977
2012-07-18,10.73,11.06,10.73,10.91,69568
2012-07-19,10.95,10.97,10.66,10.67,32466
2012-07-20,10.52,10.55,10.26,10.27,82313
2012-07-23,9.98,10.08,9.83,10.0,58967
2012-07-24,10.03,10.14,9.78,9.78,56667
2012-07-25,9.91,10.03,9.39,9.43,70970
2012-07-26,9.64,9.64,9.32,9.34,142075
2012-07-27,9.37,9.76,9.26,9.74,93088
2012-07-30,9.72,9.79,9.53,9.55,30114
2012-07-31,9.48,9.74,9.48,9.52,84610
2012-08-01,9.6,9.88,9.22,9.24,142151
2012-08-02,9.08,9.87,9.03,9.65,154978
2012-08-03,9.96,10.69,9.68,10.6,131584
2012-08-06,10.69,11.14,10.45,10.85,116481
2012-08-07,10.86,11.25,10.8,10.89,101073
2012-08-08,10.83,10.98,10.75,10.92,79535
2012-08-09,10.93,11.09,10.82,11.0,56886
2012-08-10,10.98,11.17,10.97,11.04,58115
2012-08-13,11.02,11.15,10.69,10.99,37971
2012-08-14,11.15,11.2,10.6,10.67,91917
2012-08-15,10.67,10.8,10.48,10.78,54980
2012-08-16,10.79,11.1,10.69,10.99,61115
2012-08-17,10.96,11.14,10.8,11.04,114510
2012-08-20,10.96,11.05,10.9,11.02,53167
2012-08-21,11.06,11.28,10.95,10.98,79673
2012-08-22,10.98,11.21,10.91,11.03,228536
2012-08-23,11.03,11.03,10.81,10.88,60224
2012-08-24,10.82,11.05,10.8,10.96,44609
2012-08-27,11.0,11.13,10.83,10.9,29319
2012-08-28,10.89,11.08,10.85,11.06,36433
2012-08-29,11.08,11.32,10.9,11.19,34018
2012-08-30,11.03,11.08,10.91,10.94,56987
2012-08-31,11.05,11.08,10.85,10.93,52171
2012-09-04,10.99,11.34,10.81,11.24,55059
2012-09-05,11.38,11.38,11.02,11.07,69219
2012-09-06,11.17,11.66,11.17,11.46,73158
2012-09-07,11.55,11.79,11.5,11.75,55989
2012-09-10,11.74,12.33,11.68,11.97,66617
2012-09-11,12.04,12.5,12.04,12.36,75861
2012-09-12,12.38,12.54,12.2,12.37,51839
2012-09-13,12.39,13.38,12.37,13.05,91861
2012-09-14,13.15,13.55,13.08,13.36,92093
2012-09-17,13.3,13.3,12.76,12.92,72203
2012-09-18,12.84,13.66,12.6,12.89,65334
2012-09-19,12.92,12.92,12.64,12.7,58548
2012-09-20,12.56,12.8,12.5,12.73,31999
2012-09-21,12.99,13.3,12.95,13.16,275864
2012-09-24,12.8,13.67,12.8,13.51,82733
2012-09-25,13.67,13.78,13.04,13.07,101340
2012-09-26,13.17,13.17,12.81,12.9,51562
2012-09-27,12.98,13.25,12.75,13.1,48969
2012-09-28,13.04,13.14,12.79,12.82,54214
2012-10-01,12.95,13.51,12.9,13.0,84973
2012-10-02,13.12,13.28,12.74,12.91,73463
2012-10-03,12.98,13.17,12.77,12.82,55056
2012-10-04,12.88,13.28,12.6,13.21,53367
2012-10-05,13.33,13.72,12.97,12.97,95158
2012-10-08,12.84,13.0,12.77,12.89,29510
2012-10-09,12.83,12.83,12.46,12.59,37579
2012-10-10,12.65,12.72,12.28,12.49,43386
2012-10-11,12.66,12.66,12.41,12.49,22204
2012-10-12,12.47,12.47,12.25,12.32,47638
2012-10-15,12.34,12.63,12.2,12.61,35933
2012-10-16,12.76,13.0,12.66,12.93,38576
2012-10-17,13.01,13.59,13.01,13.56,63413
2012-10-18,13.5,13.71,12.82,12.94,76183
2012-10-19,12.78,12.88,12.38,12.49,102761
2012-10-22,12.48,12.86,12.37,12.81,61522
2012-10-23,12.64,12.85,12.58,12.79,32779
2012-10-24,12.9,12.9,12.49,12.63,21671
2012-10-25,12.82,12.82,12.5,12.6,33604
2012-10-26,12.63,12.63,12.2,12.24,64580
2012-10-31,12.33,12.57,12.18,12.46,40646
2012-11-01,12.39,12.98,12.15,12.66,90693
2012-11-02,12.69,12.85,12.3,12.3,58216
2012-11-05,12.34,12.65,12.3,12.51,50275
2012-11-06,12.5,13.11,12.5,13.05,60174
2012-11-07,12.78,12.82,12.1,12.7,110923
2012-11-08,12.68,12.75,12.45,12.45,68190
2012-11-09,12.33,12.68,12.31,12.51,56416
2012-11-12,12.54,12.81,12.39,12.48,53621
2012-11-13,12.41,12.69,12.4,12.57,35112
2012-11-14,12.59,12.59,12.3,12.39,92654
2012-11-15,12.35,12.42,12.01,12.07,94394
2012-11-16,12.03,12.39,11.96,12.31,96658
2012-11-19,12.53,12.99,12.43,12.8,40841
2012-11-20,12.72,12.81,12.58,12.79,45845
2012-11-21,12.8,12.95,12.64,12.81,47826
2012-11-23,12.89,13.35,12.87,13.3,26011
2012-11-26,13.21,13.43,13.0,13.42,75337
2012-11-27,13.37,13.65,13.18,13.4,76601
2012-11-28,13.27,13.75,13.21,13.74,61376
2012-11-29,13.91,14.11,13.5,13.87,119656
2012-11-30,13.94,13.94,13.6,13.87,132797
2012-12-03,13.98,14.05,13.83,14.0,77894
2012-12-04,14.07,14.31,13.69,14.24,77537
2012-12-05,14.36,14.39,13.99,14.23,62245
2012-12-06,13.59,14.18,13.59,14.12,77144
2012-12-07,14.26,14.5,14.05,14.48,56138
2012-12-10,14.5,14.7,14.38,14.68,40230
2012-12-11,14.86,15.27,14.76,15.11,85735
2012-12-12,14.95,15.06,14.76,14.9,111507
2012-12-13,14.92,15.16,14.9,14.91,108230
2012-12-14,14.87,15.0,14.66,14.69,170551
2012-12-17,14.77,15.25,14.71,15.25,75992
2012-12-18,15.32,15.8,15.17,15.71,90962
2012-12-19,15.77,15.89,15.54,15.54,90786
2012-12-20,15.52,15.52,14.77,15.06,233839
2012-12-21,15.0,15.01,14.58,14.99,408210
2012-12-24,15.06,15.61,14.68,15.36,49423
2012-12-26,15.34,15.55,15.17,15.5,119184
2012-12-27,15.56,15.73,15.06,15.47,57177
2012-12-28,15.32,15.46,15.1,15.38,55502
2012-12-31,15.34,16.0,15.34,15.95,90507
2013-01-02,16.58,16.83,16.08,16.5,164380
2013-01-03,16.58,16.7,15.86,16.17,85115
2013-01-04,16.3,16.36,15.9,15.91,68447
2013-01-07,15.75,15.98,15.56,15.94,99230
2013-01-08,15.87,16.08,15.72,15.87,137136
2013-01-09,15.94,16.18,15.78,15.88,81056
2013-01-10,15.94,16.06,15.71,15.78,73294
2013-01-11,15.82,15.91,15.67,15.83,46905
2013-01-14,15.72,15.78,15.0,15.05,190802
2013-01-15,14.96,15.36,14.89,15.32,81995
2013-01-16,15.31,16.03,15.25,16.02,109797
2013-01-17,16.25,16.97,16.2,16.83,183365
2013-01-18,16.78,16.96,16.44,16.95,205775
2013-01-22,17.0,17.15,16.82,17.14,104257
2013-01-23,17.18,17.38,17.11,17.37,111169
2013-01-24,17.47,17.89,17.12,17.21,196385
2013-01-25,17.37,17.45,16.97,17.41,123500
2013-01-28,17.49,17.64,17.1,17.33,126944
2013-01-29,17.37,17.77,17.37,17.7,98138
2013-01-30,17.66,17.66,16.91,17.02,157455
2013-01-31,16.85,17.71,16.85,17.37,157684
2013-02-01,17.53,17.81,17.2,17.77,127849
2013-02-04,17.59,17.7,17.14,17.3,61653
2013-02-05,17.39,17.79,17.27,17.3,83035
2013-02-06,17.13,17.47,17.06,17.22,55168
2013-02-07,17.16,17.21,16.89,17.17,94437
2013-02-08,17.22,17.22,16.8,17.1,47657
2013-02-11,17.09,17.19,16.93,17.11,30221
2013-02-12,17.13,17.64,17.06,17.25,91803
2013-02-13,17.34,17.56,17.18,17.34,108004
2013-02-14,17.23,17.53,17.23,17.52,57166
2013-02-15,17.67,18.34,17.6,17.93,146196
2013-02-19,18.03,18.17,17.73,17.88,58411
2013-02-20,17.8,17.82,16.93,16.95,118793
2013-02-21,17.02,17.27,16.65,17.01,150574
2013-02-22,19.73,20.0,17.81,18.11,186911
2013-02-25,19.09,19.64,17.59,17.75,282431
2013-02-26,17.82,17.9,17.11,17.58,583931
2013-02-27,17.61,18.2,17.61,17.94,207310
2013-02-28,17.6,17.6,17.02,17.15,267413
2013-03-01,17.0,17.2,16.82,17.0,182762
2013-03-04,17.0,17.1,16.8,16.98,145365
2013-03-05,17.18,17.22,16.74,16.89,131884
2013-03-06,17.03,17.21,16.94,17.13,153877
2013-03-07,17.08,17.29,16.9,17.28,99351
2013-03-08,17.52,17.55,17.2,17.48,145928
2013-03-11,17.44,17.95,17.44,17.92,110575
2013-03-12,17.91,18.07,17.6,17.61,107032
2013-03-13,17.68,17.92,17.34,17.87,106258
2013-03-14,17.95,18.32,17.92,18.24,109522
2013-03-15,18.25,18.54,18.15,18.3,282263
2013-03-18,18.05,18.5,18.05,18.35,104887
2013-03-19,18.45,18.5,18.01,18.15,114914
2013-03-20,18.37,18.5,18.12,18.28,143592
2013-03-21,18.17,18.35,17.83,17.94,116831
2013-03-22,18.0,18.14,17.9,18.08,150372
2013-03-25,18.23,18.5,17.96,18.05,173124
2013-03-26,18.25,18.71,18.22,18.7,187238
2013-03-27,18.45,18.67,18.07,18.34,135901
2013-03-28,18.44,18.44,18.0,18.25,158101
2013-04-01,18.27,18.4,17.8,18.17,159839
2013-04-02,18.31,18.48,17.97,18.1,142723
2013-04-03,18.2,18.2,17.59,17.81,156924
2013-04-04,17.79,18.36,17.79,18.12,151460
2013-04-05,17.71,18.34,17.65,18.21,146447
2013-04-08,18.21,18.33,17.94,18.27,129220
2013-04-09,18.32,18.46,18.05,18.05,123700
2013-04-10,18.18,18.44,18.02,18.3,142873
2013-04-11,18.26,18.32,18.04,18.14,85896
2013-04-12,18.12,18.16,17.99,18.1,72855
2013-04-15,18.08,18.08,16.54,16.68,165785
2013-04-16,16.87,17.26,16.6,17.19,179681
2013-04-17,17.0,17.04,16.5,16.87,255208
2013-04-18,16.88,17.31,16.7,17.21,181820
2013-04-19,17.25,17.42,17.14,17.4,93604
2013-04-22,17.36,17.51,16.84,17.5,198673
2013-04-23,17.7,18.08,17.58,18.06,92727
2013-04-24,18.1,18.64,18.1,18.53,128591
2013-04-25,18.66,19.29,18.65,19.05,95701
2013-04-26,18.97,18.97,18.62,18.8,172808
2013-04-29,18.9,19.12,18.83,18.98,51843
2013-04-30,19.0,19.01,18.58,18.7,92143
2013-05-01,18.53,18.72,17.98,17.99,188092
2013-05-02,17.83,17.92,16.5,16.83,337363
2013-05-03,16.8,17.3,16.64,16.64,129566
2013-05-06,16.46,16.76,16.1,16.74,207132
2013-05-07,16.69,16.79,16.38,16.72,152392
2013-05-08,16.7,17.03,16.49,16.87,131422
2013-05-09,16.76,16.92,16.56,16.77,109792
2013-05-10,16.83,16.89,16.55,16.86,85476
2013-05-13,16.77,16.95,16.74,16.88,65655
2013-05-14,16.93,17.51,16.93,17.49,121994
2013-05-15,17.45,17.5,17.16,17.36,114669
2013-05-16,17.38,17.39,16.98,17.13,56058
2013-05-17,17.21,17.35,17.0,17.29,115368
2013-05-20,17.16,17.26,16.75,17.02,129994
2013-05-21,17.0,17.23,16.88,17.02,79400
2013-05-22,17.1,17.29,16.49,16.74,67949
2013-05-23,16.56,17.0,16.49,16.87,95807
2013-05-24,16.77,17.1,16.7,16.99,58281
2013-05-28,17.29,17.67,17.11,17.43,74657
2013-05-29,17.21,17.41,16.86,16.89,57254
2013-05-30,16.95,17.0,16.54,16.77,104448
2013-05-31,16.58,16.86,16.21,16.23,105740
2013-06-03,16.26,17.01,16.18,16.98,196405
2013-06-04,17.06,17.33,16.14,16.23,342355
2013-06-05,16.16,16.52,15.66,15.71,184832
2013-06-06,15.67,15.95,15.36,15.8,136484
2013-06-07,15.96,16.02,15.52,15.69,97613
2013-06-10,15.83,16.06,15.5,16.05,49900
2013-06-11,15.73,15.96,15.63,15.84,54532
2013-06-12,16.03,16.2,15.6,15.61,79968
2013-06-13,15.67,16.29,15.61,16.2,96770
2013-06-14,16.18,16.18,15.57,15.62,40331
2013-06-17,15.85,16.04,15.6,15.83,79255
2013-06-18,15.86,16.44,15.76,16.35,76169
2013-06-19,16.3,16.6,15.68,15.7,51990
2013-06-20,15.37,15.56,15.1,15.47,134356
2013-06-21,15.52,15.53,14.93,15.08,219307
2013-06-24,14.81,14.81,14.43,14.47,128289
2013-06-25,14.64,14.77,14.45,14.67,97796
2013-06-26,14.82,14.86,14.46,14.59,100703
2013-06-27,14.77,14.98,14.55,14.8,243207
2013-06-28,14.73,14.79,14.52,14.56,220824
2013-07-01,14.56,15.12,14.48,15.02,317218
2013-07-02,14.96,15.21,14.58,14.82,81311
2013-07-03,14.66,14.95,14.46,14.82,65256
2013-07-05,15.07,15.08,14.85,14.97,87363
2013-07-08,15.0,15.09,14.68,14.75,173497
2013-07-09,14.85,15.34,14.73,15.31,126392
2013-07-10,15.34,15.69,15.27,15.58,46840
2013-07-11,15.89,16.29,15.84,16.22,99160
2013-07-12,16.24,16.4,16.06,16.16,35982
2013-07-15,16.22,16.41,15.98,16.26,38912
2013-07-16,16.28,16.28,15.77,15.93,69959
2013-07-17,16.12,16.58,15.95,16.53,82040
2013-07-18,16.65,16.9,16.46,16.47,111062
2013-07-19,16.45,16.71,16.45,16.55,61823
2013-07-22,16.55,16.65,16.27,16.36,56676
2013-07-23,16.38,16.43,15.97,16.13,50121
2013-07-24,16.21,16.25,15.7,15.81,47420
2013-07-25,15.77,15.86,15.54,15.74,123633
2013-07-26,15.54,15.82,15.35,15.46,72743
2013-07-29,15.47,15.53,14.74,14.84,79728
2013-07-30,14.97,15.05,14.76,14.86,115305
2013-07-31,14.96,15.58,14.71,15.4,134294
2013-08-01,15.21,15.33,14.29,14.41,326357
2013-08-02,14.29,14.63,14.13,14.24,119774
2013-08-05,14.15,14.62,14.05,14.62,183525
2013-08-06,14.6,14.64,13.98,14.02,112324
2013-08-07,13.91,14.13,13.84,13.91,135533
2013-08-08,14.08,14.28,13.98,14.0,71393
2013-08-09,13.99,14.11,13.54,13.59,63432
2013-08-12,13.45,13.93,13.41,13.84,49618
2013-08-13,13.9,14.25,13.62,13.68,35943
2013-08-14,13.72,13.72,13.5,13.52,64822
2013-08-15,13.33,13.41,13.19,13.23,64838
2013-08-16,13.17,13.47,13.14,13.19,40114
2013-08-19,13.16,13.34,12.83,12.88,62927
2013-08-20,12.89,13.34,12.82,13.3,116156
2013-08-21,13.2,13.33,12.97,13.03,114925
2013-08-22,13.12,13.5,13.12,13.25,111136
2013-08-23,13.24,13.26,13.16,13.2,89716
2013-08-26,13.2,13.22,13.05,13.11,56008
2013-08-27,12.91,13.16,12.62,12.85,102390
2013-08-28,12.82,13.05,12.68,12.94,67341
2013-08-29,12.94,13.3,12.94,13.2,45060
2013-08-30,13.14,13.3,12.78,12.88,109783
2013-09-03,12.88,13.11,12.62,12.86,200502
2013-09-04,12.85,13.01,12.76,12.95,432929
2013-09-05,13.01,13.19,13.01,13.1,97471
2013-09-06,13.23,13.3,12.88,13.19,72028
2013-09-09,13.29,13.71,13.2,13.71,79811
2013-09-10,13.76,13.86,13.65,13.8,117197
2013-09-11,13.73,14.0,13.6,13.87,71027
2013-09-12,13.86,13.97,13.83,13.89,55478
2013-09-13,13.97,14.09,13.79,13.86,26839
2013-09-16,14.05,14.06,13.89,14.01,61849
2013-09-17,14.01,14.14,13.94,14.01,26621
2013-09-18,14.0,14.47,13.55,14.34,63667
2013-09-19,14.36,14.4,14.18,14.3,105477
2013-09-20,14.33,14.49,14.25,14.35,120339
2013-09-23,14.32,14.52,14.26,14.43,44881
2013-09-24,14.41,14.67,14.2,14.33,55972
2013-09-25,14.31,14.73,14.13,14.43,62427
2013-09-26,14.5,14.55,14.16,14.27,45892
2013-09-27,14.12,14.47,14.0,14.32,36406
2013-09-30,14.11,14.48,14.1,14.26,91713
2013-10-01,14.22,14.37,14.11,14.25,54777
2013-10-02,14.12,14.4,14.04,14.16,55873
2013-10-03,14.08,14.08,13.6,13.73,60175
2013-10-04,13.69,14.0,13.65,13.85,23301
2013-10-07,13.63,14.01,13.63,13.92,86128
2013-10-08,13.96,14.23,13.82,14.08,62876
2013-10-09,14.13,14.27,13.88,13.91,67424
2013-10-10,14.12,15.43,14.12,14.44,41209
2013-10-11,14.35,14.89,13.76,14.82,65062
2013-10-14,14.67,14.88,14.53,14.78,51260
2013-10-15,14.68,14.68,14.35,14.51,78264
2013-10-16,14.62,14.84,14.52,14.61,42332
2013-10-17,14.47,14.77,14.36,14.41,197551
2013-10-18,14.58,14.9,14.49,14.64,148249
2013-10-21,14.71,14.94,14.49,14.52,76190
2013-10-22,14.65,14.85,14.47,14.5,198854
2013-10-23,14.43,14.69,14.33,14.64,75934
2013-10-24,14.95,15.26,14.76,15.13,51456
2013-10-25,15.19,15.61,15.19,15.58,51083
2013-10-28,15.54,15.81,15.42,15.57,51156
2013-10-29,15.58,15.67,15.45,15.65,59482
2013-10-30,15.7,15.7,15.13,15.25,82174
2013-10-31,15.42,16.27,15.06,16.01,316206
2013-11-01,15.97,17.0,15.97,16.45,182333
2013-11-04,16.43,16.86,16.09,16.72,164213
2013-11-05,16.58,17.06,16.55,16.89,115106
2013-11-06,17.01,17.21,16.78,17.08,75755
2013-11-07,17.17,17.34,16.57,16.61,76535
2013-11-08,16.6,17.29,16.6,17.09,79242
2013-11-11,17.0,17.05,16.65,16.75,100864
2013-11-12,16.66,17.06,16.61,17.03,105301
2013-11-13,16.86,17.15,16.15,17.07,46486
2013-11-14,17.02,17.17,16.9,17.08,14928
2013-11-15,17.05,17.18,16.88,16.96,66980
2013-11-18,17.07,17.24,16.66,16.95,68220
2013-11-19,17.0,17.41,16.87,16.98,37674
2013-11-20,17.02,17.13,16.47,16.6,90969
2013-11-21,16.75,17.2,16.48,16.9,107128
2013-11-22,16.86,16.98,16.69,16.88,53022
2013-11-25,16.96,17.07,16.77,17.0,39097
2013-11-26,17.03,17.85,17.03,17.73,79680
2013-11-27,17.8,18.09,17.71,17.76,49530
2013-11-29,17.9,17.9,17.61,17.7,23518
2013-12-02,17.65,17.72,17.42,17.64,85746
2013-12-03,17.55,17.85,17.42,17.6,70249
2013-12-04,17.46,17.96,17.46,17.68,61610
2013-12-05,17.64,17.8,17.41,17.51,36440
2013-12-06,17.67,17.87,17.52,17.56,43024
2013-12-09,17.53,17.62,17.32,17.54,39750
2013-12-10,17.5,17.67,17.27,17.52,58146
2013-12-11,17.5,17.52,17.16,17.22,80749
2013-12-12,17.18,17.49,17.14,17.28,61122
2013-12-13,17.29,17.43,17.17,17.35,36832
2013-12-16,17.39,17.42,16.02,17.14,64523
2013-12-17,17.16,17.33,16.56,17.07,25404
2013-12-18,17.17,17.54,16.75,17.46,67127
2013-12-19,17.37,17.42,17.04,17.2,59871
2013-12-20,17.28,17.7,17.28,17.6,232154
2013-12-23,17.69,18.0,17.69,17.91,103689
2013-12-24,17.94,18.33,17.9,18.28,31542
2013-12-26,18.33,18.5,17.95,18.32,36274
2013-12-27,18.41,18.53,18.18,18.4,59036
2013-12-30,18.34,18.5,18.24,18.38,70010
2013-12-31,18.46,18.76,18.46,18.59,112039
2014-01-02,18.6,18.67,18.31,18.42,98538
2014-01-03,18.44,18.82,18.31,18.63,127244
2014-01-06,18.68,18.68,18.16,18.17,72886
2014-01-07,18.21,18.37,18.06,18.15,69953
2014-01-08,18.18,18.18,17.24,17.43,306339
2014-01-09,17.45,17.48,17.05,17.47,119452
2014-01-10,17.54,17.76,17.14,17.7,96864
2014-01-13,17.58,17.7,17.44,17.6,78259
2014-01-14,17.64,18.12,17.51,17.66,63365
2014-01-15,17.71,18.2,17.71,18.15,64415
2014-01-16,18.06,18.19,17.9,18.0,42635
2014-01-17,17.92,18.11,17.77,17.88,64964
2014-01-21,17.99,18.8,17.79,18.03,104163
2014-01-22,17.99,18.14,16.87,18.04,82016
2014-01-23,17.9,18.15,17.78,18.12,81773
2014-01-24,17.97,18.1,17.7,17.82,120357
2014-01-27,17.86,18.11,17.7,17.89,93267
2014-01-28,17.96,18.15,17.94,18.01,102210
2014-01-29,17.89,18.14,17.74,17.86,84958
2014-01-30,17.98,18.12,17.8,17.99,109488
2014-01-31,17.75,18.1,17.75,17.86,118188
2014-02-03,17.85,17.86,17.55,17.66,292433
2014-02-04,17.69,17.83,17.4,17.62,82672
2014-02-05,17.52,17.7,17.26,17.49,90029
2014-02-06,17.59,18.01,17.45,17.76,125703
2014-02-07,17.76,18.13,17.46,17.75,86938
2014-02-10,17.69,17.85,17.33,17.59,69275
2014-02-11,17.54,17.75,17.45,17.7,89748
2014-02-12,17.8,18.14,17.8,18.03,54380
2014-02-13,17.86,18.41,17.82,18.37,49286
2014-02-14,18.39,18.55,18.14,18.45,43530
2014-02-18,18.43,18.58,18.26,18.52,39340
2014-02-19,18.4,18.66,17.98,18.11,87627
2014-02-20,18.15,19.23,17.84,18.9,122617
2014-02-21,19.0,19.0,18.54,18.64,107201
2014-02-24,18.59,18.9,18.32,18.41,196050
2014-02-25,18.41,18.41,17.82,17.97,109279
2014-02-26,18.04,18.61,17.82,18.5,124336
2014-02-27,18.37,18.66,18.37,18.52,55095
2014-02-28,18.45,18.73,18.3,18.43,114131
2014-03-03,18.32,18.32,17.99,18.22,40977
2014-03-04,18.49,18.93,18.32,18.43,182549
2014-03-05,18.35,18.45,17.82,18.42,63330
2014-03-06,18.43,18.78,18.43,18.73,41148
2014-03-07,18.76,18.76,18.37,18.47,34885
2014-03-10,18.36,18.74,18.27,18.71,58582
2014-03-11,18.68,18.75,18.13,18.19,37984
2014-03-12,18.16,18.43,17.97,18.07,42797
2014-03-13,18.17,18.17,17.46,17.7,48828
2014-03-14,17.58,18.0,17.58,17.91,77466
2014-03-17,17.97,18.55,17.9,18.24,66972
2014-03-18,18.3,18.72,18.16,18.51,78646
2014-03-19,18.53,18.6,18.24,18.29,36386
2014-03-20,18.21,18.36,18.02,18.33,26798
2014-03-21,18.44,18.56,18.23,18.41,121114
2014-03-24,18.5,18.57,18.06,18.44,65467
2014-03-25,18.5,18.66,18.24,18.45,58519
2014-03-26,18.63,18.63,18.11,18.21,100528
2014-03-27,18.26,18.53,17.99,18.03,63865
2014-03-28,17.97,18.34,17.9,18.22,133615
2014-03-31,18.26,19.0,17.82,18.87,140658
2014-04-01,18.83,19.0,18.73,18.96,124151
2014-04-02,19.01,19.01,18.83,18.9,66071
2014-04-03,18.84,18.98,18.7,18.84,65486
2014-04-04,19.0,19.0,18.14,18.26,107562
2014-04-07,18.25,18.5,17.89,18.13,91509
2014-04-08,18.21,18.61,17.75,17.96,113490
2014-04-09,17.96,17.96,17.5,17.92,154406
2014-04-10,17.87,18.03,16.97,17.28,105673
2014-04-11,17.09,17.36,16.88,17.0,71964
2014-04-14,17.21,17.23,16.81,17.05,86382
2014-04-15,17.17,17.25,16.84,17.15,100525
2014-04-16,17.33,17.48,17.26,17.4,38174
2014-04-17,17.38,17.9,17.25,17.63,37154
2014-04-21,17.8,17.8,17.43,17.73,29474
2014-04-22,17.78,18.0,17.59,17.77,67116
2014-04-23,17.79,17.79,17.41,17.5,38615
2014-04-24,17.58,17.58,17.1,17.15,87385
2014-04-25,17.03,17.57,16.82,17.12,77959
2014-04-28,17.22,17.32,16.89,17.03,60593
2014-04-29,17.17,17.34,17.01,17.1,149708
2014-04-30,17.1,17.25,16.97,17.08,92800
2014-05-01,16.97,17.16,16.55,17.02,130609
2014-05-02,16.98,17.43,16.11,16.76,166767
2014-05-05,16.83,17.24,16.2,16.31,143116
2014-05-06,16.18,16.74,15.56,15.75,190109
2014-05-07,15.76,15.76,14.94,15.25,165233
2014-05-08,15.29,15.63,15.23,15.43,423386
2014-05-09,15.34,16.14,15.22,16.11,80987
2014-05-12,16.13,16.85,16.09,16.78,84210
2014-05-13,16.78,17.02,16.66,16.73,97554
2014-05-14,16.73,16.73,15.78,15.84,65977
2014-05-15,15.69,15.69,15.17,15.45,80176
2014-05-16,15.41,15.84,15.23,15.84,87690
2014-05-19,15.75,16.05,15.7,15.76,36361
2014-05-20,15.67,15.67,15.1,15.34,134354
2014-05-21,15.47,15.79,15.11,15.61,92081
2014-05-22,15.63,15.68,15.51,15.57,47240
2014-05-23,15.63,16.11,15.63,16.07,51343
2014-05-27,16.13,16.51,16.13,16.4,53972
2014-05-28,16.43,16.45,15.87,16.04,73726
2014-05-29,16.06,16.13,15.73,15.87,35336
2014-05-30,15.93,15.98,15.61,15.86,57569
2014-06-02,15.88,16.03,15.47,15.59,54962
2014-06-03,15.56,15.63,15.15,15.36,79513
2014-06-04,15.3,15.45,15.06,15.35,48430
2014-06-05,15.46,16.16,15.46,15.9,84281
2014-06-06,16.04,16.54,15.76,16.53,52581
2014-06-09,16.52,16.95,16.44,16.86,47063
2014-06-10,16.69,16.74,16.28,16.42,43087
2014-06-11,16.26,16.26,15.94,16.19,47686
2014-06-12,16.09,16.09,15.67,15.79,25492
2014-06-13,15.88,15.98,15.63,15.78,38410
2014-06-16,15.75,15.82,15.42,15.64,34170
2014-06-17,15.66,16.14,15.65,16.12,62057
2014-06-18,16.08,16.28,15.91,16.28,42070
2014-06-19,16.32,16.37,16.11,16.17,45139
2014-06-20,16.22,16.51,15.88,16.49,143391
2014-06-23,16.48,16.64,16.39,16.49,52880
2014-06-24,16.39,16.92,16.39,16.49,55536
2014-06-25,16.33,16.72,16.33,16.7,49254
2014-06-26,16.65,16.9,16.42,16.61,64107
2014-06-27,14.5,15.33,14.5,15.3,1661678
2014-06-30,15.22,15.54,15.02,15.51,289963
2014-07-01,15.61,16.06,15.46,15.61,158448
2014-07-02,15.64,15.76,15.35,15.62,134763
2014-07-03,15.75,15.92,15.61,15.69,47799
2014-07-07,15.55,15.56,15.32,15.33,163448
2014-07-08,15.23,15.23,14.93,15.07,252361
2014-07-09,15.18,15.18,15.0,15.1,83842
2014-07-10,14.79,15.13,14.79,15.02,128674
2014-07-11,14.93,15.02,14.86,14.9,76947
2014-07-14,15.04,15.56,14.9,15.05,185410
2014-07-15,15.09,15.19,14.86,14.93,109140
2014-07-16,14.97,15.16,14.83,15.06,117302
2014-07-17,14.91,14.96,14.71,14.77,94566
2014-07-18,14.72,15.1,14.72,15.06,87864
2014-07-21,14.93,15.05,14.61,14.73,77194
2014-07-22,14.86,15.0,14.8,14.96,41680
2014-07-23,14.94,15.06,14.85,15.02,100204
2014-07-24,14.95,15.26,14.95,15.01,78993
2014-07-25,14.85,15.11,14.85,15.04,95862
2014-07-28,14.99,15.05,14.64,14.71,121164
2014-07-29,14.82,15.14,14.78,15.0,83557
2014-07-30,15.17,15.25,14.95,15.03,62604
2014-07-31,14.78,15.0,14.5,14.69,128387
2014-08-01,14.76,14.95,14.66,14.7,105530
2014-08-04,14.8,15.3,14.66,15.19,110565
2014-08-05,16.18,16.18,15.02,15.62,83239
2014-08-06,15.44,16.24,15.44,15.98,90782
2014-08-07,15.97,16.0,15.44,15.61,38675
2014-08-08,15.59,15.97,15.54,15.88,66247
2014-08-11,15.98,16.34,15.9,16.12,60256
2014-08-12,15.99,16.32,15.83,16.0,76634
2014-08-13,16.1,16.12,15.9,15.98,39389
2014-08-14,15.96,16.04,15.89,16.03,37429
2014-08-15,16.2,16.2,15.59,15.78,84507
2014-08-18,16.01,16.37,15.93,16.32,90493
2014-08-19,16.41,16.49,16.17,16.27,71804
2014-08-20,16.13,16.15,15.9,16.01,32812
2014-08-21,15.99,16.06,15.68,16.01,45582
2014-08-22,15.94,16.22,15.82,16.07,36711
2014-08-25,16.11,16.23,15.72,15.83,43126
2014-08-26,15.87,16.18,15.76,15.93,70350
2014-08-27,15.99,16.0,15.82,15.99,35856
2014-08-28,15.87,15.91,15.63,15.74,32405
2014-08-29,15.74,15.99,15.6,15.91,33276
2014-09-02,16.0,16.28,15.71,15.99,53972
2014-09-03,16.13,16.17,15.56,15.68,51925
2014-09-04,15.79,16.02,15.63,15.7,29870
2014-09-05,15.6,15.74,15.55,15.67,32745
2014-09-08,15.59,15.64,15.44,15.6,33739
2014-09-09,15.53,15.59,15.29,15.56,64819
2014-09-10,15.52,15.7,15.32,15.59,47797
2014-09-11,15.51,15.94,15.38,15.93,100023
2014-09-12,15.89,15.89,15.32,15.39,65743
2014-09-15,15.32,15.58,14.94,15.1,65421
2014-09-16,14.98,15.18,14.72,15.16,158454
2014-09-17,15.21,15.34,14.95,15.04,53866
2014-09-18,15.18,15.18,14.85,14.99,56647
2014-09-19,14.98,14.98,14.33,14.56,140147
2014-09-22,14.44,14.55,14.27,14.45,78809
2014-09-23,14.33,14.61,14.22,14.55,168313
2014-09-24,14.52,14.72,14.45,14.63,315443
2014-09-25,14.54,14.71,14.32,14.67,306567
2014-09-26,14.66,14.89,14.4,14.46,117251
2014-09-29,14.26,14.48,13.96,14.05,76813
2014-09-30,14.12,14.25,13.65,13.69,154143
2014-10-01,13.61,14.01,13.45,13.77,127130
2014-10-02,13.69,13.85,13.38,13.6,104560
2014-10-03,13.79,13.79,13.45,13.49,66815
2014-10-06,13.6,13.8,13.58,13.64,76359
2014-10-07,13.47,13.91,13.09,13.19,81800
2014-10-08,13.12,13.31,12.82,13.15,136003
2014-10-09,13.15,13.3,12.9,13.05,136267
2014-10-10,12.95,13.44,12.65,12.96,90917
2014-10-13,13.01,13.57,12.91,13.35,85192
2014-10-14,13.54,13.9,13.44,13.5,138858
2014-10-15,13.45,14.3,13.16,13.99,139021
2014-10-16,13.73,14.45,13.73,14.38,119731
2014-10-17,14.62,14.62,14.29,14.32,115843
2014-10-20,14.22,14.71,14.14,14.47,93961
2014-10-21,14.61,14.77,14.48,14.55,60870
2014-10-22,14.65,14.67,14.18,14.24,41044
2014-10-23,14.38,14.69,14.09,14.59,40065
2014-10-24,14.62,14.62,14.37,14.43,37967
2014-10-27,14.26,14.54,14.01,14.53,41307
2014-10-28,14.77,14.99,13.74,14.9,172679
2014-10-29,14.9,15.22,14.9,15.0,80772
2014-10-30,14.86,15.14,14.67,15.0,109341
2014-10-31,15.4,15.4,14.99,15.25,132378
2014-11-03,15.28,15.76,15.15,15.65,101471
2014-11-04,15.54,15.84,15.18,15.49,52781
2014-11-05,15.69,15.75,15.41,15.5,63028
2014-11-06,15.48,15.79,15.44,15.78,167573
2014-11-07,15.72,15.88,15.68,15.69,61985
2014-11-10,15.78,15.83,15.44,15.65,50655
2014-11-11,15.55,15.86,15.47,15.83,54947
2014-11-12,15.75,15.9,15.69,15.73,75417
2014-11-13,15.67,15.84,15.23,15.26,59599
2014-11-14,15.28,15.31,15.07,15.07,68716
2014-11-17,15.04,15.14,14.73,14.74,50502
2014-11-18,14.84,14.99,14.74,14.86,69778
2014-11-19,14.92,14.92,14.29,14.31,45098
2014-11-20,14.24,14.76,14.22,14.69,75300
2014-11-21,14.95,15.28,14.57,14.62,86298
2014-11-24,14.65,15.01,14.62,14.95,53500
2014-11-25,15.02,15.09,14.78,15.04,132030
2014-11-26,14.99,15.06,14.75,14.87,47914
2014-11-28,14.82,14.82,14.27,14.35,39677
2014-12-01,14.32,14.4,14.13,14.2,63650
2014-12-02,14.27,14.71,14.25,14.4,67715
2014-12-03,14.45,14.97,14.31,14.82,58091
2014-12-04,14.85,14.9,14.42,14.79,64725
2014-12-05,14.81,15.12,14.66,14.77,453220
2014-12-08,14.66,14.8,14.35,14.41,115044
2014-12-09,14.21,15.44,14.21,15.12,176347
2014-12-10,15.03,15.19,14.73,14.76,113276
2014-12-11,14.87,15.21,14.81,14.84,46386
2014-12-12,14.62,14.66,14.33,14.41,65624
2014-12-15,14.42,14.81,14.42,14.55,97261
2014-12-16,14.59,15.35,14.48,14.68,99202
2014-12-17,14.68,15.23,14.56,15.12,123693
2014-12-18,15.31,15.49,15.07,15.42,144216
2014-12-19,15.37,16.36,15.03,16.01,370079
2014-12-22,16.01,16.06,15.66,15.91,92982
2014-12-23,15.98,16.3,15.47,16.06,70778
2014-12-24,16.04,16.04,15.73,15.83,48595
2014-12-26,15.94,16.18,15.94,16.16,66032
2014-12-29,16.12,16.51,16.12,16.26,67933
2014-12-30,16.25,16.42,16.14,16.2,64606
2014-12-31,16.21,16.65,16.15,16.26,73519
2015-01-02,16.34,16.41,15.74,15.95,65350
2015-01-05,15.79,15.79,15.41,15.63,76685
2015-01-06,15.78,15.78,14.96,15.13,110323
2015-01-07,15.31,15.31,14.78,15.03,88180
2015-01-08,15.22,15.93,15.07,15.71,148223
2015-01-09,15.66,15.89,15.36,15.38,47174
2015-01-12,15.42,15.62,14.93,15.6,54518
2015-01-13,15.87,16.13,15.32,15.6,63923
2015-01-14,15.51,15.68,15.28,15.57,25495
2015-01-15,15.55,15.55,14.91,14.97,68475
2015-01-16,14.91,15.38,14.91,15.31,45302
2015-01-20,15.38,15.48,14.94,14.97,69015
2015-01-21,15.01,15.11,14.88,14.98,67575
2015-01-22,15.13,15.24,14.88,15.21,72461
2015-01-23,15.26,15.26,14.96,15.1,62005
2015-01-26,15.12,15.58,14.84,15.51,37376
2015-01-27,15.27,16.09,15.27,15.74,51101
2015-01-28,15.88,15.88,15.18,15.22,57027
2015-01-29,15.29,15.65,15.14,15.64,42004
2015-01-30,15.46,15.5,15.09,15.14,74465
2015-02-02,15.26,15.56,14.94,15.48,75256
2015-02-03,15.69,16.2,15.39,16.15,40638
2015-02-04,16.03,16.38,16.02,16.12,67082
2015-02-05,16.26,16.55,16.14,16.39,54254
2015-02-06,16.48,16.63,16.18,16.28,69239
2015-02-09,16.14,16.57,16.12,16.15,53231
2015-02-10,16.37,16.37,15.92,16.14,55852
2015-02-11,16.06,16.25,15.87,16.06,27197
2015-02-12,16.25,16.51,15.88,16.29,37477
2015-02-13,16.25,16.71,16.2,16.6,30075
2015-02-17,16.55,16.79,16.49,16.65,26964
2015-02-18,16.61,16.87,16.49,16.87,35364
2015-02-19,16.72,16.91,16.51,16.53,30799
2015-02-20,17.22,17.22,15.78,16.16,81686
2015-02-23,16.04,16.04,15.49,15.61,54309
2015-02-24,15.69,15.87,15.25,15.37,45241
2015-02-25,15.45,15.55,15.17,15.19,50482
2015-02-26,15.13,15.16,14.84,15.07,58565
2015-02-27,15.09,15.18,14.63,14.66,54137
2015-03-02,14.7,15.18,14.65,15.05,43547
2015-03-03,14.91,15.23,14.91,15.06,34710
2015-03-04,14.91,15.15,14.8,15.04,30348
2015-03-05,15.01,15.06,14.61,14.82,38046
2015-03-06,14.77,14.85,14.33,14.34,45620
2015-03-09,14.31,14.51,14.26,14.36,37762
2015-03-10,14.14,14.24,13.73,13.76,41881
2015-03-11,13.83,14.17,13.44,14.12,71998
2015-03-12,14.3,15.12,14.15,15.04,63455
2015-03-13,14.94,14.99,14.46,14.98,51820
2015-03-16,14.99,15.0,14.58,14.69,36706
2015-03-17,14.55,14.85,14.39,14.8,49811
2015-03-18,14.69,15.32,14.58,15.19,51061
2015-03-19,15.1,15.27,14.74,14.88,24121
2015-03-20,15.02,15.45,14.96,15.41,103588
2015-03-23,15.44,15.74,15.37,15.54,42775
2015-03-24,15.55,15.98,15.5,15.86,31842
2015-03-25,15.87,15.98,15.12,15.16,37185
2015-03-26,15.19,15.71,15.19,15.36,33830
2015-03-27,15.32,15.48,15.06,15.47,35989
2015-03-30,16.1,16.94,15.88,16.5,98015
2015-03-31,16.54,16.6,16.18,16.41,56394
2015-04-01,16.31,16.4,15.75,16.03,66742
2015-04-02,15.94,16.56,15.94,16.5,76312
2015-04-06,16.34,16.75,16.34,16.73,50604
2015-04-07,16.79,16.79,15.94,16.09,68220
2015-04-08,16.0,16.35,15.85,16.12,232589
2015-04-09,16.19,16.34,15.97,16.24,47276
2015-04-10,16.32,16.32,16.06,16.22,51118
2015-04-13,16.32,16.68,16.26,16.56,42834
2015-04-14,16.66,17.0,16.61,16.91,47460
2015-04-15,17.09,17.18,16.8,16.97,56690
2015-04-16,16.81,16.92,16.66,16.72,53493
2015-04-17,16.57,16.57,16.0,16.28,101776
2015-04-20,16.46,16.95,16.29,16.4,55528
2015-04-21,16.54,16.78,16.42,16.57,26809
2015-04-22,16.64,16.79,16.37,16.65,50186
2015-04-23,16.67,17.12,16.4,17.07,47817
2015-04-24,17.16,17.25,17.04,17.14,41763
2015-04-27,17.17,17.5,16.85,16.99,64058
2015-04-28,17.09,17.45,17.02,17.2,35995
2015-04-29,17.17,17.2,16.8,17.06,61453
2015-04-30,16.94,16.96,16.41,16.56,90532
2015-05-01,16.61,16.82,16.45,16.73,115650
2015-05-04,16.74,17.1,16.61,16.64,58866
2015-05-05,16.56,16.88,16.45,16.62,78154
2015-05-06,16.73,16.92,16.46,16.91,74089
2015-05-07,17.35,17.93,16.93,17.71,71423
2015-05-08,18.0,18.26,17.85,18.15,84273
2015-05-11,18.1,18.3,17.86,17.87,61032
2015-05-12,17.82,17.93,17.33,17.93,39950
2015-05-13,18.0,18.14,17.88,18.01,36587
2015-05-14,18.16,18.5,18.15,18.34,44990
2015-05-15,18.31,18.38,18.09,18.2,32657
2015-05-18,18.17,18.36,17.1,18.15,50160
2015-05-19,18.19,18.32,17.95,18.22,42081
2015-05-20,18.33,18.47,18.14,18.23,74689
2015-05-21,18.24,18.46,18.19,18.22,48369
2015-05-22,18.21,18.34,17.95,18.25,71476
2015-05-26,18.08,18.4,17.93,18.0,80196
2015-05-27,18.1,18.49,17.93,18.49,48492
2015-05-28,18.48,18.49,18.32,18.41,19430
2015-05-29,18.36,18.38,17.85,17.92,117992
2015-06-01,18.08,18.19,17.6,17.98,54501
2015-06-02,17.89,18.54,17.89,17.98,74552
2015-06-03,18.08,18.71,18.08,18.67,56018
2015-06-04,18.42,18.58,18.29,18.49,35543
2015-06-05,18.39,18.75,18.17,18.73,52238
2015-06-08,18.66,18.78,18.41,18.65,51216
2015-06-09,18.7,18.73,18.38,18.46,26004
2015-06-10,18.7,20.07,18.7,19.94,91016
2015-06-11,20.17,20.26,19.41,20.2,91022
2015-06-12,20.15,20.5,19.71,19.97,104237
2015-06-15,20.25,20.8,19.42,20.76,225724
2015-06-16,20.65,20.99,20.5,20.81,114783
2015-06-17,21.09,21.24,20.76,20.83,96952
2015-06-18,20.98,21.06,20.56,20.69,150241
2015-06-19,20.76,21.38,20.76,20.9,286661
2015-06-22,21.09,21.1,20.91,20.96,152550
2015-06-23,21.01,21.01,20.85,20.95,94858
2015-06-24,21.12,21.12,20.68,20.69,151545
2015-06-25,20.75,20.97,20.63,20.81,169534
2015-06-26,20.78,20.9,20.48,20.61,232044
2015-06-29,20.5,20.78,20.2,20.25,94517
2015-06-30,20.53,20.53,20.24,20.37,133010
2015-07-01,20.5,20.62,19.97,20.08,157430
2015-07-02,20.11,20.34,19.92,19.99,92651
2015-07-06,19.7,20.15,19.7,19.95,239810
2015-07-07,20.02,20.04,19.62,19.84,144634
2015-07-08,19.61,19.96,19.39,19.54,117877
2015-07-09,19.9,19.98,19.34,19.35,132042
2015-07-10,19.75,21.49,19.73,20.78,190503
2015-07-13,20.89,21.26,20.46,20.8,159751
2015-07-14,20.73,21.07,20.72,20.83,56201
2015-07-15,20.76,20.92,20.57,20.69,161486
2015-07-16,20.86,21.15,20.86,20.9,312109
2015-07-17,20.91,21.08,20.27,20.27,175806
2015-07-20,20.08,20.18,19.82,19.89,198287
2015-07-21,19.85,20.16,19.58,19.86,192283
2015-07-22,19.79,20.23,19.79,20.2,148459
2015-07-23,20.23,20.27,19.58,19.65,89319
2015-07-24,19.58,19.74,19.01,19.24,167060
2015-07-27,18.98,19.38,18.85,18.9,117926
2015-07-28,19.06,19.24,18.75,18.98,105775
2015-07-29,19.0,19.29,18.88,19.01,105198
2015-07-30,18.87,19.03,18.72,18.99,119188
2015-07-31,19.08,19.42,19.01,19.14,86464
2015-08-03,19.06,19.14,18.56,18.89,70965
2015-08-04,18.84,19.13,18.84,18.94,71801
2015-08-05,19.13,19.27,18.69,18.74,84516
2015-08-06,21.2,21.2,19.58,19.74,175013
2015-08-07,19.57,19.99,19.51,19.62,78454
2015-08-10,19.72,19.72,19.1,19.4,162063
2015-08-11,19.2,19.38,19.06,19.24,179215
2015-08-12,19.01,19.43,18.8,19.27,182456
2015-08-13,19.28,19.38,18.93,19.02,211324
2015-08-14,18.94,19.2,18.53,18.72,211643
2015-08-17,18.6,18.83,18.42,18.68,438747
2015-08-18,18.58,18.75,18.57,18.6,137652
2015-08-19,18.5,18.63,18.29,18.4,108568
2015-08-20,18.23,18.46,17.93,17.94,133554
2015-08-21,17.59,17.78,17.36,17.57,301383
2015-08-24,16.8,17.24,16.39,16.52,303096
2015-08-25,17.14,17.14,16.03,16.1,150254
2015-08-26,16.49,16.85,16.02,16.37,142507
2015-08-27,16.52,16.64,16.26,16.51,153020
2015-08-28,16.4,16.61,16.17,16.51,177191
2015-08-31,16.43,16.73,16.26,16.39,209908
2015-09-01,16.0,16.24,15.94,16.0,416906
2015-09-02,16.24,16.69,16.12,16.68,196970
2015-09-03,16.69,16.92,16.44,16.5,117221
2015-09-04,16.23,16.47,16.08,16.39,123956
2015-09-08,16.76,16.86,16.53,16.56,145446
2015-09-09,16.77,17.07,16.61,16.77,135607
2015-09-10,16.67,16.76,16.41,16.5,127732
2015-09-11,16.37,17.03,16.37,16.92,231573
2015-09-14,16.92,16.92,16.54,16.67,73330
2015-09-15,16.67,17.08,16.59,17.02,120432
2015-09-16,17.03,17.48,16.99,17.44,104614
2015-09-17,17.38,17.67,17.32,17.46,160559
2015-09-18,17.16,17.26,16.57,16.7,336777
2015-09-21,16.83,16.97,16.41,16.45,124938
2015-09-22,16.28,16.35,15.95,16.29,152596
2015-09-23,16.37,16.65,16.24,16.47,99820
2015-09-24,16.28,16.8,16.28,16.75,182108
2015-09-25,16.97,17.23,16.84,17.05,382192
2015-09-28,17.12,17.72,17.05,17.61,341317
2015-09-29,17.67,17.94,17.6,17.85,210122
2015-09-30,18.14,18.42,18.04,18.35,553161
2015-10-01,18.34,18.57,17.91,18.3,324908
2015-10-02,18.12,18.49,17.79,18.35,231550
2015-10-05,18.48,18.89,18.48,18.79,127144
2015-10-06,18.79,18.97,18.51,18.52,182280
2015-10-07,18.65,18.87,18.54,18.75,167755
2015-10-08,18.65,19.16,18.65,19.12,147351
2015-10-09,19.21,19.45,19.11,19.18,135207
2015-10-12,19.24,19.33,18.97,19.02,137359
2015-10-13,18.86,19.46,18.86,18.97,166484
2015-10-14,19.0,19.17,18.67,18.91,83759
2015-10-15,18.95,19.57,18.9,19.56,103175
2015-10-16,19.87,22.3,19.67,21.79,919095
2015-10-19,21.57,21.75,21.34,21.66,293813
2015-10-20,21.57,22.09,21.5,22.0,177282
2015-10-21,22.22,22.34,21.7,21.95,271433
2015-10-22,21.95,22.5,21.88,22.12,187876
2015-10-23,22.37,22.46,21.8,21.96,172059
2015-10-26,21.91,22.05,21.48,21.6,152806
2015-10-27,21.57,21.88,21.12,21.49,239832
2015-10-28,24.99,26.28,24.12,24.5,1544907
2015-10-29,24.71,25.17,24.26,24.89,726081
2015-10-30,24.84,25.37,24.5,25.32,632211
2015-11-02,25.71,26.29,25.66,25.95,720612
2015-11-03,25.82,26.19,25.37,25.88,362604
2015-11-04,26.01,26.44,25.85,26.21,238035
2015-11-05,26.34,26.38,25.44,25.99,286027
2015-11-06,25.79,26.42,25.65,26.1,220867
2015-11-09,26.0,26.87,25.71,26.58,265585
2015-11-10,26.4,26.78,26.14,26.31,214849
2015-11-11,26.47,26.47,26.02,26.04,205076
2015-11-12,25.74,25.79,25.0,25.07,209139
2015-11-13,24.84,25.42,24.56,25.2,397916
2015-11-16,25.01,25.3,24.56,25.19,353442
2015-11-17,25.25,25.56,24.99,25.27,261201
2015-11-18,25.4,25.69,25.2,25.68,355526
2015-11-19,25.4,25.4,24.65,25.25,576047
2015-11-20,25.42,25.62,25.29,25.47,391171
2015-11-23,25.5,25.65,25.38,25.55,233414
2015-11-24,25.34,26.32,25.3,26.08,200835
2015-11-25,26.04,26.34,25.76,25.81,77748
2015-11-27,25.78,26.21,25.71,25.94,43414
2015-11-30,26.12,26.83,25.89,26.69,426465
2015-12-01,26.69,26.84,25.93,26.28,426182
2015-12-02,26.11,26.65,26.09,26.6,239005
2015-12-03,26.79,27.53,26.78,27.16,249120
2015-12-04,27.29,27.89,27.16,27.31,329478
2015-12-07,27.32,27.66,26.89,27.11,260690
2015-12-08,26.87,27.17,26.16,26.2,179074
2015-12-09,26.05,26.73,25.01,25.38,178637
2015-12-10,25.24,25.44,24.89,25.34,216465
2015-12-11,25.0,25.33,24.96,25.14,297790
2015-12-14,25.2,25.42,24.64,24.91,330704
2015-12-15,24.97,25.21,24.62,24.88,235686
2015-12-16,24.98,25.74,24.71,25.12,216146
2015-12-17,25.1,25.25,24.18,24.2,250392
2015-12-18,24.13,24.7,23.87,23.91,650103
2015-12-21,24.08,24.34,23.93,24.33,222654
2015-12-22,24.25,24.89,24.01,24.85,136525
2015-12-23,25.04,25.04,24.62,25.0,175070
2015-12-24,25.0,25.23,24.79,25.02,58005
2015-12-28,25.02,25.26,24.79,25.17,170885
2015-12-29,25.28,25.6,25.1,25.45,177985
2015-12-30,25.43,26.19,25.15,26.01,219479
2015-12-31,26.01,26.12,25.42,25.44,290923
2016-01-04,25.02,25.44,24.06,24.08,257566
2016-01-05,24.19,24.46,23.58,23.88,215375
2016-01-06,23.71,24.19,23.4,23.82,217229
2016-01-07,23.38,23.93,22.81,23.04,283460
2016-01-08,23.02,23.35,22.04,22.19,491058
2016-01-11,22.33,22.67,21.84,22.01,175182
2016-01-12,22.16,22.41,21.34,21.59,194500
2016-01-13,21.65,21.73,20.85,20.93,422894
2016-01-14,21.03,21.36,20.53,21.21,350180
2016-01-15,20.67,21.59,20.65,21.57,314684
2016-01-19,21.65,21.68,20.96,21.22,416414
2016-01-20,20.98,21.74,20.65,21.46,289972
2016-01-21,21.52,21.63,20.28,20.3,237920
2016-01-22,20.58,21.06,20.37,20.71,361303
2016-01-25,20.64,20.74,19.88,20.01,179528
2016-01-26,20.13,20.49,20.07,20.32,335557
2016-01-27,20.31,20.37,19.94,20.14,207543
2016-01-28,20.29,20.45,20.12,20.29,174976
2016-01-29,20.31,21.24,20.31,21.24,271288
2016-02-01,21.0,21.0,20.47,20.6,181770
2016-02-02,20.44,20.77,19.94,20.1,186439
2016-02-03,20.24,20.33,19.62,20.02,157417
2016-02-04,19.98,20.87,19.87,20.28,173925
2016-02-05,20.17,20.42,19.7,19.75,216398
2016-02-08,19.56,20.27,19.29,19.58,230004
2016-02-09,19.32,19.71,19.16,19.24,139521
2016-02-10,19.32,19.6,18.77,18.79,241638
2016-02-11,18.32,18.84,18.23,18.78,297107
2016-02-12,18.98,19.36,18.96,19.07,210665
2016-02-16,19.28,19.37,19.01,19.28,159938
2016-02-17,19.35,20.21,19.1,20.12,216805
2016-02-18,25.38,26.99,24.02,25.17,901610
2016-02-19,25.1,25.34,24.54,25.02,341555
2016-02-22,24.2,24.91,23.59,24.15,592530
2016-02-23,24.01,24.64,23.91,24.26,271823
2016-02-24,24.09,24.57,23.63,24.52,303932
2016-02-25,24.5,25.06,24.27,25.02,210981
2016-02-26,25.11,25.28,24.36,24.95,211111
2016-02-29,24.93,25.35,24.71,24.72,258294
2016-03-01,24.95,25.38,24.92,25.3,209332
2016-03-02,25.46,26.13,25.06,26.02,286438
2016-03-03,26.1,26.17,25.27,25.48,201521
2016-03-04,25.4,26.22,25.34,26.17,292041
2016-03-07,26.07,26.5,26.0,26.04,275955
2016-03-08,26.0,26.04,25.18,25.55,214759
2016-03-09,25.59,25.71,25.24,25.28,225180
2016-03-10,25.47,25.68,24.86,25.07,268775
2016-03-11,25.15,25.44,24.97,25.29,205660
2016-03-14,25.29,25.75,25.16,25.62,196063
2016-03-15,25.61,26.0,25.3,25.94,278669
2016-03-16,25.87,26.01,25.22,25.79,182904
2016-03-17,25.7,26.89,25.5,26.81,276079
2016-03-18,26.97,27.04,26.59,26.61,329416
2016-03-21,26.63,26.77,26.26,26.37,158586
2016-03-22,26.25,27.49,26.13,27.25,290147
2016-03-23,27.25,27.46,26.0,26.05,285651
2016-03-24,25.75,26.7,25.6,26.6,166879
2016-03-28,26.72,27.17,26.3,26.56,131844
2016-03-29,26.43,27.89,26.0,27.81,199014
2016-03-30,28.09,28.66,27.71,28.3,198611
2016-03-31,28.35,28.75,27.95,28.6,200838
2016-04-01,28.35,28.54,27.45,28.28,205516
2016-04-04,28.36,28.55,26.5,26.91,293461
2016-04-05,26.57,26.95,26.4,26.73,183452
2016-04-06,26.67,26.87,26.51,26.73,209642
2016-04-07,26.5,26.99,26.26,26.49,299885
2016-04-08,26.78,27.43,26.58,27.14,156665
2016-04-11,27.36,28.0,26.76,26.93,131436
2016-04-12,27.01,27.38,26.7,26.76,107666
2016-04-13,26.84,27.43,26.82,27.35,124775
2016-04-14,27.32,27.54,27.0,27.35,140616
2016-04-15,27.37,27.84,27.19,27.68,137117
2016-04-18,27.69,28.07,27.48,27.95,149905
2016-04-19,28.09,28.18,27.6,27.97,112707
2016-04-20,27.88,28.05,27.48,27.9,123722
2016-04-21,27.96,28.2,27.46,27.93,152812
2016-04-22,27.99,28.54,27.82,27.99,109058
2016-04-25,27.99,28.07,27.21,27.47,131179
2016-04-26,27.55,27.72,27.1,27.62,95124
2016-04-27,27.75,28.48,27.38,27.79,99302
2016-04-28,27.62,28.0,27.39,27.52,148107
2016-04-29,27.38,27.38,26.11,26.45,211687
2016-05-02,26.61,27.01,26.36,26.95,175664
2016-05-03,26.89,27.2,25.0,25.12,283354
2016-05-04,25.07,25.81,24.77,25.14,295918
2016-05-05,25.16,25.67,25.16,25.24,315867
2016-05-06,24.72,29.63,24.12,29.3,586023
2016-05-09,29.91,30.0,26.53,26.85,519148
2016-05-10,26.84,27.67,26.7,27.57,233185
2016-05-11,27.47,28.05,27.2,27.73,239118
2016-05-12,27.69,28.14,27.61,27.91,150070
2016-05-13,27.87,28.04,27.33,27.49,168666
2016-05-16,27.65,28.15,27.65,27.8,237159
2016-05-17,27.67,28.03,27.43,27.7,417318
2016-05-18,27.62,28.34,27.4,27.85,160911
2016-05-19,27.55,27.88,27.18,27.69,121948
2016-05-20,27.87,28.58,27.58,28.44,226227
2016-05-23,28.43,28.73,28.3,28.4,130620
2016-05-24,28.64,29.76,28.53,29.49,169717
2016-05-25,29.66,29.97,29.57,29.7,185121
