Date,Open,High,Low,Close,Volume
2000-06-29,2.54,2.54,2.41,2.52,200900
2000-06-30,2.52,2.63,2.43,2.49,186800
2000-07-03,2.43,2.49,2.41,2.41,101800
2000-07-05,2.47,2.47,2.41,2.41,40000
2000-07-06,2.37,2.52,2.15,2.45,482200
2000-07-07,2.4,2.56,2.34,2.56,149799
2000-07-10,2.56,3.0,2.54,2.91,1110301
2000-07-11,2.93,3.06,2.91,2.97,1229199
2000-07-12,2.97,3.1,2.89,2.93,585201
2000-07-13,3.0,3.0,2.89,2.97,693299
2000-07-14,2.95,3.0,2.93,2.94,124099
2000-07-17,2.93,3.02,2.93,2.96,253398
2000-07-18,2.97,3.0,2.93,2.96,96700
2000-07-19,3.04,3.04,2.93,2.97,128199
2000-07-20,2.95,2.97,2.91,2.97,283500
2000-07-21,2.95,2.95,2.84,2.86,90598
2000-07-24,2.83,2.86,2.73,2.73,145699
2000-07-25,2.69,2.8,2.69,2.75,255201
2000-07-26,2.78,2.87,2.76,2.82,121000
2000-07-27,2.78,2.82,2.71,2.76,276898
2000-07-28,2.78,2.89,2.78,2.82,93298
2000-07-31,2.82,2.99,2.74,2.95,482200
2000-08-01,2.97,3.08,2.95,2.96,460299
2000-08-02,2.93,2.99,2.93,2.97,370501
2000-08-03,2.88,2.91,2.52,2.87,453799
2000-08-04,2.97,3.08,2.78,2.99,716199
2000-08-07,0.0,3.64,3.0,3.49,2157901
2000-08-08,3.49,3.78,3.34,3.39,823399
2000-08-09,3.41,3.49,3.19,3.19,392702
2000-08-10,3.19,3.39,3.15,3.17,182000
2000-08-11,3.26,3.56,3.19,3.45,415901
2000-08-14,3.42,3.52,3.26,3.41,169901
2000-08-15,3.3,3.38,3.12,3.25,378699
2000-08-16,3.34,3.34,3.15,3.25,190100
2000-08-17,3.25,3.64,3.23,3.36,543500
2000-08-18,3.41,3.62,3.34,3.49,346201
2000-08-21,3.48,3.56,3.43,3.52,371800
2000-08-22,3.47,3.75,3.47,3.71,853200
2000-08-23,3.56,3.78,3.56,3.71,394301
2000-08-24,3.71,3.78,3.71,3.71,249001
2000-08-25,3.75,4.27,3.71,4.04,1171800
2000-08-28,0.0,4.71,4.08,4.49,2066101
2000-08-29,4.49,4.82,4.41,4.45,882799
2000-08-30,4.53,4.67,4.49,4.56,304901
2000-08-31,4.53,4.75,4.45,4.66,854402
2000-09-01,4.64,4.78,4.49,4.73,428601
2000-09-05,4.53,5.12,4.47,5.01,1563702
2000-09-06,5.01,5.62,4.99,5.53,1932700
2000-09-07,5.85,6.01,5.6,5.69,1756799
2000-09-08,5.75,5.75,5.08,5.17,949900
2000-09-11,5.21,5.45,5.19,5.3,543902
2000-09-12,5.3,5.3,5.16,5.23,308499
2000-09-13,5.19,5.27,5.1,5.19,315299
2000-09-14,5.22,5.36,5.01,5.01,511100
2000-09-15,5.01,5.01,4.62,4.62,773601
2000-09-18,4.66,4.91,4.64,4.77,301600
2000-09-19,4.9,5.01,4.6,4.67,217799
2000-09-20,4.67,4.88,4.64,4.67,288900
2000-09-21,4.71,4.74,4.38,4.53,340801
2000-09-22,4.53,4.56,4.19,4.45,394801
2000-09-25,4.47,4.49,4.08,4.15,895499
2000-09-26,4.08,4.9,4.01,4.6,500702
2000-09-27,4.78,5.19,4.38,4.38,438099
2000-09-28,4.38,4.6,3.75,4.04,808502
2000-09-29,4.06,4.67,4.06,4.41,344398
2000-10-02,4.27,4.34,4.1,4.14,268798
2000-10-03,4.15,4.49,4.14,4.3,280101
2000-10-04,4.3,4.45,4.28,4.4,209301
2000-10-05,4.08,4.23,3.93,4.04,815299
2000-10-06,4.08,4.08,3.56,3.88,190900
2000-10-09,3.75,3.75,3.08,3.26,447501
2000-10-10,3.3,3.41,3.17,3.23,161801
2000-10-11,3.23,3.3,3.08,3.15,525298
2000-10-12,3.23,3.23,2.67,2.75,813500
2000-10-13,2.68,2.81,2.37,2.76,860699
2000-10-16,2.81,2.97,2.56,2.93,772099
2000-10-17,2.95,3.0,2.69,2.71,115999
2000-10-18,2.75,2.88,2.52,2.76,238201
2000-10-19,2.94,3.77,2.93,3.77,634902
2000-10-20,3.86,4.32,3.84,4.01,500702
2000-10-23,4.01,4.53,4.01,4.53,698200
2000-10-24,4.45,4.46,4.08,4.19,128199
2000-10-25,4.15,4.17,3.78,3.8,169300
2000-10-26,3.86,4.1,3.26,3.62,661902
2000-10-27,3.65,4.12,3.65,3.82,117501
2000-10-30,3.95,4.12,3.75,3.91,109900
2000-10-31,3.91,4.6,3.89,4.53,330001
2000-11-01,4.47,4.58,4.27,4.45,185500
2000-11-02,4.49,4.58,4.27,4.38,109401
2000-11-03,4.38,4.88,4.36,4.71,585799
2000-11-06,4.6,5.04,4.56,4.69,348401
2000-11-07,4.71,4.78,4.67,4.78,240499
2000-11-08,4.86,4.97,4.73,4.9,91800
2000-11-09,4.75,4.99,4.53,4.75,266098
2000-11-10,4.73,4.73,4.45,4.49,258501
2000-11-13,4.49,4.49,4.1,4.23,286399
2000-11-14,4.23,4.6,4.23,4.49,88600
2000-11-15,4.49,4.58,4.41,4.53,83200
2000-11-16,4.51,4.75,4.45,4.67,216601
2000-11-17,4.6,4.71,4.6,4.66,103100
2000-11-20,4.53,4.75,4.51,4.6,350200
2000-11-21,4.65,4.97,4.6,4.67,440201
2000-11-22,4.64,4.9,4.64,4.82,387302
2000-11-24,4.75,5.23,4.67,5.12,291600
2000-11-27,5.19,5.93,5.04,5.79,1920500
2000-11-28,5.79,6.79,5.77,6.19,3662101
2000-11-29,6.21,6.23,5.68,6.14,794300
2000-11-30,5.92,6.06,5.75,5.97,1074401
2000-12-01,5.88,6.21,5.62,5.62,373201
2000-12-04,5.64,6.14,5.64,5.99,379498
2000-12-05,6.03,7.42,6.01,6.97,1981101
2000-12-06,6.88,7.12,6.6,6.79,1143501
2000-12-07,6.72,6.82,6.6,6.71,393599
2000-12-08,6.72,7.1,6.71,6.73,552801
2000-12-11,6.68,6.68,6.31,6.45,539301
2000-12-12,6.33,6.38,6.12,6.19,356201
2000-12-13,6.21,6.21,5.27,5.46,812599
2000-12-14,5.42,5.68,5.3,5.3,222500
2000-12-15,5.45,5.45,4.32,4.84,1522199
2000-12-18,4.75,5.27,4.75,5.27,407801
2000-12-19,4.97,5.56,4.9,5.34,229500
2000-12-20,5.34,5.34,4.3,4.53,909400
2000-12-21,4.75,5.68,4.74,5.17,666701
2000-12-22,5.34,5.51,5.19,5.45,201201
2000-12-26,5.45,5.49,5.25,5.27,329201
2000-12-27,5.03,5.53,4.97,5.51,1201601
2000-12-28,5.47,6.82,5.36,6.81,1523499
2000-12-29,6.62,6.9,6.29,6.34,758599
2001-01-02,6.34,6.82,5.95,6.6,480499
2001-01-03,6.46,7.27,6.38,7.12,749199
2001-01-04,7.01,7.77,6.86,7.55,1540202
2001-01-05,7.58,8.27,7.42,8.23,1465999
2001-01-08,7.92,8.72,7.77,8.66,1939100
2001-01-09,8.59,8.64,7.46,7.7,2184401
2001-01-10,7.6,7.75,6.79,7.12,1526702
2001-01-11,7.06,7.72,6.77,7.01,2183500
2001-01-12,7.01,8.01,6.82,7.79,1236701
2001-01-16,7.94,8.77,7.86,8.64,1665400
2001-01-17,8.7,9.2,8.68,8.94,1985199
2001-01-18,8.88,9.2,7.94,7.96,2897201
2001-01-19,8.12,8.16,7.38,7.53,1140001
2001-01-22,7.57,8.46,7.51,8.01,2751401
2001-01-23,8.02,8.09,7.72,7.72,1058900
2001-01-24,7.81,8.38,7.81,8.09,1169100
2001-01-25,7.88,8.42,7.86,8.14,558201
2001-01-26,8.09,8.09,7.42,7.42,257101
2001-01-29,7.55,8.2,7.38,8.18,336298
2001-01-30,7.9,8.57,7.9,8.23,510199
2001-01-31,8.23,8.53,7.96,8.05,776301
2001-02-01,8.31,8.31,7.6,8.09,510199
2001-02-02,8.01,8.31,8.01,8.2,712699
2001-02-05,8.18,8.46,8.05,8.14,592100
2001-02-06,8.14,8.49,7.9,8.01,330898
2001-02-07,7.94,8.27,7.86,8.22,257101
2001-02-08,7.86,8.42,7.64,8.35,1656399
2001-02-09,8.2,8.75,8.2,8.38,1154301
2001-02-12,8.35,8.38,7.79,8.14,1612099
2001-02-13,8.07,8.75,7.86,8.25,794600
2001-02-14,8.44,8.87,8.31,8.72,746800
2001-02-15,8.75,8.79,8.23,8.75,666299
2001-02-16,8.55,8.98,8.46,8.53,455200
2001-02-20,8.53,8.64,8.35,8.59,561799
2001-02-21,8.57,8.59,8.12,8.27,516301
2001-02-22,8.2,8.61,8.2,8.42,1000401
2001-02-23,8.4,8.44,7.72,8.16,942901
2001-02-26,8.23,8.29,8.12,8.25,323399
2001-02-27,8.24,8.48,7.7,8.4,706900
2001-02-28,8.39,8.75,8.09,8.4,488899
2001-03-01,8.27,8.27,6.62,7.33,1803100
2001-03-02,7.16,8.14,7.05,7.53,1073000
2001-03-05,7.63,7.7,6.34,6.57,1002200
2001-03-06,6.64,7.14,5.73,6.9,1586199
2001-03-07,6.9,7.27,6.82,7.27,375401
2001-03-08,6.97,7.22,6.86,7.01,736401
2001-03-09,7.01,7.01,6.86,6.86,935499
2001-03-12,6.86,7.01,6.53,6.96,927399
2001-03-13,6.87,6.92,6.53,6.82,965800
2001-03-14,6.57,7.03,6.53,6.77,460299
2001-03-15,6.71,7.27,6.62,7.12,846302
2001-03-16,7.1,7.34,6.97,7.05,288201
2001-03-19,7.05,7.97,7.03,7.66,658800
2001-03-20,7.72,8.01,6.96,7.11,562802
2001-03-21,7.08,7.08,6.47,6.64,374699
2001-03-22,6.62,6.9,6.12,6.81,705399
2001-03-23,6.99,7.12,6.42,6.51,571198
2001-03-26,6.54,6.66,6.49,6.55,149799
2001-03-27,6.53,7.31,6.53,7.01,597301
2001-03-28,6.97,6.97,6.49,6.64,143600
2001-03-29,6.64,6.66,6.23,6.53,466401
2001-03-30,6.45,6.66,6.12,6.57,291799
2001-04-02,6.6,6.6,6.1,6.12,375999
2001-04-03,6.1,6.12,5.28,5.73,550101
2001-04-04,5.75,5.82,5.56,5.81,317800
2001-04-05,5.81,5.82,5.42,5.58,307901
2001-04-06,5.53,5.6,4.53,4.6,6742599
2001-04-09,4.74,4.82,4.57,4.75,2650499
2001-04-10,4.76,4.78,4.45,4.48,1489198
2001-04-11,4.53,4.78,4.5,4.66,2529799
2001-04-12,4.61,5.33,4.37,5.25,2788600
2001-04-16,5.27,5.53,5.19,5.36,1913500
2001-04-17,5.35,5.56,5.33,5.51,375999
2001-04-18,5.55,6.26,5.5,6.23,988301
2001-04-19,6.17,6.26,5.92,5.96,475399
2001-04-20,5.96,6.16,5.64,5.8,479199
2001-04-23,5.67,6.56,5.66,6.19,788900
2001-04-24,6.14,6.65,5.91,6.36,1040300
2001-04-25,6.31,6.94,6.26,6.67,831600
2001-04-26,6.72,7.42,6.7,7.19,734599
2001-04-27,7.25,7.3,6.87,7.26,399701
2001-04-30,7.26,7.46,7.16,7.27,472699
2001-05-01,7.27,7.27,6.86,7.18,210300
2001-05-02,7.23,7.23,6.94,7.03,316599
2001-05-03,7.02,7.09,6.85,7.04,188801
2001-05-04,6.97,7.52,6.91,7.47,1088600
2001-05-07,7.46,7.77,7.43,7.69,993100
2001-05-08,7.72,7.81,7.7,7.8,315701
2001-05-09,7.8,8.16,7.76,7.96,364601
2001-05-10,7.97,8.15,7.64,7.87,231798
2001-05-11,7.86,7.86,7.52,7.69,403400
2001-05-14,7.69,7.69,7.53,7.6,203000
2001-05-15,7.57,7.86,7.52,7.82,195099
2001-05-16,7.79,8.01,7.77,8.01,116900
2001-05-17,7.95,8.49,7.95,8.28,1328201
2001-05-18,8.31,8.34,8.23,8.34,181599
2001-05-21,8.34,8.34,8.13,8.28,415000
2001-05-22,8.34,8.34,8.18,8.24,299298
2001-05-23,8.26,8.26,7.77,7.92,875300
2001-05-24,7.92,7.92,7.3,7.4,765399
2001-05-25,7.4,7.7,7.34,7.51,393400
2001-05-29,7.57,7.57,7.23,7.42,349798
2001-05-30,7.37,7.5,7.34,7.39,477799
2001-05-31,7.46,8.1,7.44,7.97,1001200
2001-06-01,7.98,8.09,7.72,7.76,773499
2001-06-04,7.77,8.39,7.76,8.15,1054401
2001-06-05,8.11,8.75,8.11,8.71,1402502
2001-06-06,8.69,8.81,8.47,8.69,1415600
2001-06-07,8.74,8.83,8.61,8.83,505099
2001-06-08,8.75,9.34,8.75,9.14,1418998
2001-06-11,9.18,9.44,9.01,9.38,1529499
2001-06-12,9.33,9.59,9.07,9.5,1192998
2001-06-13,9.54,9.82,9.11,9.33,1473501
2001-06-14,9.18,9.18,8.86,8.93,1292699
2001-06-15,8.9,9.17,8.86,9.03,285798
2001-06-18,9.09,9.16,8.87,8.9,936100
2001-06-19,8.88,8.97,8.83,8.83,737799
2001-06-20,8.83,8.89,8.28,8.28,1270900
2001-06-21,8.31,8.37,8.06,8.31,1276300
2001-06-22,8.35,8.4,7.6,7.89,939701
2001-06-25,8.01,8.12,7.78,7.89,415901
2001-06-26,7.89,8.06,7.76,7.88,342299
2001-06-27,7.92,8.49,7.92,8.07,519001
2001-06-28,8.1,8.61,8.09,8.27,443900
2001-06-29,8.31,9.44,8.26,8.65,1300600
2001-07-02,8.75,9.1,8.61,8.93,553399
2001-07-03,8.99,9.11,8.89,9.06,222801
2001-07-05,9.02,9.11,8.92,9.05,211700
2001-07-06,8.9,8.96,8.89,8.95,747799
2001-07-09,8.93,9.19,8.91,9.06,241798
2001-07-10,9.07,9.18,8.89,8.91,839700
2001-07-11,8.89,9.24,8.88,8.99,620801
2001-07-12,9.25,10.45,9.21,10.01,3943498
2001-07-13,10.02,10.42,9.99,10.4,1483100
2001-07-16,10.37,10.37,10.1,10.2,352900
2001-07-17,10.11,10.42,10.09,10.39,470499
2001-07-18,10.24,10.42,10.22,10.31,373201
2001-07-19,10.31,10.53,9.64,9.69,1056800
2001-07-20,9.76,10.13,9.69,10.08,264799
2001-07-23,10.03,10.48,10.03,10.25,474501
2001-07-24,10.25,10.28,9.99,10.1,662702
2001-07-25,10.12,10.22,9.61,9.67,2071099
2001-07-26,9.35,9.57,9.14,9.43,1950801
2001-07-27,9.41,9.5,9.01,9.09,1477700
2001-07-30,9.07,9.26,9.05,9.19,397599
2001-07-31,9.25,9.71,9.21,9.44,774400
2001-08-01,9.48,9.55,9.22,9.28,634500
2001-08-02,9.37,9.4,8.89,9.31,939100
2001-08-03,9.34,9.35,8.9,9.23,323801
2001-08-06,9.11,9.14,8.84,8.92,703600
2001-08-07,8.95,9.05,8.85,8.98,638999
2001-08-08,9.04,9.72,8.98,9.07,945601
2001-08-09,9.48,9.94,9.48,9.84,2925501
2001-08-10,9.77,9.97,9.45,9.84,875600
2001-08-13,9.82,10.23,9.8,10.11,1233100
2001-08-14,10.18,10.39,10.14,10.35,1546901
2001-08-15,10.32,10.46,10.25,10.37,1163001
2001-08-16,10.37,10.37,9.84,10.06,1016499
2001-08-17,9.93,10.12,9.77,10.06,741099
2001-08-20,10.04,10.42,9.96,10.4,739999
2001-08-21,10.37,10.37,9.81,9.84,1018001
2001-08-22,9.91,9.91,8.98,9.24,3011101
2001-08-23,9.2,9.25,8.46,8.69,2573600
2001-08-24,8.75,8.86,8.56,8.75,3011702
2001-08-27,8.75,8.8,8.6,8.63,1408198
2001-08-28,8.66,8.78,8.03,8.18,1726502
2001-08-29,8.18,8.58,8.09,8.39,400299
2001-08-30,8.43,8.72,8.37,8.71,852599
2001-08-31,8.65,9.06,8.64,9.01,1396700
2001-09-04,9.01,9.06,8.58,8.61,1306901
2001-09-05,8.65,8.66,8.26,8.37,1105701
2001-09-06,8.53,8.96,8.28,8.37,1932700
2001-09-07,8.32,8.41,7.67,7.77,810500
2001-09-10,7.77,7.82,7.31,7.4,1633000
2001-09-17,7.24,7.24,6.02,6.02,3593599
2001-09-18,6.17,6.17,5.41,5.74,1709600
2001-09-19,5.85,5.85,4.9,5.57,1674101
2001-09-20,5.64,5.64,5.04,5.31,1414999
2001-09-21,4.84,5.18,4.76,4.81,1348900
2001-09-24,4.85,5.09,4.85,5.02,1557299
2001-09-25,5.1,5.1,5.02,5.04,770799
2001-09-26,5.04,5.1,4.5,4.67,786500
2001-09-27,4.71,4.71,4.3,4.48,398999
2001-09-28,4.49,4.54,4.41,4.47,839599
2001-10-01,4.47,4.47,3.82,4.08,5811500
2001-10-02,4.2,4.66,4.18,4.53,5409001
2001-10-03,4.53,5.37,4.27,5.15,7279801
2001-10-04,5.21,5.67,5.17,5.49,2236299
2001-10-05,5.52,5.91,5.04,5.77,1673500
2001-10-08,5.7,5.88,5.34,5.7,1306101
2001-10-09,5.66,5.74,5.3,5.39,826700
2001-10-10,5.34,5.91,5.34,5.87,998500
2001-10-11,5.89,6.5,5.89,6.41,1246198
2001-10-12,6.38,6.4,5.83,6.05,1741500
2001-10-15,5.95,6.25,5.88,6.23,862100
2001-10-16,6.17,6.3,6.02,6.11,529801
2001-10-17,6.13,6.26,5.85,5.86,728899
2001-10-18,5.85,5.85,5.33,5.54,689799
2001-10-19,5.59,5.64,5.4,5.59,917500
2001-10-22,5.54,5.86,5.33,5.35,713499
2001-10-23,5.35,6.1,4.91,5.26,4197801
2001-10-24,5.28,5.36,5.0,5.03,524401
2001-10-25,5.16,5.16,4.88,4.96,408399
2001-10-26,5.01,5.23,4.79,5.17,1396599
2001-10-29,5.23,5.23,4.88,5.1,327902
2001-10-30,5.07,5.07,4.5,5.07,623099
2001-10-31,5.09,5.3,4.93,4.95,536601
2001-11-01,4.95,5.21,4.92,5.01,761501
2001-11-02,4.97,5.34,4.81,5.22,926100
2001-11-05,5.29,5.47,5.2,5.24,896299
2001-11-06,5.27,5.41,4.99,5.33,584698
2001-11-07,5.34,5.39,5.12,5.3,365998
2001-11-08,5.4,5.47,5.11,5.28,410900
2001-11-09,5.33,5.33,5.0,5.19,141200
2001-11-12,5.21,5.28,4.9,5.22,299001
2001-11-13,5.27,5.46,5.2,5.42,216000
2001-11-14,5.46,5.86,5.46,5.72,590098
2001-11-15,5.82,6.14,5.82,5.96,690599
2001-11-16,5.99,5.99,5.61,5.68,1157601
2001-11-19,5.69,5.99,5.68,5.78,200300
2001-11-20,5.73,5.95,5.67,5.67,196901
2001-11-21,5.67,5.67,5.49,5.57,124301
2001-11-23,5.59,5.59,5.48,5.51,107200
2001-11-26,5.52,5.59,5.41,5.45,211700
2001-11-27,5.43,5.55,5.33,5.42,98698
2001-11-28,5.49,5.49,5.22,5.33,195099
2001-11-29,5.27,5.28,5.12,5.25,203901
2001-11-30,5.28,5.49,5.15,5.49,305201
2001-12-03,5.48,5.49,5.18,5.23,266001
2001-12-04,5.27,5.49,5.22,5.49,456199
2001-12-05,5.47,5.78,5.47,5.68,397501
2001-12-06,5.67,5.77,5.5,5.73,235099
2001-12-07,5.61,5.74,5.5,5.57,170600
2001-12-10,5.58,5.67,5.55,5.61,262801
2001-12-11,5.62,5.64,5.32,5.42,663599
2001-12-12,5.46,5.6,5.42,5.54,183701
2001-12-13,5.57,5.74,5.44,5.49,288498
2001-12-14,5.58,5.63,5.37,5.46,262099
2001-12-17,5.48,5.62,5.43,5.57,205700
2001-12-18,5.48,5.74,5.42,5.68,371999
2001-12-19,5.67,5.71,5.47,5.65,203101
2001-12-20,5.64,5.97,5.52,5.62,387598
2001-12-21,5.58,5.67,5.5,5.56,370001
2001-12-24,5.61,5.69,5.58,5.62,186401
2001-12-26,5.67,5.93,5.65,5.76,350200
2001-12-27,5.73,5.82,5.57,5.7,463300
2001-12-28,5.67,5.74,5.47,5.47,1164601
2001-12-31,5.49,5.65,5.41,5.54,1027401
2002-01-02,5.58,6.28,5.58,6.19,1693400
2002-01-03,6.41,6.82,6.33,6.77,2343799
2002-01-04,6.94,7.28,6.85,7.13,2040501
2002-01-07,7.11,7.32,7.09,7.14,1449299
2002-01-08,7.1,7.57,6.91,7.39,1087901
2002-01-09,7.36,7.62,7.21,7.29,2083998
2002-01-10,7.27,7.74,7.27,7.7,951898
2002-01-11,7.7,7.77,7.22,7.25,1616800
2002-01-14,7.27,7.27,6.73,6.85,1436299
2002-01-15,6.6,6.8,6.52,6.59,421301
2002-01-16,6.62,6.97,6.53,6.76,573001
2002-01-17,6.77,6.93,6.6,6.78,327902
2002-01-18,6.75,6.78,6.59,6.61,226398
2002-01-22,6.7,7.07,6.31,6.99,1858501
2002-01-23,6.94,7.45,6.94,7.08,1401901
2002-01-24,7.11,7.17,7.04,7.11,233698
2002-01-25,7.1,7.12,6.77,6.96,554702
2002-01-28,6.94,7.24,6.78,7.14,546001
2002-01-29,7.21,7.41,6.76,6.99,423100
2002-01-30,6.92,7.02,6.8,6.95,118300
2002-01-31,6.88,7.15,6.88,7.03,217799
2002-02-01,7.03,7.03,6.71,6.8,182901
2002-02-04,6.81,6.81,6.4,6.41,434801
2002-02-05,6.4,6.62,6.05,6.5,803699
2002-02-06,6.6,6.63,6.23,6.23,414501
2002-02-07,6.21,6.35,5.89,5.92,687899
2002-02-08,5.91,6.03,5.74,5.93,360598
2002-02-11,5.83,6.22,5.79,6.08,566399
2002-02-12,6.0,6.0,5.76,5.76,745899
2002-02-13,5.82,5.98,5.79,5.8,686701
2002-02-14,5.78,5.86,5.61,5.61,553699
2002-02-15,5.6,5.64,5.42,5.43,654699
2002-02-19,5.7,5.99,5.64,5.67,1712300
2002-02-20,5.67,6.53,5.65,6.36,1402798
2002-02-21,6.34,6.53,6.23,6.35,778899
2002-02-22,6.26,6.46,6.1,6.41,535802
2002-02-25,6.42,6.75,6.42,6.54,576302
2002-02-26,6.59,6.91,6.56,6.88,514202
2002-02-27,6.87,7.03,6.71,6.71,407501
2002-02-28,6.69,6.91,6.59,6.74,246301
2002-03-01,6.69,7.14,6.69,7.12,1054401
2002-03-04,7.12,7.19,6.82,6.85,981001
2002-03-05,6.82,6.93,6.78,6.86,952600
2002-03-06,6.84,7.07,6.82,7.03,731599
2002-03-07,7.08,7.45,6.97,7.04,1742702
2002-03-08,7.14,7.24,7.0,7.05,1129501
2002-03-11,7.03,7.19,6.94,6.97,196300
2002-03-12,6.94,6.96,6.77,6.86,691200
2002-03-13,6.87,6.88,6.69,6.87,643899
2002-03-14,6.88,7.0,6.79,6.81,294901
2002-03-15,6.81,6.93,6.81,6.87,93298
2002-03-18,6.93,6.96,6.87,6.93,65701
2002-03-19,6.96,7.11,6.96,7.01,193101
2002-03-20,6.99,7.06,6.94,6.96,382799
2002-03-21,6.96,7.11,6.8,7.1,702800
2002-03-22,7.09,7.1,6.93,6.96,847699
2002-03-25,7.03,7.03,6.86,6.88,195500
2002-03-26,6.88,7.04,6.8,6.81,1169701
2002-03-27,6.85,6.85,6.06,6.32,2658201
2002-03-28,6.39,6.5,6.18,6.25,798700
2002-04-01,6.14,6.14,6.01,6.04,645702
2002-04-02,6.11,6.11,5.95,6.02,602502
2002-04-03,6.03,6.16,5.95,6.09,447400
2002-04-04,6.09,6.32,6.04,6.3,832100
2002-04-05,6.32,6.53,6.25,6.53,667302
2002-04-08,6.45,6.61,6.37,6.39,1515399
2002-04-09,6.4,6.56,6.26,6.35,1356099
2002-04-10,6.32,6.48,6.19,6.43,1220201
2002-04-11,6.01,6.58,5.99,6.25,3994798
2002-04-12,6.3,6.71,6.25,6.59,660002
2002-04-15,6.66,6.83,6.53,6.61,1130001
2002-04-16,6.63,6.73,6.45,6.53,586700
2002-04-17,6.54,6.78,6.5,6.68,878000
2002-04-18,6.68,6.89,6.29,6.45,3098999
2002-04-19,6.41,6.59,6.3,6.38,1948101
2002-04-22,6.34,7.35,6.22,7.18,3994502
2002-04-23,7.03,7.12,6.83,6.89,1343000
2002-04-24,6.9,7.08,6.73,6.79,1034600
2002-04-25,6.88,6.94,6.65,6.91,897801
2002-04-26,6.85,7.03,6.68,6.68,377399
2002-04-29,6.8,6.81,6.51,6.53,320098
2002-04-30,6.53,6.74,6.53,6.64,465699
2002-05-01,6.64,6.64,6.38,6.45,955800
2002-05-02,6.45,6.61,6.4,6.47,717501
2002-05-03,6.45,6.51,6.22,6.48,220101
2002-05-06,6.4,6.47,6.31,6.34,323200
2002-05-07,6.34,6.42,6.05,6.09,638499
2002-05-08,6.07,6.25,5.99,6.04,891000
2002-05-09,5.99,6.56,5.9,6.29,1162498
2002-05-10,6.26,6.34,6.13,6.17,516902
2002-05-13,6.32,6.35,6.23,6.26,130400
2002-05-14,6.35,6.77,6.35,6.68,703600
2002-05-15,6.59,6.59,6.38,6.48,390002
2002-05-16,6.35,6.51,6.35,6.41,102100
2002-05-17,6.42,6.45,6.32,6.35,222801
2002-05-20,6.32,6.52,6.22,6.22,379900
2002-05-21,6.22,6.29,6.15,6.23,692499
2002-05-22,6.2,6.2,5.85,5.92,1451999
2002-05-23,5.93,6.05,5.72,5.81,730299
2002-05-24,5.77,5.93,5.7,5.77,1054401
2002-05-28,5.79,5.87,5.67,5.74,290398
2002-05-29,5.41,5.44,5.12,5.3,5487898
2002-05-30,5.28,5.41,5.25,5.35,812700
2002-05-31,5.33,5.71,5.3,5.5,439401
2002-06-03,5.5,5.57,5.37,5.41,316501
2002-06-04,5.37,5.47,5.32,5.32,462399
2002-06-05,5.36,5.53,5.36,5.52,240300
2002-06-06,5.49,5.58,5.33,5.47,270901
2002-06-07,5.36,5.52,5.31,5.52,164501
2002-06-10,5.52,5.71,5.49,5.55,185001
2002-06-11,5.62,5.71,5.45,5.48,169401
2002-06-12,5.56,5.67,5.44,5.52,97801
2002-06-13,5.5,5.82,5.5,5.74,735099
2002-06-14,5.69,5.77,5.55,5.66,645702
2002-06-17,5.56,5.9,5.56,5.83,314698
2002-06-18,5.84,5.96,5.7,5.71,482800
2002-06-19,5.69,5.85,5.64,5.64,147201
2002-06-20,5.67,5.76,5.44,5.58,333598
2002-06-21,5.54,5.61,5.39,5.41,185001
2002-06-24,5.49,5.53,5.37,5.5,256699
2002-06-25,5.53,5.61,5.33,5.4,1117101
2002-06-26,5.34,5.41,5.21,5.32,454899
2002-06-27,5.34,5.71,5.34,5.59,504299
2002-06-28,5.65,6.03,5.62,6.02,907200
2002-07-01,6.03,6.1,5.88,6.01,969901
2002-07-02,6.02,6.1,5.85,5.94,437501
2002-07-03,5.86,5.93,5.77,5.87,276801
2002-07-05,5.88,6.02,5.88,6.02,190401
2002-07-08,5.95,6.2,5.92,5.92,415601
2002-07-09,5.94,6.3,5.94,6.25,1456100
2002-07-10,6.25,6.27,6.2,6.24,1077999
2002-07-11,6.23,6.26,5.72,5.88,1163700
2002-07-12,5.88,5.92,5.69,5.78,328198
2002-07-15,5.78,5.78,5.47,5.54,650700
2002-07-16,5.56,5.59,5.22,5.24,419600
2002-07-17,5.27,5.49,4.89,5.03,721700
2002-07-18,4.97,5.24,4.97,5.05,228801
2002-07-19,5.05,5.1,4.91,5.01,215099
2002-07-22,5.02,5.04,4.67,4.76,440201
2002-07-23,4.82,4.9,4.71,4.75,561799
2002-07-24,4.73,5.13,4.66,5.11,465699
2002-07-25,5.13,5.13,4.99,5.1,841499
2002-07-26,5.09,5.1,4.96,5.04,715699
2002-07-29,5.1,5.53,5.0,5.37,1828501
2002-07-30,5.16,5.56,4.93,5.31,1082501
2002-07-31,5.28,5.34,4.88,5.16,1269601
2002-08-01,4.99,4.99,4.66,4.69,2348399
2002-08-02,4.67,4.67,4.27,4.58,2188498
2002-08-05,4.6,4.61,4.17,4.17,472399
2002-08-06,4.29,4.49,4.18,4.37,463300
2002-08-07,4.39,4.45,3.93,4.31,840200
2002-08-08,4.3,4.36,4.09,4.3,884699
2002-08-09,4.26,4.26,4.1,4.15,215301
2002-08-12,4.17,4.23,4.02,4.13,867200
2002-08-13,4.14,4.4,4.14,4.27,877500
2002-08-14,4.27,4.42,4.17,4.17,725601
2002-08-15,4.2,4.38,4.2,4.35,517799
2002-08-16,4.3,4.37,4.22,4.35,760900
2002-08-19,4.35,4.48,4.27,4.31,932998
2002-08-20,4.3,4.39,4.18,4.27,1130898
2002-08-21,4.37,4.38,4.19,4.31,636599
2002-08-22,4.26,4.34,4.17,4.18,579002
2002-08-23,4.18,4.24,4.14,4.15,1217801
2002-08-26,3.91,4.48,3.89,4.01,4052001
2002-08-27,3.95,4.01,3.77,3.92,1950500
2002-08-28,3.9,3.95,3.71,3.94,367001
2002-08-29,3.94,3.95,3.84,3.93,358499
2002-08-30,3.92,4.11,3.92,4.01,504299
2002-09-03,4.01,4.01,3.9,3.92,384898
2002-09-04,3.92,4.01,3.92,3.97,473300
2002-09-05,3.95,4.05,3.86,3.9,1055501
2002-09-06,3.82,4.14,3.79,4.12,881999
2002-09-09,4.1,4.43,4.08,4.35,452901
2002-09-10,4.36,4.42,4.24,4.39,628499
2002-09-11,4.39,4.48,4.36,4.43,440799
2002-09-12,4.45,4.46,4.36,4.44,523699
2002-09-13,4.44,4.8,4.38,4.67,1314201
2002-09-16,4.67,4.67,4.44,4.53,307199
2002-09-17,4.53,4.6,4.23,4.23,616002
2002-09-18,4.22,4.4,4.15,4.33,564499
2002-09-19,4.24,4.37,4.18,4.35,596899
2002-09-20,4.33,4.35,4.15,4.21,1229998
2002-09-23,4.18,4.18,3.93,4.04,946299
2002-09-24,3.99,4.21,3.93,4.04,416499
2002-09-25,4.07,4.15,4.04,4.04,618101
2002-09-26,4.1,4.17,4.04,4.1,285501
2002-09-27,4.08,4.15,3.74,3.74,1136899
2002-09-30,3.73,3.77,3.42,3.5,1016601
2002-10-01,3.47,3.47,3.11,3.24,1165998
2002-10-02,3.23,3.42,3.16,3.2,2201199
2002-10-03,3.2,3.4,3.07,3.34,1829800
2002-10-04,3.34,3.37,3.01,3.2,1084101
2002-10-07,3.16,3.18,2.84,2.88,1021100
2002-10-08,2.89,3.09,2.89,2.96,2032401
2002-10-09,2.95,3.04,2.92,2.97,775700
2002-10-10,2.99,3.27,2.99,3.16,3006302
2002-10-11,3.18,3.89,3.18,3.67,2378001
2002-10-14,3.68,3.92,3.64,3.86,861800
2002-10-15,3.93,4.3,3.92,4.13,1438499
2002-10-16,4.11,4.11,3.89,4.01,702199
2002-10-17,4.06,4.24,4.05,4.15,526399
2002-10-18,4.15,4.24,4.01,4.15,336899
2002-10-21,4.15,4.23,3.81,4.13,1150801
2002-10-22,4.1,4.15,3.95,4.0,889502
2002-10-23,3.99,4.16,3.93,4.11,891800
2002-10-24,4.02,4.44,3.83,3.93,3326201
2002-10-25,3.92,4.23,3.82,3.9,1258801
2002-10-28,3.93,4.03,3.83,3.85,469300
2002-10-29,3.84,4.01,3.69,3.84,497600
2002-10-30,3.87,3.91,3.72,3.77,392998
2002-10-31,3.86,4.0,3.74,3.85,354902
2002-11-01,3.85,4.01,3.75,4.01,428500
2002-11-04,4.01,4.23,4.01,4.03,722199
2002-11-05,4.02,4.13,3.93,3.99,495700
2002-11-06,3.98,4.12,3.94,4.06,434801
2002-11-07,4.04,4.12,3.89,3.98,520999
2002-11-08,3.98,4.07,3.84,4.01,535400
2002-11-11,4.0,4.0,3.73,3.79,419199
2002-11-12,3.84,3.98,3.74,3.92,382600
2002-11-13,3.91,3.96,3.79,3.84,315299
2002-11-14,3.89,4.1,3.87,4.0,429999
2002-11-15,4.01,4.15,3.98,4.13,167201
2002-11-18,4.15,4.15,3.75,3.79,670899
2002-11-19,3.8,3.88,3.74,3.83,288900
2002-11-20,3.83,3.99,3.79,3.97,525002
2002-11-21,3.98,4.21,3.96,4.2,691200
2002-11-22,4.2,4.41,4.19,4.32,877500
2002-11-25,4.02,4.34,4.01,4.29,898199
2002-11-26,4.16,4.24,3.95,4.06,1126801
2002-11-27,4.06,4.17,3.71,4.04,2850400
2002-11-29,3.98,4.07,3.92,3.98,1064900
2002-12-02,4.12,4.3,3.96,4.0,1197501
2002-12-03,3.96,3.99,3.8,3.86,618300
2002-12-04,3.84,4.06,3.74,3.86,799301
2002-12-05,3.89,3.93,3.83,3.86,612701
2002-12-06,3.85,3.93,3.81,3.93,371800
2002-12-09,3.91,3.91,3.77,3.79,309700
2002-12-10,3.83,3.85,3.77,3.79,281401
2002-12-11,3.8,3.91,3.77,3.88,199000
2002-12-12,3.92,3.92,3.8,3.82,295201
2002-12-13,3.82,3.84,3.7,3.76,507799
2002-12-16,3.76,3.86,3.72,3.85,361199
2002-12-17,3.87,3.89,3.78,3.78,191001
2002-12-18,3.79,3.79,3.6,3.66,790999
2002-12-19,3.65,3.65,3.46,3.55,946900
2002-12-20,3.55,3.68,3.55,3.58,256699
2002-12-23,3.56,3.56,3.42,3.53,1039399
2002-12-24,3.47,3.49,3.34,3.43,411500
2002-12-26,3.43,3.63,3.42,3.46,473300
2002-12-27,3.49,3.71,3.46,3.68,1945401
2002-12-30,3.69,4.07,3.69,4.0,1320101
2002-12-31,3.97,4.08,3.93,3.98,1314201
2003-01-02,4.04,4.35,4.0,4.31,1104880
2003-01-03,4.26,4.36,4.13,4.31,999169
2003-01-06,4.32,4.74,4.31,4.46,2325466
2003-01-07,4.42,4.68,4.33,4.45,921689
2003-01-08,4.45,4.52,4.32,4.5,1051086
2003-01-09,4.65,5.12,4.64,4.77,3051742
2003-01-10,4.72,4.87,4.49,4.73,1570506
2003-01-13,4.82,5.07,4.74,5.0,3059036
2003-01-14,5.0,5.11,4.81,4.89,1242675
2003-01-15,4.9,4.91,4.67,4.77,989857
2003-01-16,4.77,4.98,4.67,4.94,2021325
2003-01-17,4.94,4.97,4.78,4.89,1207268
2003-01-21,4.91,4.93,4.64,4.66,851820
2003-01-22,4.63,4.63,4.37,4.43,1559132
2003-01-23,4.67,4.84,4.32,4.71,3407306
2003-01-24,4.69,4.87,4.49,4.55,3350042
2003-01-27,4.51,4.79,4.47,4.54,1007775
2003-01-28,4.64,4.79,4.59,4.74,750067
2003-01-29,4.64,4.84,4.63,4.81,396215
2003-01-30,4.8,4.88,4.67,4.68,543422
2003-01-31,4.72,4.83,4.6,4.74,616100
2003-02-03,4.74,4.86,4.6,4.67,420198
2003-02-04,4.64,4.63,4.47,4.49,662698
2003-02-05,4.48,4.74,4.47,4.63,509962
2003-02-06,4.64,4.65,4.44,4.49,1222044
2003-02-07,4.51,4.54,4.43,4.43,640130
2003-02-10,4.42,4.46,4.27,4.41,676742
2003-02-11,4.42,4.58,4.4,4.41,609147
2003-02-12,4.41,4.48,4.33,4.47,294891
2003-02-13,4.45,4.46,4.34,4.35,541350
2003-02-14,4.37,4.38,4.21,4.23,675803
2003-02-18,4.22,4.31,4.06,4.08,965588
2003-02-19,4.1,4.22,3.88,4.0,1286256
2003-02-20,4.04,4.1,3.88,3.94,1644948
2003-02-21,3.92,4.14,3.88,4.11,1475152
2003-02-24,4.11,4.21,3.99,4.02,1225162
2003-02-25,4.0,4.12,3.81,4.12,758902
2003-02-26,4.1,4.16,4.04,4.13,887534
2003-02-27,4.14,4.25,4.06,4.2,1422562
2003-02-28,4.22,4.26,4.09,4.1,463050
2003-03-03,4.12,4.23,4.01,4.18,820520
2003-03-04,3.92,4.22,3.84,3.95,2346044
2003-03-05,3.98,4.01,3.85,3.86,1326200
2003-03-06,3.85,4.01,3.79,3.98,767080
2003-03-07,3.98,4.16,3.89,4.05,751312
2003-03-10,4.07,4.08,3.91,3.96,429303
2003-03-11,3.97,4.07,3.9,4.0,316238
2003-03-12,3.93,4.12,3.89,3.93,467917
2003-03-13,3.99,4.27,3.93,4.25,690319
2003-03-14,3.28,3.64,3.25,3.56,5889473
2003-03-17,3.51,3.77,3.42,3.77,1952522
2003-03-18,3.69,3.79,3.63,3.67,1445887
2003-03-19,3.63,3.66,3.44,3.53,1457254
2003-03-20,3.52,3.55,3.4,3.46,1950139
2003-03-21,3.49,3.68,3.48,3.59,1495665
2003-03-24,3.43,3.56,3.4,3.56,599008
2003-03-25,3.53,3.7,3.53,3.69,1024562
2003-03-26,3.66,3.76,3.6,3.76,733479
2003-03-27,3.72,3.72,3.59,3.66,683330
2003-03-28,3.63,3.69,3.42,3.61,388800
2003-03-31,3.61,3.61,3.48,3.5,720411
2003-04-01,3.5,3.54,3.47,3.47,446850
2003-04-02,3.56,3.72,3.48,3.71,651625
2003-04-03,3.73,3.74,3.64,3.69,457481
2003-04-04,3.7,3.85,3.68,3.83,585363
2003-04-07,3.87,4.05,3.83,3.87,626970
2003-04-08,3.9,3.89,3.79,3.85,517202
2003-04-09,3.88,3.9,3.78,3.78,705341
2003-04-10,3.83,4.2,3.78,4.12,1467322
2003-04-11,4.15,4.19,3.96,4.07,628654
2003-04-14,4.03,4.19,3.98,4.17,397562
2003-04-15,4.16,4.23,4.13,4.23,765669
2003-04-16,4.03,4.25,3.89,4.11,1541207
2003-04-17,4.12,4.16,4.07,4.16,346035
2003-04-21,4.16,4.2,4.06,4.14,464609
2003-04-22,4.16,4.27,4.12,4.18,239841
2003-04-23,4.23,4.43,4.21,4.38,425284
2003-04-24,4.18,4.45,4.0,4.44,960106
2003-04-25,4.15,4.4,4.13,4.31,891604
2003-04-28,4.27,4.39,4.16,4.33,418358
2003-04-29,4.32,4.61,4.3,4.59,784630
2003-04-30,4.57,4.57,4.47,4.5,801394
2003-05-01,4.51,4.5,4.37,4.46,509288
2003-05-02,4.5,4.61,4.45,4.59,349954
2003-05-05,4.54,4.53,4.37,4.42,629063
2003-05-06,4.54,4.47,4.31,4.41,536291
2003-05-07,4.39,4.39,4.27,4.37,598658
2003-05-08,4.48,4.87,4.47,4.77,2457594
2003-05-09,4.79,4.89,4.73,4.88,661500
2003-05-12,4.88,5.16,4.87,5.12,744549
2003-05-13,5.09,5.18,5.02,5.04,760995
2003-05-14,5.03,5.03,4.73,4.9,710444
2003-05-15,4.81,4.87,4.65,4.7,623066
2003-05-16,4.69,4.72,4.57,4.68,541688
2003-05-19,4.67,4.74,4.49,4.67,686840
2003-05-20,4.68,4.86,4.62,4.69,990930
2003-05-21,4.7,4.84,4.67,4.67,501420
2003-05-22,4.67,4.88,4.63,4.77,589106
2003-05-23,4.78,4.89,4.74,4.89,260888
2003-05-27,4.9,4.97,4.81,4.92,233398
2003-05-28,4.96,5.05,4.95,5.04,103629
2003-05-29,5.11,5.11,4.91,5.05,599764
2003-05-30,5.06,5.51,5.05,5.4,1443997
2003-06-02,5.51,5.71,5.38,5.48,1503816
2003-06-03,5.5,5.61,5.38,5.45,528208
2003-06-04,5.46,5.6,5.43,5.54,446793
2003-06-05,5.75,5.9,5.73,5.83,2155565
2003-06-06,5.91,5.92,5.8,5.85,999813
2003-06-09,5.86,5.87,5.59,5.6,1928468
2003-06-10,5.63,5.69,5.62,5.69,273712
2003-06-11,5.7,5.89,5.65,5.84,685797
2003-06-12,5.86,5.85,5.72,5.85,235271
2003-06-13,5.86,5.87,5.6,5.61,240985
2003-06-16,5.64,5.76,5.61,5.74,831600
2003-06-17,5.73,5.73,5.54,5.59,671969
2003-06-18,5.61,5.6,5.38,5.44,914463
2003-06-19,5.45,5.44,5.3,5.34,356184
2003-06-20,5.39,5.45,5.33,5.45,632850
2003-06-23,5.46,5.45,5.32,5.37,237303
2003-06-24,5.67,5.81,5.6,5.77,2435059
2003-06-25,5.82,5.81,5.66,5.75,333774
2003-06-26,5.7,5.77,5.61,5.77,220226
2003-06-27,5.79,5.78,5.52,5.65,482288
2003-06-30,5.65,5.8,5.62,5.66,1113304
2003-07-01,5.66,5.97,5.65,5.96,1648012
2003-07-02,6.16,6.25,5.99,6.04,1491574
2003-07-03,5.99,6.25,5.98,6.2,692638
2003-07-07,6.53,6.8,6.49,6.64,2705150
2003-07-08,6.67,6.74,6.58,6.66,763762
2003-07-09,6.65,6.72,6.58,6.7,552980
2003-07-10,6.75,6.74,6.46,6.49,1255331
2003-07-11,6.51,6.65,6.48,6.58,863760
2003-07-14,6.64,6.8,6.63,6.72,2136567
2003-07-15,6.78,6.84,6.66,6.69,628577
2003-07-16,6.75,6.8,6.57,6.77,480178
2003-07-17,6.64,6.67,6.43,6.47,404662
2003-07-18,6.47,6.56,6.31,6.52,749419
2003-07-21,6.54,6.53,6.31,6.39,597240
2003-07-22,6.44,6.5,6.27,6.45,431295
2003-07-23,6.5,6.76,6.44,6.76,372320
2003-07-24,6.79,6.78,6.42,6.48,693505
2003-07-25,6.48,6.55,6.41,6.52,292353
2003-07-28,6.54,6.76,6.53,6.65,580186
2003-07-29,6.66,6.7,6.43,6.62,382293
2003-07-30,6.41,6.59,6.28,6.52,1326702
2003-07-31,6.53,6.67,6.43,6.62,1216019
2003-08-01,6.63,6.62,6.44,6.5,530260
2003-08-04,6.5,6.52,6.38,6.45,702368
2003-08-05,6.46,6.46,6.26,6.3,624952
2003-08-06,6.32,6.34,6.26,6.31,536109
2003-08-07,6.34,6.44,6.29,6.31,428520
2003-08-08,6.34,6.37,6.28,6.34,466698
2003-08-11,6.33,6.57,6.16,6.52,580122
2003-08-12,6.6,6.67,6.49,6.67,499868
2003-08-13,6.66,6.68,6.56,6.68,453742
2003-08-14,6.69,6.68,6.48,6.48,448173
2003-08-15,6.53,6.52,6.24,6.47,248292
2003-08-18,6.48,6.55,6.4,6.44,618314
2003-08-19,6.48,6.58,6.31,6.52,370460
2003-08-20,6.53,6.52,6.43,6.49,172361
2003-08-21,6.49,6.58,6.34,6.4,331084
2003-08-22,6.4,6.4,6.28,6.39,426705
2003-08-25,6.42,6.41,6.26,6.29,208838
2003-08-26,6.28,6.33,6.19,6.33,380575
2003-08-27,6.33,6.53,6.32,6.49,185962
2003-08-28,6.52,6.71,6.44,6.69,666417
2003-08-29,6.69,6.87,6.67,6.83,406448
2003-09-02,7.19,7.69,7.16,7.59,2887053
2003-09-03,7.55,7.71,7.5,7.62,539669
2003-09-04,7.6,7.59,7.36,7.55,716850
2003-09-05,7.47,7.62,7.44,7.48,682553
2003-09-08,7.49,7.53,7.18,7.5,913322
2003-09-09,7.48,7.55,7.16,7.17,918348
2003-09-10,7.17,7.19,6.79,6.81,906333
2003-09-11,6.8,7.32,6.71,7.18,826710
2003-09-12,7.18,7.19,6.91,7.05,333328
2003-09-15,7.1,7.09,6.86,6.94,1175415
2003-09-16,6.94,7.05,6.71,7.04,1257424
2003-09-17,7.07,7.62,6.99,7.62,2786390
2003-09-18,7.64,8.58,7.61,8.34,4256351
2003-09-19,8.29,8.49,8.15,8.33,1747197
2003-09-22,8.19,8.26,8.0,8.09,1401921
2003-09-23,8.07,8.18,8.05,8.16,822143
2003-09-24,8.16,8.43,8.09,8.29,1071603
2003-09-25,8.29,8.28,7.8,7.8,915027
2003-09-26,7.81,7.83,7.63,7.63,684328
2003-09-29,7.67,7.73,7.28,7.43,1651738
2003-09-30,7.82,8.3,7.63,8.03,3686411
2003-10-01,8.1,8.25,8.03,8.12,1256054
2003-10-02,8.13,8.24,7.91,8.14,695604
2003-10-03,8.19,8.64,8.17,8.55,1325950
2003-10-06,8.58,9.43,8.56,9.2,4038461
2003-10-07,9.17,9.21,8.97,9.09,908908
2003-10-08,9.11,9.24,9.04,9.05,545606
2003-10-09,9.04,9.48,8.77,9.4,2818078
2003-10-10,9.35,9.35,9.23,9.23,935108
2003-10-13,9.23,9.45,9.21,9.41,512200
2003-10-14,9.43,9.44,9.28,9.35,605674
2003-10-15,9.37,9.38,9.09,9.16,432108
2003-10-16,9.18,9.19,9.07,9.07,412088
2003-10-17,9.11,9.26,9.02,9.08,319899
2003-10-20,9.14,9.16,8.99,9.04,446428
2003-10-21,9.07,9.13,8.94,9.04,580223
2003-10-22,9.04,9.07,8.92,8.96,557310
2003-10-23,8.81,8.91,8.65,8.9,1179259
2003-10-24,8.86,8.97,8.73,8.87,1053375
2003-10-27,8.89,9.13,8.87,9.0,700610
2003-10-28,9.02,9.1,8.94,8.94,688706
2003-10-29,8.93,9.12,8.79,9.1,708315
2003-10-30,8.78,8.78,8.14,8.3,3547598
2003-10-31,8.31,8.52,8.21,8.26,1086372
2003-11-03,8.32,8.41,7.9,8.03,1967507
2003-11-04,8.03,8.19,7.82,8.15,2019840
2003-11-05,8.15,8.28,7.87,8.03,1925302
2003-11-06,8.2,8.34,8.15,8.28,1455266
2003-11-07,8.33,8.43,8.28,8.38,890217
2003-11-10,8.39,8.39,8.07,8.09,524529
2003-11-11,8.12,8.18,8.05,8.07,367311
2003-11-12,8.06,8.2,8.05,8.13,329073
2003-11-13,7.92,7.96,7.41,7.48,4502074
2003-11-14,7.67,8.22,7.64,8.11,3586734
2003-11-17,8.08,8.15,7.99,8.0,982894
2003-11-18,8.01,8.2,7.99,8.03,718433
2003-11-19,8.04,8.03,7.96,8.01,663333
2003-11-20,7.98,8.1,7.96,8.0,328897
2003-11-21,8.05,8.06,7.99,8.0,338381
2003-11-24,8.04,8.28,8.03,8.19,628874
2003-11-25,8.23,8.33,8.19,8.31,328661
2003-11-26,8.37,8.36,8.11,8.3,293699
2003-11-28,8.32,8.41,8.1,8.39,308246
2003-12-01,8.43,8.56,8.37,8.5,409674
2003-12-02,8.49,8.52,8.06,8.16,823892
2003-12-03,8.17,8.18,8.03,8.07,987262
2003-12-04,8.16,8.37,7.59,7.93,1171969
2003-12-05,7.87,7.93,7.73,7.75,458656
2003-12-08,7.74,7.82,7.43,7.63,1850698
2003-12-09,7.73,7.82,7.15,7.16,1305669
2003-12-10,7.24,7.35,6.91,7.16,1403511
2003-12-11,7.17,7.38,7.12,7.28,519075
2003-12-12,7.31,7.41,7.23,7.26,920190
2003-12-15,7.41,7.61,6.96,6.98,668301
2003-12-16,6.99,7.33,6.76,7.23,1001298
2003-12-17,7.24,7.48,7.08,7.48,675662
2003-12-18,7.49,7.64,7.47,7.64,746101
2003-12-19,7.64,7.7,7.45,7.69,678439
2003-12-22,7.71,7.7,7.44,7.53,706718
2003-12-23,7.54,7.53,7.39,7.45,268420
2003-12-24,7.42,7.5,7.4,7.48,58350
2003-12-26,7.42,7.6,7.41,7.58,49342
2003-12-29,7.6,7.66,7.44,7.55,226999
2003-12-30,7.51,7.66,7.48,7.66,193752
2003-12-31,7.69,7.7,7.57,7.7,393160
2004-01-02,7.69,7.7,7.33,7.36,358881
2004-01-05,7.42,7.45,7.31,7.41,590767
2004-01-06,7.43,7.84,7.4,7.78,1059436
2004-01-07,7.79,7.78,7.7,7.72,481994
2004-01-08,7.82,7.89,7.7,7.87,283524
2004-01-09,7.79,7.86,7.7,7.7,551073
2004-01-12,7.74,7.76,7.69,7.7,298964
2004-01-13,7.74,7.76,7.7,7.72,295579
2004-01-14,7.76,8.1,7.72,7.99,528653
2004-01-15,8.02,8.02,7.77,8.02,267486
2004-01-16,8.04,8.16,7.99,8.01,314142
2004-01-20,8.01,8.15,7.99,8.12,294772
2004-01-21,8.14,8.49,8.13,8.18,1506040
2004-01-22,7.86,8.35,7.7,8.18,2578588
2004-01-23,8.2,8.59,8.13,8.22,832386
2004-01-26,8.25,8.29,8.04,8.2,231812
2004-01-27,8.17,8.32,7.9,7.96,379634
2004-01-28,7.99,8.09,7.7,7.76,399239
2004-01-29,7.8,7.82,7.68,7.71,340767
2004-01-30,7.72,8.04,7.68,8.04,522622
2004-02-02,8.07,8.17,8.01,8.02,401362
2004-02-03,8.03,8.15,8.0,8.14,444474
2004-02-04,8.12,8.16,7.97,8.02,377754
2004-02-05,8.04,8.04,7.78,7.87,545414
2004-02-06,7.86,8.21,7.85,8.19,382303
2004-02-09,8.18,8.27,8.11,8.22,558225
2004-02-10,8.23,8.37,8.1,8.21,209884
2004-02-11,8.25,8.43,8.23,8.41,334557
2004-02-12,8.38,8.44,8.31,8.37,177056
2004-02-13,8.38,8.42,8.32,8.39,313851
2004-02-17,8.62,8.68,8.56,8.63,959310
2004-02-18,8.66,8.71,8.44,8.56,276568
2004-02-19,8.57,8.56,8.24,8.31,349468
2004-02-20,8.28,8.27,7.96,8.21,559933
2004-02-23,8.23,8.29,8.07,8.07,164477
2004-02-24,8.08,8.41,8.07,8.36,600386
2004-02-25,8.34,8.44,8.33,8.44,345219
2004-02-26,8.46,8.59,8.44,8.59,119367
2004-02-27,8.55,8.6,8.24,8.39,386876
2004-03-01,8.41,8.63,8.37,8.59,402968
2004-03-02,8.63,8.79,8.62,8.79,322728
2004-03-03,8.72,8.74,8.46,8.6,221768
2004-03-04,9.3,9.32,9.01,9.13,1046628
2004-03-05,9.05,9.33,8.97,9.2,434184
2004-03-08,9.26,9.3,8.79,8.89,411818
2004-03-09,8.9,9.15,8.89,8.99,212115
2004-03-10,9.1,9.08,8.67,8.71,394450
2004-03-11,8.74,9.14,8.72,8.85,668439
2004-03-12,8.89,9.15,8.88,9.15,369610
2004-03-15,9.2,9.31,8.87,8.92,709422
2004-03-16,8.95,9.14,8.93,9.07,434977
2004-03-17,9.13,9.29,9.11,9.11,407447
2004-03-18,9.15,9.14,8.75,8.99,489756
2004-03-19,9.0,9.33,8.95,9.12,530796
2004-03-22,9.13,9.13,8.69,8.85,548417
2004-03-23,8.88,9.03,8.8,8.9,329710
2004-03-24,8.86,9.21,8.84,8.98,211744
2004-03-25,9.02,9.51,9.0,9.4,850348
2004-03-26,9.39,9.7,9.3,9.51,905013
2004-03-29,9.57,10.21,9.55,9.9,959816
2004-03-30,9.77,9.91,9.58,9.68,618394
2004-03-31,9.67,9.98,9.66,9.94,413039
2004-04-01,9.88,10.04,9.66,9.68,584000
2004-04-02,9.75,10.05,9.74,10.0,569994
2004-04-05,10.02,10.24,9.96,10.23,338887
2004-04-06,10.39,10.51,10.18,10.23,726263
2004-04-07,10.21,10.47,10.15,10.33,383164
2004-04-08,10.67,10.81,9.81,9.84,1722992
2004-04-12,9.79,10.01,9.7,9.93,820793
2004-04-13,9.99,9.97,9.63,9.64,588867
2004-04-14,9.62,9.81,9.48,9.66,303689
2004-04-15,9.63,9.83,9.5,9.75,272538
2004-04-16,9.82,9.89,9.69,9.85,216176
2004-04-19,9.88,10.15,9.86,9.95,631790
2004-04-20,10.0,10.31,9.89,9.91,379360
2004-04-21,9.91,10.18,9.84,10.17,482105
2004-04-22,10.0,9.99,9.44,9.69,2632149
2004-04-23,9.78,9.77,9.51,9.65,999800
2004-04-26,9.71,9.69,9.5,9.57,324425
2004-04-27,9.6,9.77,9.58,9.63,345367
2004-04-28,9.66,9.64,9.4,9.49,562052
2004-04-29,9.5,9.53,9.17,9.17,835461
2004-04-30,9.18,9.75,9.16,9.45,1477480
2004-05-03,9.48,9.88,9.33,9.5,977734
2004-05-04,9.46,9.97,9.45,9.62,990384
2004-05-05,9.68,9.77,9.56,9.63,762821
2004-05-06,8.94,9.28,8.66,9.1,1165808
2004-05-07,8.96,9.09,8.7,8.75,453737
2004-05-10,8.7,8.89,8.63,8.73,540061
2004-05-11,8.8,9.06,8.63,8.68,337720
2004-05-12,8.72,8.85,8.47,8.8,266076
2004-05-13,8.86,8.89,8.58,8.67,465610
2004-05-14,8.76,8.84,8.54,8.59,176362
2004-05-17,8.52,8.66,8.4,8.5,151643
2004-05-18,8.57,8.75,8.45,8.69,165382
2004-05-19,8.71,9.08,8.68,8.74,428715
2004-05-20,8.76,8.82,8.57,8.62,187823
2004-05-21,8.61,8.78,8.57,8.63,212672
2004-05-24,8.62,8.66,8.45,8.6,323278
2004-05-25,8.63,8.84,8.51,8.84,155862
2004-05-26,8.89,8.88,8.69,8.8,152003
2004-05-27,8.89,9.08,8.72,8.89,157993
2004-05-28,8.87,8.97,8.8,8.88,183038
2004-06-01,8.88,8.94,8.68,8.93,260080
2004-06-02,8.95,9.0,8.86,8.94,277828
2004-06-03,9.41,9.65,9.05,9.08,1117562
2004-06-04,9.06,9.56,9.05,9.45,745618
2004-06-07,9.42,9.56,9.26,9.56,429948
2004-06-08,9.53,9.53,9.26,9.47,309224
2004-06-09,9.42,9.44,9.3,9.33,186453
2004-06-10,9.32,9.37,9.19,9.27,379834
2004-06-14,9.3,9.3,9.01,9.12,281898
2004-06-15,9.08,9.28,8.98,9.16,360767
2004-06-16,9.14,9.19,9.07,9.17,136161
2004-06-17,9.19,9.19,9.01,9.16,81328
2004-06-18,9.08,9.22,9.05,9.06,177944
2004-06-21,9.06,9.19,9.03,9.08,101266
2004-06-22,9.08,9.15,8.95,8.95,329324
2004-06-23,8.99,9.2,8.92,9.2,307879
2004-06-24,9.13,9.21,9.08,9.16,163917
2004-06-25,9.22,9.36,9.08,9.36,294422
2004-06-28,9.25,9.35,9.09,9.15,474968
2004-06-29,9.15,9.19,8.8,8.86,297718
2004-06-30,8.92,9.07,8.88,8.89,236095
2004-07-01,9.04,9.11,8.88,9.01,206327
2004-07-02,9.19,9.2,8.8,8.87,259009
2004-07-06,8.89,8.95,8.72,8.82,299682
2004-07-07,8.86,9.01,8.76,8.87,396981
2004-07-08,8.8,8.82,8.46,8.58,335720
2004-07-09,8.67,8.67,8.37,8.48,293414
2004-07-12,8.56,8.87,8.42,8.76,338785
2004-07-13,8.75,8.9,8.73,8.87,119223
2004-07-14,8.89,8.9,8.53,8.64,143636
2004-07-15,8.63,8.71,8.18,8.27,411669
2004-07-16,8.16,8.38,8.0,8.08,483962
2004-07-19,8.18,8.24,7.98,8.01,276127
2004-07-20,8.0,8.23,8.0,8.18,366278
2004-07-21,8.27,8.27,8.08,8.17,181228
2004-07-22,8.09,8.17,7.91,8.04,406364
2004-07-23,8.08,8.09,7.91,7.91,191804
2004-07-26,7.92,8.02,7.8,7.9,235892
2004-07-27,7.96,8.4,7.86,8.29,1423071
2004-07-28,8.41,8.41,8.07,8.28,981644
2004-07-29,8.35,8.72,8.31,8.58,1427236
2004-07-30,8.64,8.85,8.45,8.64,487690
2004-08-02,8.67,8.97,8.65,8.84,505550
2004-08-03,8.85,9.12,8.67,8.78,774405
2004-08-04,8.84,8.98,8.66,8.79,982838
2004-08-05,8.83,8.83,8.29,8.35,1019034
2004-08-06,8.36,8.36,8.0,8.17,444838
2004-08-09,8.18,8.42,8.16,8.26,219996
2004-08-10,8.33,8.51,8.16,8.48,308788
2004-08-11,8.44,8.53,8.2,8.28,409223
2004-08-12,8.24,8.33,7.64,7.71,1354158
2004-08-13,7.8,7.88,7.63,7.86,494212
2004-08-16,7.88,8.18,7.87,8.14,412227
2004-08-17,8.19,8.31,8.15,8.25,353484
2004-08-18,8.25,8.36,8.11,8.36,736261
2004-08-19,8.4,8.4,8.28,8.35,207792
2004-08-20,8.4,8.42,8.25,8.4,204633
2004-08-23,8.45,8.45,8.2,8.28,208141
2004-08-24,8.35,8.42,8.3,8.36,237303
2004-08-25,8.43,8.49,8.24,8.43,261718
2004-08-26,8.43,8.45,8.28,8.37,206404
2004-08-27,8.42,8.44,8.29,8.37,218426
2004-08-30,8.44,8.44,8.22,8.26,160229
2004-08-31,8.26,8.36,8.02,8.08,373453
2004-09-01,8.09,8.28,7.84,8.0,960820
2004-09-02,8.43,8.44,8.16,8.39,1730293
2004-09-03,8.38,8.7,8.33,8.67,567956
2004-09-07,8.8,8.81,8.64,8.79,733277
2004-09-08,8.82,9.23,8.76,9.07,1496203
2004-09-09,9.05,9.12,8.73,8.88,1213225
2004-09-10,8.96,9.2,8.86,9.0,500546
2004-09-13,9.08,9.56,9.04,9.32,1269110
2004-09-14,9.26,9.43,9.26,9.36,507850
2004-09-15,9.36,9.38,9.28,9.33,431284
2004-09-16,9.36,9.39,9.3,9.33,205096
2004-09-17,9.4,9.44,9.14,9.16,435134
2004-09-20,9.25,9.32,9.09,9.28,374488
2004-09-21,9.35,9.36,9.27,9.3,339055
2004-09-22,9.33,9.33,9.14,9.15,285757
2004-09-23,9.26,9.26,9.18,9.18,266695
2004-09-24,9.26,9.32,9.05,9.09,155277
2004-09-27,9.12,9.12,8.9,8.92,263848
2004-09-28,8.97,9.12,8.88,9.07,314215
2004-09-29,9.15,9.37,9.15,9.32,302645
2004-09-30,9.4,9.44,9.13,9.39,494732
2004-10-01,9.44,9.6,9.19,9.19,561366
2004-10-04,9.24,9.62,9.24,9.44,373669
2004-10-05,9.48,9.48,9.24,9.4,433462
2004-10-06,9.47,9.65,9.42,9.59,428760
2004-10-07,10.0,10.85,10.0,10.74,4240395
2004-10-08,10.76,11.4,10.71,11.23,3631570
2004-10-11,11.31,11.42,11.12,11.18,419612
2004-10-12,11.12,11.19,11.02,11.11,541492
2004-10-13,11.2,11.2,10.96,11.11,781092
2004-10-14,11.11,11.27,11.0,11.23,602442
2004-10-15,11.3,11.68,11.26,11.52,989872
2004-10-18,11.77,12.28,11.64,12.21,2237764
2004-10-19,12.18,12.45,12.18,12.4,1946412
2004-10-20,12.32,12.36,11.64,11.91,1659676
2004-10-21,11.96,12.99,11.48,12.84,2811854
2004-10-22,12.92,12.92,12.39,12.64,1396516
2004-10-25,12.51,12.97,12.51,12.9,1153098
2004-10-26,12.91,13.02,12.71,12.95,509227
2004-10-27,12.97,13.28,12.9,13.22,581967
2004-10-28,13.28,13.56,13.11,13.48,825289
2004-10-29,13.46,13.87,13.43,13.72,1179493
2004-11-01,13.87,14.16,13.58,14.1,1101706
2004-11-02,14.05,14.2,13.78,13.83,705814
2004-11-03,13.94,14.06,13.86,14.06,608666
2004-11-04,14.84,16.41,14.76,16.02,4782852
2004-11-05,16.42,16.76,16.02,16.33,2877818
2004-11-08,16.23,16.38,15.93,16.04,1588322
2004-11-09,16.0,16.19,15.84,15.91,732575
2004-11-10,15.96,16.4,15.86,16.22,1507766
2004-11-11,16.36,16.36,15.88,16.24,915586
2004-11-12,16.31,16.74,16.18,16.71,788258
2004-11-15,16.56,16.96,16.56,16.87,670262
2004-11-16,16.92,16.92,16.31,16.61,1016219
2004-11-17,16.68,17.24,16.58,16.97,1209116
2004-11-18,16.89,16.89,16.57,16.8,887751
2004-11-19,16.68,16.69,15.93,16.04,1016014
2004-11-22,15.95,16.04,15.4,15.77,1309664
2004-11-23,15.84,16.62,15.84,16.49,1281506
2004-11-24,16.57,16.62,16.16,16.24,879669
2004-11-26,16.42,16.49,16.24,16.35,269737
2004-11-29,16.56,16.71,15.96,16.27,1068754
2004-11-30,16.31,16.4,15.89,16.12,899374
2004-12-01,16.1,17.44,16.1,17.31,1867545
2004-12-02,17.67,18.44,17.18,17.33,3216942
2004-12-03,16.79,17.16,16.67,16.83,990299
2004-12-06,16.84,16.93,16.38,16.63,904984
2004-12-07,16.64,17.11,16.64,16.76,847930
2004-12-08,16.78,17.56,16.74,17.44,1937925
2004-12-09,17.42,17.53,17.12,17.45,728507
2004-12-10,17.58,17.73,17.33,17.38,568928
2004-12-13,17.69,17.8,17.16,17.4,518936
2004-12-14,17.63,17.63,17.25,17.42,343814
2004-12-15,17.5,17.78,17.22,17.46,433827
2004-12-16,17.54,17.95,17.16,17.32,615874
2004-12-17,17.22,17.54,17.2,17.2,537986
2004-12-20,17.21,17.5,16.62,16.91,1386335
2004-12-21,16.83,17.09,16.83,17.03,818572
2004-12-22,17.25,18.31,17.18,17.8,1643969
2004-12-23,17.76,18.74,17.68,18.4,993881
2004-12-27,18.65,18.7,18.03,18.19,653706
2004-12-28,18.13,18.51,18.08,18.46,514897
2004-12-29,18.55,18.65,18.2,18.32,535774
2004-12-30,18.43,18.65,18.21,18.24,355234
2004-12-31,18.38,18.41,17.96,17.99,410122
2005-01-03,18.25,18.67,17.4,17.49,1417833
2005-01-04,17.67,17.95,17.01,17.44,1276120
2005-01-05,17.39,17.7,16.94,17.49,1309428
2005-01-06,18.14,18.33,17.13,17.34,1689694
2005-01-07,16.91,17.16,16.23,16.44,1424156
2005-01-10,16.4,17.33,16.37,16.95,1078503
2005-01-11,16.92,17.33,16.72,17.08,891489
2005-01-12,17.01,17.6,16.95,17.51,958718
2005-01-13,17.73,17.83,17.37,17.5,581091
2005-01-14,17.68,18.05,17.57,17.9,629926
2005-01-18,17.9,18.27,17.78,18.19,537918
2005-01-19,18.33,18.36,18.0,18.13,537856
2005-01-20,16.31,16.37,15.4,15.57,5556196
2005-01-21,16.57,16.85,16.21,16.57,4539939
2005-01-24,16.57,16.66,15.91,16.2,1137921
2005-01-25,16.17,16.87,16.17,16.75,1258738
2005-01-26,16.78,17.03,16.58,16.88,709100
2005-01-27,16.97,17.08,16.43,16.77,1217019
2005-01-28,16.67,17.06,16.63,16.93,462220
2005-01-31,17.01,17.39,17.0,17.27,524300
2005-02-01,17.27,17.76,16.94,17.67,992554
2005-02-02,17.8,17.89,17.58,17.8,650630
2005-02-03,17.65,18.43,17.53,18.15,1531965
2005-02-04,18.23,18.93,18.05,18.83,1106666
2005-02-07,18.85,19.59,18.85,19.34,1257369
2005-02-08,19.49,19.73,18.9,19.25,712576
2005-02-09,19.33,19.34,18.78,18.89,376641
2005-02-10,18.95,18.97,18.49,18.83,283322
2005-02-11,18.77,19.33,18.67,19.3,540822
2005-02-14,19.33,19.33,19.08,19.11,279046
2005-02-15,19.13,19.55,19.13,19.29,317968
2005-02-16,19.18,19.4,18.93,19.28,641955
2005-02-17,19.33,19.33,18.88,18.9,423098
2005-02-18,18.89,18.96,18.17,18.17,963918
2005-02-22,18.0,18.12,17.35,17.6,1099864
2005-02-23,17.72,18.59,17.6,18.51,848232
2005-02-24,18.6,19.11,18.29,18.99,625689
2005-02-25,19.1,19.11,18.69,18.88,435267
2005-02-28,18.76,19.21,18.72,18.77,592914
2005-03-01,18.93,19.43,18.8,19.2,527306
2005-03-02,19.25,19.8,18.99,19.21,948132
2005-03-03,20.06,21.97,19.87,21.66,5074112
2005-03-04,21.77,22.47,21.74,21.84,2055680
2005-03-07,21.91,22.37,21.33,21.55,2464196
2005-03-08,21.43,21.64,21.21,21.53,844258
2005-03-09,21.47,21.99,21.26,21.9,1342846
2005-03-10,22.0,22.4,21.4,21.71,1129456
2005-03-11,21.83,22.04,21.43,21.98,466875
2005-03-14,22.13,22.17,21.55,21.82,616238
2005-03-15,21.79,22.87,21.57,22.46,1426388
2005-03-16,22.4,22.42,21.35,21.93,666112
2005-03-17,22.09,22.2,21.53,21.71,624333
2005-03-18,21.62,21.86,21.22,21.44,767428
2005-03-21,21.5,21.57,21.0,21.42,627126
2005-03-22,21.31,22.11,21.17,21.52,606508
2005-03-23,21.5,21.5,21.03,21.07,622998
2005-03-24,21.27,21.35,20.93,21.2,590085
2005-03-28,21.26,22.63,21.19,22.45,1284225
2005-03-29,22.46,23.0,21.91,22.15,1132976
2005-03-30,22.17,22.27,21.66,22.01,984458
2005-03-31,22.23,22.75,22.08,22.63,766390
2005-04-01,22.75,22.84,21.63,22.09,1110621
2005-04-04,21.81,22.58,21.4,22.39,830446
2005-04-05,22.47,22.63,22.23,22.4,478395
2005-04-06,22.43,22.78,22.31,22.67,750266
2005-04-07,22.95,24.07,22.4,23.59,3345332
2005-04-08,23.79,24.72,23.61,24.09,2912115
2005-04-11,24.25,24.27,23.75,23.93,664719
2005-04-12,23.97,24.2,23.4,24.15,564268
2005-04-13,24.15,24.63,23.89,23.96,1477161
2005-04-14,23.88,23.98,23.01,23.13,1187637
2005-04-15,22.81,23.22,21.83,22.11,1366839
2005-04-18,22.11,23.05,21.87,22.69,971916
2005-04-19,23.0,23.9,22.79,23.61,1193750
2005-04-20,23.47,23.87,22.43,22.73,1347546
2005-04-21,22.89,23.9,22.75,23.69,1417989
2005-04-22,22.29,23.08,21.46,21.67,3930706
2005-04-25,21.67,22.45,21.63,22.37,1346775
2005-04-26,22.32,22.83,21.87,22.31,1054329
2005-04-27,22.09,22.83,22.0,22.33,854361
2005-04-28,22.34,22.36,21.71,21.77,896408
2005-04-29,22.11,22.27,20.91,21.55,2250350
2005-05-02,21.51,21.97,21.25,21.75,924752
2005-05-03,21.91,22.17,21.61,21.96,454510
2005-05-04,22.0,22.2,21.83,22.2,636999
2005-05-05,22.75,23.63,22.75,23.53,1441854
2005-05-06,23.67,23.67,23.03,23.46,882669
2005-05-09,23.33,23.67,23.07,23.65,810153
2005-05-10,23.6,23.88,23.41,23.55,616574
2005-05-11,23.67,23.72,23.22,23.36,315836
2005-05-12,23.33,23.57,22.99,23.01,392169
2005-05-13,23.0,23.69,22.93,23.0,404079
2005-05-16,23.15,23.65,23.01,23.65,271521
2005-05-17,23.6,24.16,23.27,24.16,678416
2005-05-18,24.16,24.51,23.74,24.02,444230
2005-05-19,24.17,24.59,23.95,24.5,553563
2005-05-20,24.41,24.47,23.63,24.16,882760
2005-05-23,24.48,25.47,24.43,25.31,2061864
2005-05-24,25.31,25.75,25.04,25.71,1209022
2005-05-25,25.67,25.74,25.45,25.51,740384
2005-05-26,25.69,26.02,25.53,26.0,483711
2005-05-27,26.07,26.33,26.0,26.22,504260
2005-05-31,25.75,26.17,25.55,25.62,1009353
2005-06-01,25.62,26.18,25.23,25.96,1141754
2005-06-02,28.45,29.49,26.97,28.38,5845994
2005-06-03,28.65,28.77,27.16,27.69,2149707
2005-06-06,27.74,28.37,27.03,27.96,915684
2005-06-07,28.31,28.59,27.81,27.98,982013
2005-06-08,27.88,27.88,26.27,26.33,1433833
2005-06-09,26.46,26.95,26.11,26.81,1042432
2005-06-10,26.95,27.08,26.54,26.93,534553
2005-06-13,27.01,27.4,26.71,27.13,546164
2005-06-14,27.08,27.86,27.08,27.68,881088
2005-06-15,27.8,27.95,27.2,27.69,821921
2005-06-16,27.75,27.87,26.94,27.27,662293
2005-06-17,27.27,27.6,26.5,26.63,833301
2005-06-20,26.37,26.5,25.52,26.3,919250
2005-06-21,26.12,26.84,26.12,26.5,430193
2005-06-22,26.48,27.49,26.34,27.46,706289
2005-06-23,27.46,27.75,26.57,26.66,488275
2005-06-24,26.66,26.79,25.77,26.2,1170468
2005-06-27,26.04,27.12,25.96,26.22,464427
2005-06-28,26.5,27.42,26.26,27.25,613675
2005-06-29,27.43,27.74,27.07,27.28,431748
2005-06-30,27.12,27.37,26.46,26.47,507957
2005-07-01,26.5,27.33,26.5,27.27,425907
2005-07-05,27.4,29.14,27.3,28.25,1042305
2005-07-06,28.79,29.03,28.14,28.72,726370
2005-07-07,28.48,29.29,28.0,29.0,1271391
2005-07-08,29.24,29.24,28.33,28.9,507648
2005-07-11,29.0,30.45,28.9,30.3,920784
2005-07-12,30.45,30.9,30.1,30.62,432057
2005-07-13,30.92,30.97,29.79,29.9,367630
2005-07-14,29.55,30.09,28.37,28.69,768686
2005-07-15,28.59,29.03,28.26,28.43,755481
2005-07-18,28.41,28.94,28.36,28.65,709993
2005-07-19,28.79,29.47,28.5,29.4,393577
2005-07-20,29.48,29.57,28.64,29.23,242329
2005-07-21,28.96,29.25,28.11,28.14,293141
2005-07-22,28.05,28.74,28.02,28.57,300292
2005-07-25,28.92,28.94,27.88,28.0,313728
2005-07-26,28.12,28.12,27.15,27.79,672310
2005-07-27,27.81,28.3,27.37,28.29,529694
2005-07-28,28.16,29.87,27.59,29.71,667694
2005-07-29,29.57,29.85,28.33,28.46,584732
2005-08-01,28.25,29.8,28.25,29.69,602665
2005-08-02,29.8,29.87,29.36,29.55,387151
2005-08-03,29.64,29.65,28.76,28.94,354783
2005-08-04,28.79,28.79,26.37,27.29,2116848
2005-08-05,27.17,27.49,26.15,26.32,1061180
2005-08-08,26.72,27.35,26.2,26.3,920779
2005-08-09,26.45,26.65,26.26,26.55,548754
2005-08-10,26.65,27.28,26.48,26.63,588187
2005-08-11,26.75,26.88,26.22,26.83,474181
2005-08-12,27.04,27.44,26.6,26.93,250172
2005-08-15,26.9,27.14,26.2,26.22,442556
2005-08-16,26.11,26.14,23.52,23.75,2008178
2005-08-17,23.49,24.15,23.17,23.35,1350560
2005-08-18,23.65,24.72,22.33,24.72,2031602
2005-08-19,24.51,25.4,24.32,24.62,1549397
2005-08-22,24.85,24.97,23.7,24.31,987409
2005-08-23,24.28,24.46,23.65,23.79,690653
2005-08-24,23.64,24.3,23.44,23.89,580081
2005-08-25,23.95,24.5,23.87,24.3,435812
2005-08-26,24.42,24.42,23.2,23.46,925362
2005-08-29,23.28,23.9,23.28,23.6,593153
2005-08-30,23.49,23.65,23.0,23.22,878561
2005-08-31,22.93,23.57,22.63,23.52,767801
2005-09-01,20.98,21.04,17.9,17.95,13342290
2005-09-02,17.98,18.61,17.9,18.15,2244635
2005-09-06,18.38,18.59,17.72,18.29,2030146
2005-09-07,18.28,18.68,17.91,18.51,981438
2005-09-08,18.32,18.59,18.14,18.29,638999
2005-09-09,18.33,18.43,17.95,18.09,748612
2005-09-12,18.01,18.19,17.8,18.05,1020834
2005-09-13,17.97,18.17,17.77,17.86,854307
2005-09-14,17.8,18.0,17.54,17.61,864646
2005-09-15,17.5,17.65,16.79,16.99,1402062
2005-09-16,16.99,17.09,16.29,16.41,1563849
2005-09-19,16.45,16.62,16.1,16.44,917740
2005-09-20,16.44,16.44,15.58,15.68,964883
2005-09-21,15.6,16.39,15.06,15.6,1660057
2005-09-22,15.79,16.94,15.49,16.6,1686328
2005-09-23,16.72,17.75,16.72,17.33,1935803
2005-09-26,17.75,18.18,17.38,17.45,1353284
2005-09-27,17.45,17.87,17.25,17.43,761088
2005-09-28,17.43,17.81,16.9,16.95,1009405
2005-09-29,16.98,17.22,16.52,17.05,1061853
2005-09-30,17.05,17.7,16.92,17.5,1057446
2005-10-03,17.61,17.88,17.45,17.68,1102287
2005-10-04,17.88,18.33,17.68,17.94,1162340
2005-10-05,17.98,17.98,17.07,17.15,1017894
2005-10-06,16.98,17.11,16.5,16.77,1540686
2005-10-07,16.75,16.9,16.39,16.57,672057
2005-10-10,16.61,16.66,16.03,16.13,546699
2005-10-11,16.21,16.35,15.84,16.05,565304
2005-10-12,16.0,16.03,15.35,15.68,828676
2005-10-13,15.65,16.24,15.6,16.1,532700
2005-10-14,16.35,16.55,15.88,16.4,552460
2005-10-17,16.32,16.55,16.05,16.19,283147
2005-10-18,16.21,16.21,15.66,15.74,667070
2005-10-19,15.91,16.21,15.15,15.97,1147642
2005-10-20,16.0,16.72,15.97,16.15,820647
2005-10-21,16.21,16.53,16.11,16.26,454029
2005-10-24,16.19,16.49,15.84,16.09,370335
2005-10-25,16.05,16.39,16.0,16.2,537030
2005-10-26,16.08,16.47,15.82,15.87,368324
2005-10-27,15.9,15.9,15.0,15.2,682886
2005-10-28,13.61,14.13,13.45,13.64,1838939
2005-10-31,13.87,14.46,13.75,14.14,1245410
2005-11-01,13.66,14.5,13.66,14.24,1010535
2005-11-02,14.25,14.5,14.05,14.22,799316
2005-11-03,14.48,14.89,14.36,14.75,1130892
2005-11-04,14.67,14.87,14.4,14.59,443073
2005-11-07,14.38,14.44,14.05,14.15,870481
2005-11-08,14.14,14.2,13.9,13.93,550964
2005-11-09,13.88,13.99,13.68,13.8,551620
2005-11-10,13.76,14.14,13.76,14.13,769398
2005-11-11,14.09,14.6,14.07,14.38,1106816
2005-11-14,14.42,14.89,14.34,14.37,600024
2005-11-15,14.39,14.4,13.93,13.97,726672
2005-11-16,13.95,14.69,13.95,14.33,799543
2005-11-17,14.31,14.69,14.21,14.68,400663
2005-11-18,14.7,14.95,14.35,14.48,453488
2005-11-21,14.25,14.5,14.14,14.22,821648
2005-11-22,14.29,15.52,14.13,15.2,1454355
2005-11-23,15.22,16.71,15.21,16.14,1866937
2005-11-25,16.2,16.59,15.7,16.15,372287
2005-11-28,16.26,16.48,15.6,15.74,1007703
2005-11-29,15.91,15.98,15.28,15.7,1493173
2005-11-30,15.7,16.47,15.7,16.17,1274516
2005-12-01,16.17,16.18,15.34,15.56,1086310
2005-12-02,15.52,15.91,15.5,15.69,570786
2005-12-05,16.05,16.06,15.16,15.29,781257
2005-12-06,15.37,15.52,15.05,15.11,502668
2005-12-07,15.07,15.18,14.93,14.98,486382
2005-12-08,14.98,15.18,14.69,15.08,593414
2005-12-09,14.98,15.15,14.82,15.1,488534
2005-12-12,15.1,15.2,14.9,15.02,463629
2005-12-13,15.1,15.2,14.8,14.95,411475
2005-12-14,14.6,15.15,14.6,15.0,630147
2005-12-15,15.0,15.03,14.68,14.89,429388
2005-12-16,14.89,14.91,14.46,14.54,538563
2005-12-19,14.46,14.68,14.43,14.52,478315
2005-12-20,14.47,14.53,14.04,14.22,515639
2005-12-21,14.33,14.5,14.18,14.33,306408
2005-12-22,14.35,14.35,13.96,14.17,422188
2005-12-23,14.25,14.37,14.14,14.28,230671
2005-12-27,14.28,14.35,14.05,14.08,272230
2005-12-28,14.04,14.36,14.04,14.22,274734
2005-12-29,14.11,14.26,13.97,14.06,494636
2005-12-30,14.06,14.19,13.96,14.03,336580
2006-01-03,14.0,14.02,13.63,13.78,518450
2006-01-04,13.63,13.91,13.5,13.65,656866
2006-01-05,13.78,14.04,13.46,13.65,465850
2006-01-06,13.5,13.7,13.05,13.09,1218687
2006-01-09,13.15,13.62,13.09,13.49,1012848
2006-01-10,13.54,13.54,13.12,13.26,514611
2006-01-11,13.26,14.55,13.26,14.26,1387296
2006-01-12,14.3,14.83,14.3,14.41,874298
2006-01-13,15.13,16.44,15.05,16.12,2744555
2006-01-17,15.51,15.62,14.84,15.04,1607067
2006-01-18,14.94,15.45,14.72,14.79,689955
2006-01-19,15.25,15.4,15.07,15.3,1772438
2006-01-20,15.4,15.4,14.64,14.71,957090
2006-01-23,15.08,15.15,14.68,14.76,966171
2006-01-24,14.96,15.0,14.66,14.8,598759
2006-01-25,14.95,15.09,14.75,14.82,1148943
2006-01-26,15.2,15.6,14.9,15.55,1512591
2006-01-27,17.44,18.8,17.1,18.53,5941262
2006-01-30,18.5,20.72,18.4,20.07,4116781
2006-01-31,19.96,20.3,19.55,20.18,1250036
2006-02-01,20.17,20.57,20.0,20.38,1401991
2006-02-02,20.44,20.81,20.3,20.59,1303475
2006-02-03,20.55,20.6,20.3,20.4,773172
2006-02-06,20.22,20.35,20.02,20.15,1078390
2006-02-07,20.1,20.4,19.92,20.28,1512580
2006-02-08,20.43,20.47,19.91,20.05,1174338
2006-02-09,20.1,20.25,19.95,20.11,957755
2006-02-10,20.17,20.17,19.5,19.62,866489
2006-02-13,19.67,19.67,19.02,19.14,765710
2006-02-14,19.1,19.42,19.01,19.36,585341
2006-02-15,19.31,19.34,18.84,18.94,638200
2006-02-16,18.99,19.11,18.77,18.9,570827
2006-02-17,18.94,18.96,18.35,18.48,490539
2006-02-21,18.48,18.53,18.01,18.13,553964
2006-02-22,18.12,18.5,18.12,18.39,463727
2006-02-23,18.43,18.64,18.35,18.49,740374
2006-02-24,18.58,18.64,18.19,18.19,353685
2006-02-27,18.25,18.25,17.67,17.79,669052
2006-02-28,17.8,17.8,17.11,17.17,1246663
2006-03-01,17.28,17.88,17.16,17.77,1348220
2006-03-02,17.3,17.5,16.92,17.42,1136814
2006-03-03,17.25,17.52,17.15,17.3,290408
2006-03-06,17.4,17.4,17.08,17.19,344742
2006-03-07,17.11,17.28,16.94,16.98,448591
2006-03-08,16.9,17.34,16.9,17.27,429782
2006-03-09,17.34,17.71,17.22,17.33,939956
2006-03-10,17.46,17.77,17.34,17.69,491878
2006-03-13,17.71,17.96,17.63,17.66,439858
2006-03-14,17.6,18.0,17.42,17.75,458871
2006-03-15,17.76,18.08,17.63,18.06,311806
2006-03-16,18.14,18.19,17.5,17.57,479039
2006-03-17,17.68,17.95,17.6,17.92,348939
2006-03-20,17.81,18.14,17.8,17.85,581197
2006-03-21,17.92,17.99,17.59,17.77,412913
2006-03-22,17.88,17.88,17.19,17.3,494718
2006-03-23,17.27,18.3,17.23,18.03,1362746
2006-03-24,18.23,18.79,18.15,18.52,760856
2006-03-27,18.55,18.9,18.41,18.48,394178
2006-03-28,18.41,18.66,18.04,18.1,659957
2006-03-29,18.19,18.5,18.03,18.33,513057
2006-03-30,18.43,18.48,18.13,18.32,265463
2006-03-31,18.32,18.53,18.26,18.42,526301
2006-04-03,18.49,18.62,17.38,17.49,1074940
2006-04-04,17.52,17.6,17.06,17.07,1282484
2006-04-05,17.07,17.4,16.99,17.0,710795
2006-04-06,18.44,19.8,18.31,19.22,3281002
2006-04-07,19.22,19.89,19.22,19.83,1447318
2006-04-10,19.78,19.83,19.4,19.68,816092
2006-04-11,19.6,19.93,19.37,19.51,561928
2006-04-12,19.38,19.66,19.25,19.49,317690
2006-04-13,19.38,19.57,19.3,19.46,346702
2006-04-17,19.55,19.7,19.12,19.17,470002
2006-04-18,19.13,19.47,19.13,19.4,545779
2006-04-19,19.38,20.06,19.3,20.06,588354
2006-04-20,20.1,20.41,19.63,20.15,1021807
2006-04-21,20.3,20.3,19.9,20.01,403858
2006-04-24,20.08,20.1,19.5,19.97,910808
2006-04-25,19.89,20.09,19.06,19.2,800515
2006-04-26,19.32,19.73,19.1,19.51,760332
2006-04-27,19.54,20.23,19.16,19.8,814157
2006-04-28,19.05,19.06,17.5,17.68,2244526
2006-05-01,17.83,18.04,17.15,17.21,1020858
2006-05-02,17.35,18.0,17.21,17.77,749317
2006-05-03,17.71,17.96,17.4,17.65,956615
2006-05-04,17.48,17.65,17.0,17.19,809224
2006-05-05,17.18,17.31,16.7,17.05,914251
2006-05-08,16.98,17.37,16.93,17.26,738099
2006-05-09,17.29,17.36,17.05,17.08,330648
2006-05-10,17.02,17.14,16.87,16.93,459294
2006-05-11,16.98,17.05,16.5,16.55,460796
2006-05-12,16.5,16.5,16.2,16.44,625740
2006-05-15,16.44,16.56,15.94,16.21,439192
2006-05-16,16.33,16.33,15.8,15.96,688415
2006-05-17,15.94,16.15,15.82,15.99,529238
2006-05-18,16.0,16.11,15.49,15.75,1145481
2006-05-19,15.89,16.07,15.63,15.67,454425
2006-05-22,15.62,15.73,15.14,15.44,425819
2006-05-23,15.5,15.89,15.18,15.22,324829
2006-05-24,15.26,15.32,14.75,15.11,418195
2006-05-25,15.18,15.18,14.91,14.95,256032
2006-05-26,15.04,15.19,14.8,14.92,681077
2006-05-30,14.95,14.99,14.21,14.31,1332690
2006-05-31,14.4,14.95,14.39,14.84,1418372
2006-06-01,15.45,15.71,15.07,15.45,1277518
2006-06-02,15.52,15.63,15.2,15.45,712723
2006-06-05,15.72,15.81,15.52,15.64,931355
2006-06-06,15.6,15.63,14.93,15.1,938570
2006-06-07,15.09,15.63,14.97,15.54,788811
2006-06-08,15.46,15.46,14.67,15.19,803903
2006-06-09,15.28,15.55,15.14,15.44,342822
2006-06-12,15.52,15.52,14.66,14.71,400899
2006-06-13,14.71,14.8,14.07,14.18,848512
2006-06-14,14.26,14.74,14.11,14.69,692848
2006-06-15,14.71,15.21,14.71,15.01,783313
2006-06-16,15.04,15.37,15.04,15.23,631972
2006-06-19,15.21,15.37,15.09,15.2,556401
2006-06-20,15.13,15.31,14.8,14.99,680691
2006-06-21,15.0,15.5,14.93,15.36,802401
2006-06-22,15.38,15.38,14.98,15.17,813461
2006-06-23,15.17,15.32,15.06,15.27,498622
2006-06-26,15.27,15.45,15.04,15.21,396507
2006-06-27,15.17,15.29,14.98,14.98,434488
2006-06-28,15.08,15.17,14.8,15.06,341432
2006-06-29,15.1,15.62,14.9,15.53,583172
2006-06-30,15.65,15.83,15.42,15.42,2321953
2006-07-03,15.56,16.24,15.48,16.22,802498
2006-07-05,16.05,16.15,15.59,16.0,978245
2006-07-06,16.0,16.0,15.48,15.7,568911
2006-07-07,15.67,15.67,15.14,15.25,759411
2006-07-10,15.37,15.6,15.12,15.2,543214
2006-07-11,15.15,15.25,14.81,15.24,517433
2006-07-12,15.18,15.35,15.01,15.06,534901
2006-07-13,15.01,15.3,14.81,14.92,378999
2006-07-14,14.98,15.13,14.34,14.45,506626
2006-07-17,15.08,15.55,14.94,15.2,1159577
2006-07-18,15.2,15.4,14.78,15.03,583258
2006-07-19,15.02,15.56,14.97,15.51,470890
2006-07-20,15.56,15.88,15.35,15.41,335615
2006-07-21,15.4,15.44,15.01,15.19,412572
2006-07-24,15.16,15.96,15.16,15.5,675567
2006-07-25,15.53,15.95,15.48,15.79,733935
2006-07-26,15.88,15.88,15.4,15.52,534116
2006-07-27,15.65,15.85,15.26,15.43,651969
2006-07-28,15.46,15.77,15.31,15.72,626316
2006-07-31,15.66,16.07,15.37,15.48,684795
2006-08-01,15.35,15.85,15.21,15.78,853514
2006-08-02,15.81,16.01,15.41,15.59,805537
2006-08-03,17.09,17.78,16.51,17.61,4074373
2006-08-04,17.83,18.38,17.14,17.48,1602795
2006-08-07,16.95,17.35,16.84,17.32,893477
2006-08-08,17.42,17.55,17.06,17.24,636965
2006-08-09,17.49,17.6,16.93,17.02,861952
2006-08-10,16.95,17.51,16.8,17.4,1087990
2006-08-11,17.42,17.6,17.32,17.52,713192
2006-08-14,17.75,17.94,17.5,17.63,788259
2006-08-15,17.88,18.21,17.48,18.1,1026153
2006-08-16,18.35,19.1,18.2,18.84,1445467
2006-08-17,18.7,19.16,18.22,18.45,1315576
2006-08-18,20.82,22.3,20.79,22.21,9107584
2006-08-21,22.07,22.8,21.62,22.77,2984116
2006-08-22,22.64,22.75,22.1,22.31,1875945
2006-08-23,22.2,22.45,22.05,22.31,1174193
2006-08-24,22.27,22.3,21.15,21.78,1782629
2006-08-25,21.66,22.0,21.4,21.68,752571
2006-08-28,21.6,22.18,21.6,22.0,919700
2006-08-29,22.1,22.11,21.25,21.99,1006985
2006-08-30,21.9,22.68,21.69,22.49,1463333
2006-08-31,22.55,22.59,21.65,22.28,1863839
2006-09-01,22.19,22.5,21.41,21.71,1782915
2006-09-05,21.62,22.03,21.42,21.73,739221
2006-09-06,21.61,21.7,20.81,21.05,861195
2006-09-07,21.06,21.42,20.78,21.23,878803
2006-09-08,21.34,21.39,21.0,21.3,361928
2006-09-11,21.19,21.93,21.19,21.59,810669
2006-09-12,21.52,22.4,21.52,22.16,1002771
2006-09-13,22.1,23.14,22.1,23.04,1616597
2006-09-14,23.0,23.0,22.5,22.91,881723
2006-09-15,23.12,23.45,22.9,23.26,938728
2006-09-18,23.31,24.32,23.11,24.29,1828697
2006-09-19,24.36,24.37,23.75,24.2,1535570
2006-09-20,24.47,25.2,24.35,24.48,959246
2006-09-21,24.62,24.79,23.63,23.9,1109264
2006-09-22,23.99,24.3,23.81,24.11,568988
2006-09-25,24.25,24.83,24.07,24.41,855130
2006-09-26,24.39,24.5,24.1,24.17,788204
2006-09-27,24.18,24.72,23.97,24.41,1336539
2006-09-28,24.57,25.12,24.41,25.01,1279914
2006-09-29,25.1,25.44,24.66,24.78,816864
2006-10-02,24.75,25.15,24.3,24.79,668996
2006-10-03,24.85,25.27,24.57,25.03,620188
2006-10-04,24.95,25.77,24.87,25.56,971807
2006-10-05,25.68,25.75,24.2,24.87,1820936
2006-10-06,24.85,25.17,24.56,25.0,842737
2006-10-09,24.99,25.08,24.66,24.97,616662
2006-10-10,24.98,25.22,24.83,24.97,558998
2006-10-11,24.83,24.93,24.41,24.72,712952
2006-10-12,24.75,25.55,24.75,25.53,622811
2006-10-13,25.6,25.81,25.43,25.69,775976
2006-10-16,25.74,26.25,25.54,26.11,929212
2006-10-17,26.07,26.09,25.02,25.45,606328
2006-10-18,25.63,26.14,25.36,25.55,872184
2006-10-19,25.41,25.49,24.82,24.82,525545
2006-10-20,24.96,25.2,24.69,24.92,804095
2006-10-23,24.83,25.75,24.64,25.73,1153103
2006-10-24,26.14,26.38,25.67,26.15,805106
2006-10-25,26.39,26.86,25.8,26.74,2102702
2006-10-26,23.15,24.48,22.5,24.19,7267497
2006-10-27,24.15,24.4,24.01,24.28,1766868
2006-10-30,24.31,24.99,24.06,24.68,1115229
2006-10-31,24.9,25.0,24.45,24.83,1221486
2006-11-01,25.14,25.14,24.1,24.21,814262
2006-11-02,23.1,24.47,22.8,24.27,933035
2006-11-03,24.42,24.49,23.48,23.53,632778
2006-11-06,23.71,24.47,23.62,24.28,591240
2006-11-07,24.26,24.69,23.86,24.31,1071643
2006-11-08,23.47,23.92,22.84,23.39,1566920
2006-11-09,23.53,23.56,22.75,22.96,869632
2006-11-10,22.95,23.55,22.82,23.51,607832
2006-11-13,23.55,23.75,22.79,23.04,701186
2006-11-14,23.15,23.85,23.08,23.76,1146623
2006-11-15,23.83,23.99,23.57,23.77,461730
2006-11-16,23.85,23.96,23.77,23.88,577185
2006-11-17,23.88,23.91,23.12,23.5,820583
2006-11-20,23.6,23.69,23.08,23.45,511342
2006-11-21,23.45,23.45,22.8,22.83,890302
2006-11-22,22.93,23.25,22.39,22.66,1377784
2006-11-24,22.71,22.79,22.41,22.73,378084
2006-11-27,22.07,22.35,21.47,21.47,928970
2006-11-28,21.48,22.04,21.16,21.29,1528059
2006-11-29,21.48,22.68,21.3,22.09,1602116
2006-11-30,20.5,20.76,19.76,19.91,3896037
2006-12-01,19.84,20.56,19.83,20.38,2296822
2006-12-04,20.32,20.46,20.12,20.39,1713938
2006-12-05,20.47,20.59,20.32,20.5,914262
2006-12-06,20.57,20.89,20.27,20.33,966520
2006-12-07,20.28,20.56,20.18,20.24,1180015
2006-12-08,20.16,20.24,19.42,19.69,1338617
2006-12-11,19.73,20.11,19.56,19.94,1008996
2006-12-12,20.0,20.5,19.97,20.33,1553722
2006-12-13,20.46,20.72,20.3,20.45,1062659
2006-12-14,20.5,20.79,20.42,20.67,1176838
2006-12-15,20.75,20.87,20.31,20.4,644364
2006-12-18,20.36,20.57,20.0,20.11,961823
2006-12-19,20.02,20.2,19.7,19.98,1324164
2006-12-20,19.94,20.5,19.75,20.32,779173
2006-12-21,20.28,20.39,19.75,20.1,749072
2006-12-22,20.14,20.46,19.99,20.42,716855
2006-12-26,20.38,20.48,19.25,19.56,1098584
2006-12-27,19.58,19.85,19.5,19.73,760446
2006-12-28,19.71,20.12,19.63,19.95,540254
2006-12-29,19.89,20.03,19.73,19.79,659143
2007-01-03,19.8,19.98,19.02,19.09,1470239
2007-01-04,17.5,17.71,17.0,17.27,4299352
2007-01-05,17.29,17.76,17.07,17.09,2154302
2007-01-08,17.01,17.31,16.97,16.97,1423125
2007-01-09,17.02,17.23,16.94,17.06,1139399
2007-01-10,17.05,17.55,17.03,17.49,1105061
2007-01-11,17.5,17.97,17.46,17.75,1499608
2007-01-12,17.82,18.51,17.78,18.4,1422511
2007-01-16,18.59,18.82,17.99,18.11,1089988
2007-01-17,18.11,18.4,17.89,18.0,526910
2007-01-18,18.02,18.6,18.0,18.18,760189
2007-01-19,18.21,18.25,17.8,17.95,1600027
2007-01-22,18.65,18.95,18.22,18.3,2084029
2007-01-23,18.2,18.6,18.11,18.43,834983
2007-01-24,18.53,18.56,18.33,18.46,758187
2007-01-25,18.46,18.76,18.32,18.74,1452175
2007-01-26,18.07,18.56,17.8,17.96,2755613
2007-01-29,17.93,18.15,17.75,18.06,1364491
2007-01-30,18.05,18.32,17.99,18.26,834291
2007-01-31,18.16,18.56,18.14,18.52,745328
2007-02-01,18.5,18.77,18.45,18.73,893304
2007-02-02,18.87,19.04,18.77,18.99,869447
2007-02-05,18.89,18.89,18.3,18.47,858496
2007-02-06,18.52,18.56,18.3,18.45,604361
2007-02-07,18.41,18.54,18.21,18.36,602572
2007-02-08,18.31,18.56,18.05,18.54,1663893
2007-02-09,18.52,18.68,18.28,18.32,831238
2007-02-12,18.28,18.61,18.05,18.49,727059
2007-02-13,18.48,18.62,18.31,18.61,761910
2007-02-14,18.59,18.77,18.45,18.7,643504
2007-02-15,18.79,18.85,18.49,18.72,467872
2007-02-16,18.73,19.21,18.51,19.0,846516
2007-02-20,19.07,19.72,18.93,19.61,960225
2007-02-21,19.69,19.92,19.39,19.86,1012300
2007-02-22,19.83,19.86,19.43,19.7,590704
2007-02-23,19.71,19.73,19.16,19.42,578954
2007-02-26,19.42,19.68,19.01,19.23,439626
2007-02-27,19.0,19.04,18.36,18.44,842880
2007-02-28,18.4,18.66,18.07,18.38,693832
2007-03-01,17.97,18.73,17.68,18.54,687952
2007-03-02,18.42,18.47,17.8,17.83,749003
2007-03-05,17.71,17.8,17.33,17.36,844068
2007-03-06,17.45,17.72,17.31,17.53,824737
2007-03-07,17.59,17.73,17.32,17.52,506018
2007-03-08,17.52,17.95,17.36,17.7,1350237
2007-03-09,17.84,17.98,17.68,17.9,712208
2007-03-12,17.94,18.01,17.47,17.71,938431
2007-03-13,17.71,17.71,16.77,16.83,1229653
2007-03-14,16.76,17.26,16.63,17.09,2136650
2007-03-15,17.11,17.22,16.76,17.02,1259301
2007-03-16,17.05,17.19,16.95,17.05,635854
2007-03-19,17.1,17.56,17.07,17.48,632310
2007-03-20,17.51,18.0,17.45,17.9,1483846
2007-03-21,17.97,18.12,17.77,18.08,512280
2007-03-22,18.19,18.77,18.08,18.41,1239509
2007-03-23,18.59,19.11,18.59,18.78,1314818
2007-03-26,18.3,18.36,18.05,18.1,1158304
2007-03-27,18.3,18.35,17.76,17.98,656782
2007-03-28,17.85,17.93,17.53,17.79,890131
2007-03-29,17.91,17.91,16.99,17.32,1245352
2007-03-30,17.34,17.53,16.95,17.38,1502526
2007-04-02,17.4,17.97,17.4,17.92,1111881
2007-04-03,17.92,18.1,17.8,18.07,837716
2007-04-04,18.02,18.09,17.85,18.01,639288
2007-04-05,17.96,18.16,17.93,18.1,638210
2007-04-09,18.08,18.2,17.88,18.0,722453
2007-04-10,18.05,18.09,17.75,17.87,914027
2007-04-11,17.94,18.23,17.77,18.12,1037731
2007-04-12,17.3,18.53,17.25,17.79,2635348
2007-04-13,17.76,17.81,17.58,17.72,693922
2007-04-16,17.7,17.98,17.45,17.96,682035
2007-04-17,17.92,18.0,17.77,17.9,396999
2007-04-18,17.84,17.87,17.66,17.77,535777
2007-04-19,17.72,18.07,17.59,17.74,391936
2007-04-20,17.94,18.03,17.77,18.02,444701
2007-04-23,18.03,18.14,17.73,17.9,480455
2007-04-24,17.84,17.96,17.45,17.83,718066
2007-04-25,17.8,17.9,17.59,17.73,540990
2007-04-26,17.68,18.07,17.68,17.92,475754
2007-04-27,17.95,18.23,17.82,18.14,579734
2007-04-30,18.14,18.22,17.43,17.5,943725
2007-05-01,17.45,17.76,17.15,17.3,673265
2007-05-02,17.4,17.61,17.26,17.37,590022
2007-05-03,17.31,17.63,17.18,17.35,802847
2007-05-04,16.92,17.1,16.8,16.99,1769240
2007-05-07,17.05,17.11,16.71,17.0,1466370
2007-05-08,16.93,16.95,16.55,16.83,588835
2007-05-09,17.39,18.35,17.27,18.06,1960838
2007-05-10,17.85,18.42,17.61,17.75,700254
2007-05-11,17.7,17.99,17.41,17.57,612335
2007-05-14,17.51,17.68,17.31,17.35,540289
2007-05-15,17.5,17.63,17.17,17.25,567401
2007-05-16,17.36,17.5,17.17,17.43,693894
2007-05-17,17.46,17.7,17.4,17.56,403288
2007-05-18,17.64,17.69,17.42,17.54,775676
2007-05-21,17.59,18.0,17.5,17.9,511367
2007-05-22,17.84,18.03,17.75,17.91,497888
2007-05-23,17.99,17.99,17.41,17.45,633746
2007-05-24,17.49,17.66,17.04,17.19,736191
2007-05-25,17.31,17.43,17.2,17.4,383879
2007-05-29,17.43,17.53,17.19,17.33,315349
2007-05-30,17.31,17.72,17.16,17.67,431408
2007-05-31,17.69,18.04,17.56,17.98,571765
2007-06-01,18.03,18.38,18.0,18.11,655036
2007-06-04,18.06,18.36,17.83,18.04,857968
2007-06-05,17.42,17.64,17.2,17.23,1727800
2007-06-06,17.2,17.32,17.0,17.13,809739
2007-06-07,17.08,17.18,16.49,16.55,1868508
2007-06-08,16.59,16.9,16.5,16.72,909676
2007-06-11,16.64,16.72,16.35,16.44,604641
2007-06-12,16.35,16.5,16.18,16.25,780896
2007-06-13,16.37,16.46,16.24,16.43,688252
2007-06-14,16.36,16.54,16.15,16.31,892767
2007-06-15,16.47,16.47,16.15,16.21,860822
2007-06-18,16.2,16.69,16.14,16.61,1141633
2007-06-19,16.57,16.83,16.51,16.83,719554
2007-06-20,16.82,16.97,16.46,16.47,944110
2007-06-21,16.47,16.63,16.36,16.53,454814
2007-06-22,16.53,16.59,16.3,16.32,516977
2007-06-25,16.3,16.54,16.2,16.3,885741
2007-06-26,16.45,16.47,16.04,16.08,548148
2007-06-27,16.03,16.47,16.0,16.39,775997
2007-06-28,16.4,16.46,16.22,16.32,439710
2007-06-29,16.35,16.35,15.99,16.01,597201
2007-07-02,16.1,16.36,16.04,16.14,725837
2007-07-03,16.14,16.39,16.06,16.25,518277
2007-07-05,16.2,16.49,16.08,16.47,783824
2007-07-06,16.47,16.72,16.37,16.61,536378
2007-07-09,16.69,16.69,16.12,16.22,954177
2007-07-10,16.2,16.23,15.65,15.73,1239881
2007-07-11,15.69,15.96,15.65,15.81,530019
2007-07-12,15.84,15.89,15.19,15.62,1943615
2007-07-13,15.55,15.55,15.14,15.23,1844829
2007-07-16,15.16,15.48,15.16,15.29,774103
2007-07-17,15.26,15.41,15.22,15.31,739026
2007-07-18,15.26,15.41,15.16,15.26,689117
2007-07-19,15.4,15.59,15.32,15.57,520635
2007-07-20,15.54,15.64,15.2,15.21,605729
2007-07-23,15.24,15.37,15.14,15.14,489056
2007-07-24,15.1,15.14,14.88,14.89,1132485
2007-07-25,14.97,15.15,14.8,14.87,763633
2007-07-26,14.84,14.99,14.2,14.66,983825
2007-07-27,14.7,14.77,14.25,14.37,1245565
2007-07-30,14.01,14.29,13.69,14.21,1318879
2007-07-31,14.36,14.4,13.85,13.87,928810
2007-08-01,13.88,14.21,13.78,14.05,1070709
2007-08-02,14.07,14.09,13.71,13.96,1364160
2007-08-03,13.88,13.93,12.91,13.01,1854590
2007-08-06,13.03,13.07,12.35,13.03,1850393
2007-08-07,13.03,13.84,12.56,13.77,1337733
2007-08-08,13.84,15.25,13.84,15.25,2774171
2007-08-09,14.9,15.85,14.25,15.24,2901152
2007-08-10,14.99,15.08,13.94,13.96,1543990
2007-08-13,14.02,14.31,13.14,13.3,1295356
2007-08-14,13.35,13.49,13.07,13.26,838276
2007-08-15,13.27,13.39,13.01,13.02,1022213
2007-08-16,13.0,13.66,12.77,13.6,1309060
2007-08-17,14.12,14.25,13.62,14.08,749738
2007-08-20,14.13,14.28,13.59,13.61,745310
2007-08-21,13.7,13.88,13.48,13.5,715137
2007-08-22,13.64,13.85,13.6,13.82,521708
2007-08-23,13.92,14.16,13.08,13.44,1623788
2007-08-24,13.42,14.56,13.05,14.21,2439118
2007-08-27,14.19,14.33,13.59,13.6,972224
2007-08-28,13.52,13.99,13.37,13.71,521509
2007-08-29,13.82,14.12,13.65,14.07,306252
2007-08-30,13.99,14.03,13.58,13.67,515921
2007-08-31,13.88,14.05,13.73,13.95,344410
2007-09-04,13.95,14.22,13.88,13.97,420924
2007-09-05,13.89,13.89,13.5,13.66,346107
2007-09-06,13.66,13.74,13.41,13.47,396726
2007-09-07,13.33,13.39,13.01,13.32,676159
2007-09-10,13.29,13.31,12.7,12.73,1026502
2007-09-11,12.78,13.1,12.78,12.94,1206488
2007-09-12,12.91,13.8,12.81,13.45,846309
2007-09-13,13.54,13.95,13.28,13.74,500319
2007-09-14,13.76,14.15,13.52,14.13,667819
2007-09-17,14.84,15.14,14.46,14.49,1442150
2007-09-18,14.61,15.32,14.59,15.28,1259923
2007-09-19,15.35,15.75,15.25,15.48,1289558
2007-09-20,15.41,15.75,15.14,15.34,845991
2007-09-21,15.25,15.35,15.04,15.07,590865
2007-09-24,15.03,15.4,15.03,15.09,542822
2007-09-25,14.98,14.98,14.64,14.67,359041
2007-09-26,14.78,15.38,14.78,15.02,548614
2007-09-27,15.05,15.05,14.8,14.98,384912
2007-09-28,14.94,15.02,14.6,14.63,356644
2007-10-01,14.58,15.02,14.56,15.02,399330
2007-10-02,15.01,15.19,14.92,15.06,537246
2007-10-03,14.92,15.33,14.88,15.1,432291
2007-10-04,15.19,15.19,14.67,14.68,382864
2007-10-05,14.81,15.3,14.62,15.2,502179
2007-10-08,15.12,15.19,14.62,14.74,361042
2007-10-09,14.76,14.76,14.12,14.5,627602
2007-10-10,14.42,14.99,14.37,14.68,916455
2007-10-11,14.7,15.05,14.41,14.64,975540
2007-10-12,14.59,14.59,14.2,14.37,465649
2007-10-15,14.96,15.04,14.63,14.88,976422
2007-10-16,14.92,15.17,14.53,14.99,569853
2007-10-17,15.05,15.14,14.63,14.82,413902
2007-10-18,14.7,14.72,14.35,14.63,303990
2007-10-19,14.55,14.66,14.11,14.14,486713
2007-10-22,14.22,14.77,13.79,14.73,514503
2007-10-23,14.87,14.94,14.19,14.51,394875
2007-10-24,14.41,14.42,13.98,14.32,356527
2007-10-25,14.39,14.73,14.16,14.51,389833
2007-10-26,14.68,14.7,14.26,14.63,275977
2007-10-29,14.67,14.78,14.4,14.51,214585
2007-10-30,14.42,14.44,14.0,14.05,826402
2007-10-31,14.1,14.16,13.56,13.91,949548
2007-11-01,13.85,13.87,13.04,13.07,1030428
2007-11-02,13.52,14.34,13.5,13.94,1690021
2007-11-05,13.66,13.74,13.27,13.63,876176
2007-11-06,13.65,14.18,13.52,14.16,585203
2007-11-07,13.93,14.09,13.48,13.52,532917
2007-11-08,13.67,13.95,13.45,13.93,740861
2007-11-09,13.71,14.05,13.28,13.28,776801
2007-11-12,13.26,14.18,13.24,13.62,736322
2007-11-13,13.71,14.35,13.63,14.28,634674
2007-11-14,14.35,14.39,13.75,13.81,602535
2007-11-15,13.69,13.95,13.52,13.56,642218
2007-11-16,13.61,13.61,13.0,13.13,763477
2007-11-19,13.01,13.03,12.64,12.65,800537
2007-11-20,12.51,13.13,12.35,12.43,1102388
2007-11-21,12.3,12.58,12.18,12.4,917957
2007-11-23,12.52,12.71,12.28,12.49,369047
2007-11-26,12.48,12.7,12.3,12.51,704196
2007-11-27,12.51,12.98,12.51,12.82,824133
2007-11-28,12.85,13.5,12.83,13.41,900227
2007-11-29,13.25,13.29,12.91,13.14,616901
2007-11-30,13.28,13.73,13.25,13.5,970240
2007-12-03,13.44,13.46,13.04,13.04,605916
2007-12-04,12.9,13.18,12.82,12.99,298514
2007-12-05,13.1,13.27,12.73,13.01,657013
2007-12-06,12.78,13.12,12.74,13.08,373692
2007-12-07,13.1,13.11,12.74,12.82,793103
2007-12-10,12.82,12.96,12.77,12.86,304464
2007-12-11,12.86,13.15,12.75,12.83,648449
2007-12-12,13.06,13.18,12.81,13.15,654114
2007-12-13,13.03,13.05,12.78,12.83,529700
2007-12-14,12.7,12.89,12.41,12.49,620412
2007-12-17,12.38,12.39,11.81,11.83,817427
2007-12-18,11.87,12.36,11.71,12.15,726322
2007-12-19,12.14,12.55,12.1,12.46,1157876
2007-12-20,12.58,12.93,12.49,12.91,1301630
2007-12-21,13.2,13.36,13.03,13.12,1246409
2007-12-24,13.19,13.21,12.86,13.1,344026
2007-12-26,12.94,13.32,12.91,13.32,765985
2007-12-27,13.21,13.29,12.94,12.98,436532
2007-12-28,12.99,13.2,12.72,12.87,693183
2007-12-31,12.64,13.02,12.55,12.86,715727
2008-01-02,12.79,12.96,12.67,12.72,681187
2008-01-03,12.62,12.75,12.41,12.41,633810
2008-01-04,12.23,12.23,11.72,11.76,1114398
2008-01-07,11.72,12.13,11.6,11.94,705058
2008-01-08,11.97,12.19,11.67,11.68,564739
2008-01-09,11.67,11.88,11.47,11.82,763571
2008-01-10,11.5,11.5,10.6,10.79,2052351
2008-01-11,10.55,10.57,9.96,10.0,1721247
2008-01-14,10.09,10.1,9.56,9.68,1333334
2008-01-15,9.47,9.53,9.15,9.2,1365434
2008-01-16,9.18,9.94,9.18,9.73,868587
2008-01-17,9.74,10.0,9.69,9.78,772398
2008-01-18,9.79,10.07,9.55,9.59,582123
2008-01-22,9.17,10.34,9.01,10.18,943582
2008-01-23,9.84,10.97,9.71,10.9,826581
2008-01-24,11.0,11.93,10.95,11.64,2120487
2008-01-25,11.74,12.05,11.46,11.5,1623738
2008-01-28,11.43,11.87,11.14,11.81,665241
2008-01-29,11.75,11.78,11.43,11.59,1179551
2008-01-30,11.45,11.67,11.18,11.21,1066396
2008-01-31,10.45,12.0,10.2,11.52,1711567
2008-02-01,10.68,12.51,10.68,11.7,3160243
2008-02-04,11.71,11.93,11.34,11.5,1072371
2008-02-05,11.33,11.84,11.24,11.31,1243107
2008-02-06,11.47,11.8,11.04,11.09,737065
2008-02-07,11.02,11.82,11.0,11.69,1033300
2008-02-08,11.68,12.35,11.58,12.16,1545783
2008-02-11,12.15,12.46,11.85,12.38,961973
2008-02-12,12.4,13.05,12.4,12.96,1466735
2008-02-13,13.1,13.21,12.79,12.96,1013007
2008-02-14,12.94,12.99,12.32,12.34,868786
2008-02-15,12.27,12.84,12.17,12.72,989686
2008-02-19,12.9,12.94,12.31,12.34,446863
2008-02-20,12.26,12.76,12.18,12.73,505688
2008-02-21,12.85,13.13,12.46,12.48,374746
2008-02-22,12.47,12.7,12.24,12.67,557653
2008-02-25,12.6,13.06,12.43,13.03,455940
2008-02-26,12.92,13.83,12.92,13.73,961929
2008-02-27,13.57,13.8,13.46,13.61,493005
2008-02-28,13.54,13.64,12.65,12.69,896109
2008-02-29,12.59,12.78,12.18,12.21,461877
2008-03-03,12.24,12.38,12.01,12.22,577290
2008-03-04,12.07,12.27,11.89,12.14,689983
2008-03-05,12.2,12.42,11.93,12.11,673560
2008-03-06,12.03,12.16,11.12,11.15,801209
2008-03-07,11.02,11.35,10.94,11.17,684723
2008-03-10,11.23,11.36,10.6,10.61,1441982
2008-03-11,10.72,11.38,10.71,11.33,946374
2008-03-12,11.35,12.07,11.31,11.55,1393180
2008-03-13,11.39,11.83,11.26,11.81,776745
2008-03-14,11.91,11.91,11.26,11.51,474858
2008-03-17,11.18,11.61,11.02,11.02,663786
2008-03-18,11.28,11.74,11.2,11.63,621237
2008-03-19,11.58,11.96,11.42,11.42,698012
2008-03-20,11.55,11.66,11.34,11.5,1417635
2008-03-24,11.64,12.66,11.64,12.35,1349289
2008-03-25,12.24,12.3,11.73,11.98,620335
2008-03-26,11.9,11.9,11.53,11.6,561256
2008-03-27,11.64,11.82,11.44,11.47,665475
2008-03-28,11.38,11.67,10.66,10.72,1322495
2008-03-31,10.72,10.84,10.5,10.75,1234288
2008-04-01,10.64,11.11,10.5,11.09,1085133
2008-04-02,11.16,11.47,11.0,11.38,692700
2008-04-03,11.3,11.43,11.03,11.2,433285
2008-04-04,11.17,11.37,10.94,11.07,688760
2008-04-07,11.12,11.12,10.66,10.69,788392
2008-04-08,10.58,10.81,10.5,10.57,457425
2008-04-09,10.58,10.72,10.22,10.27,586804
2008-04-10,10.23,10.75,10.17,10.43,766662
2008-04-11,10.33,10.34,9.88,9.97,1068514
2008-04-14,9.95,10.26,9.84,10.02,562173
2008-04-15,10.07,10.13,9.9,10.01,528172
2008-04-16,10.13,10.4,10.05,10.33,373747
2008-04-17,10.26,10.33,10.07,10.21,296309
2008-04-18,10.44,10.59,10.32,10.49,598633
2008-04-21,10.48,10.79,10.48,10.73,577786
2008-04-22,10.66,10.84,10.35,10.45,537533
2008-04-23,10.47,10.69,10.35,10.59,531832
2008-04-24,10.62,10.92,10.46,10.74,770029
2008-04-25,10.77,11.14,10.59,11.04,505609
2008-04-28,10.3,10.47,9.83,9.87,2164552
2008-04-29,9.63,10.26,9.49,10.15,926004
2008-04-30,10.06,10.3,9.95,9.99,1289011
2008-05-01,9.97,10.5,9.92,10.35,1148173
2008-05-02,10.95,11.0,10.25,10.81,1455533
2008-05-05,10.64,10.75,10.45,10.52,1097636
2008-05-06,10.47,10.82,10.41,10.67,811083
2008-05-07,10.67,10.86,10.54,10.62,849822
2008-05-08,10.63,10.75,10.45,10.51,597721
2008-05-09,10.42,10.73,10.42,10.54,520325
2008-05-12,10.55,11.24,10.55,11.19,807163
2008-05-13,11.18,11.5,11.03,11.4,754437
2008-05-14,11.44,11.66,11.21,11.45,547481
2008-05-15,11.41,11.65,11.41,11.56,465283
2008-05-16,11.61,11.61,11.03,11.41,1104612
2008-05-19,11.24,11.58,11.1,11.42,639408
2008-05-20,11.35,11.42,11.04,11.21,1001377
2008-05-21,11.23,11.36,10.97,11.09,611940
2008-05-22,11.11,11.36,10.94,11.09,1351308
2008-05-23,11.0,11.07,10.73,10.88,380210
2008-05-27,10.91,11.3,10.91,11.14,423575
2008-05-28,11.19,11.29,10.98,11.19,467347
2008-05-29,11.18,11.5,11.14,11.48,368809
2008-05-30,11.49,11.56,11.26,11.43,380450
2008-06-02,11.42,11.42,10.74,11.09,846394
2008-06-03,11.11,11.12,10.63,10.85,1002579
2008-06-04,10.74,10.96,10.65,10.82,629460
2008-06-05,10.85,11.16,10.82,11.04,642914
2008-06-06,10.95,10.95,10.5,10.5,488198
2008-06-09,10.57,10.72,10.25,10.31,512203
2008-06-10,10.2,10.91,10.2,10.84,772095
2008-06-11,10.78,10.82,10.21,10.21,585554
2008-06-12,10.27,10.63,10.21,10.27,379180
2008-06-13,10.38,10.68,10.3,10.66,359931
2008-06-16,10.66,11.09,10.52,11.03,454009
2008-06-17,11.09,11.14,10.98,11.02,545839
2008-06-18,10.95,11.09,10.79,10.88,723171
2008-06-19,10.88,10.97,10.69,10.83,512264
2008-06-20,10.78,10.84,10.48,10.59,599483
2008-06-23,10.61,10.7,10.25,10.33,327041
2008-06-24,10.25,10.32,9.9,10.06,439774
2008-06-25,10.07,10.73,10.07,10.48,434977
2008-06-26,10.34,10.38,9.89,9.94,380486
2008-06-27,9.95,10.0,9.64,9.8,2027787
2008-06-30,9.69,10.05,9.61,9.61,597751
2008-07-01,9.5,10.06,9.5,10.03,567900
2008-07-02,9.8,9.9,9.48,9.51,631743
2008-07-03,9.55,9.72,9.34,9.4,168947
2008-07-07,9.47,9.53,9.13,9.5,414951
2008-07-08,9.53,9.75,9.41,9.63,582003
2008-07-09,9.59,9.67,9.26,9.27,446482
2008-07-10,9.42,9.47,9.02,9.13,491167
2008-07-11,9.08,9.36,8.99,9.24,685310
2008-07-14,9.47,9.59,9.12,9.17,607190
2008-07-15,9.08,9.23,8.81,8.9,1091591
2008-07-16,8.98,9.94,8.9,9.78,1182191
2008-07-17,9.84,10.14,9.7,10.09,1318998
2008-07-18,10.09,10.18,9.67,10.05,668888
2008-07-21,10.38,10.38,10.04,10.16,518918
2008-07-22,9.91,10.48,9.74,10.46,649806
2008-07-23,10.47,11.0,10.42,10.74,904164
2008-07-24,10.78,10.8,10.02,10.1,825694
2008-07-25,10.19,10.4,9.91,10.0,455536
2008-07-28,9.98,10.14,9.74,9.76,524199
2008-07-29,9.79,10.26,9.79,10.22,299036
2008-07-30,10.27,10.58,10.07,10.41,560495
2008-07-31,10.28,10.62,10.19,10.37,421106
2008-08-01,10.43,10.57,10.14,10.37,349497
2008-08-04,10.33,10.42,10.04,10.18,450007
2008-08-05,10.29,10.72,10.29,10.64,479303
2008-08-06,10.6,10.63,10.24,10.44,444391
2008-08-07,10.27,10.47,10.11,10.15,314842
2008-08-08,10.19,10.78,10.19,10.74,283453
2008-08-11,10.61,11.26,10.5,10.95,531900
2008-08-12,10.87,11.01,10.64,10.74,538244
2008-08-13,10.71,10.79,10.11,10.26,572603
2008-08-14,10.18,10.83,10.18,10.66,351074
2008-08-15,10.79,11.03,10.64,10.87,319737
2008-08-18,10.9,11.11,10.77,10.91,252629
2008-08-19,10.7,10.97,10.53,10.64,445478
2008-08-20,10.66,10.82,10.45,10.64,254232
2008-08-21,10.46,10.79,10.02,10.5,593392
2008-08-22,10.25,10.42,9.72,9.8,1432943
2008-08-25,9.7,9.82,9.5,9.55,947608
2008-08-26,9.55,9.67,9.25,9.3,853270
2008-08-27,9.32,9.59,9.25,9.51,660608
2008-08-28,9.55,9.79,9.53,9.73,478267
2008-08-29,9.67,9.72,9.6,9.7,446949
2008-09-02,9.91,10.09,9.63,9.8,637104
2008-09-03,9.78,10.05,9.7,10.02,617915
2008-09-04,9.94,9.99,9.64,9.89,503901
2008-09-05,9.82,9.93,9.65,9.81,374720
2008-09-08,10.09,10.14,9.91,10.01,580748
2008-09-09,10.0,10.32,9.88,9.96,668379
2008-09-10,10.04,10.15,9.78,10.05,501570
2008-09-11,9.92,10.23,9.84,10.2,758473
2008-09-12,10.06,10.19,9.9,10.12,620347
2008-09-15,9.74,10.21,9.74,9.9,629646
2008-09-16,9.66,10.23,9.63,10.23,1208026
2008-09-17,10.07,10.2,9.8,9.86,850027
2008-09-18,10.1,10.28,9.79,10.23,1038625
2008-09-19,10.66,11.02,10.41,10.74,1226438
2008-09-22,10.72,10.99,10.31,10.42,764389
2008-09-23,10.42,10.54,10.11,10.28,518413
2008-09-24,10.07,10.52,10.06,10.09,308058
2008-09-25,10.13,10.44,9.95,10.01,472506
2008-09-26,9.85,10.1,9.71,10.07,437360
2008-09-29,9.92,9.98,9.55,9.56,392351
2008-09-30,9.67,9.9,9.4,9.77,377578
2008-10-01,9.68,9.74,9.49,9.56,172742
2008-10-02,9.5,9.64,9.0,9.07,349472
2008-10-03,9.16,9.27,8.56,8.59,396262
2008-10-06,8.5,8.5,7.97,8.32,760201
2008-10-07,8.43,8.59,7.94,7.98,441351
2008-10-08,7.79,8.16,7.5,7.9,701788
2008-10-09,7.91,7.99,7.11,7.14,757472
2008-10-10,6.89,7.12,6.44,7.01,1125609
2008-10-13,7.18,7.63,6.95,7.63,597251
2008-10-14,7.74,7.75,6.85,6.93,1083563
2008-10-15,7.06,7.34,6.74,6.78,989764
2008-10-16,6.84,7.2,6.31,6.76,1002917
2008-10-17,6.5,8.01,6.43,6.89,600971
2008-10-20,6.94,7.35,6.85,7.15,456111
2008-10-21,7.04,7.33,6.79,6.88,531738
2008-10-22,6.84,7.06,6.69,6.87,674003
2008-10-23,6.91,6.94,6.41,6.6,1026118
2008-10-24,6.19,6.57,6.19,6.29,746192
2008-10-27,6.21,6.53,6.13,6.16,438106
2008-10-28,6.37,7.26,6.17,7.21,999006
2008-10-29,7.4,8.32,7.32,7.91,1265584
2008-10-30,8.19,8.35,7.94,8.14,688933
2008-10-31,8.0,9.07,8.0,8.86,958011
2008-11-03,8.86,8.93,8.12,8.32,751042
2008-11-04,8.28,8.52,7.9,7.97,676719
2008-11-05,7.9,7.97,7.52,7.56,630137
2008-11-06,7.6,7.82,7.27,7.39,472949
2008-11-07,7.43,7.7,6.93,7.04,1051982
2008-11-10,7.2,7.23,6.55,6.63,445254
2008-11-11,6.58,6.9,6.36,6.67,536116
2008-11-12,6.57,6.75,6.2,6.25,634568
2008-11-13,6.28,6.94,6.0,6.94,643098
2008-11-14,6.79,6.82,6.1,6.11,879211
2008-11-17,6.09,6.2,5.86,5.92,700413
2008-11-18,5.92,6.05,5.7,5.93,577380
2008-11-19,5.93,6.02,5.38,5.39,657040
2008-11-20,5.36,5.68,4.85,4.9,707139
2008-11-21,4.93,5.21,4.57,5.2,1062782
2008-11-24,5.33,5.67,5.2,5.54,1057830
2008-11-25,5.61,5.89,5.52,5.74,844631
2008-11-26,5.57,6.11,5.47,6.03,634606
2008-11-28,6.0,6.19,5.93,6.18,205214
2008-12-01,6.01,6.15,5.67,5.67,665500
2008-12-02,5.77,6.16,5.71,6.11,1019203
2008-12-03,5.93,6.46,5.86,6.45,474867
2008-12-04,6.38,6.86,6.16,6.3,947605
2008-12-05,6.18,6.7,6.03,6.6,790912
2008-12-08,6.84,6.87,6.46,6.67,587711
2008-12-09,6.61,6.85,6.35,6.39,414481
2008-12-10,6.4,6.68,6.16,6.64,305835
2008-12-11,6.55,6.7,6.21,6.29,465248
2008-12-12,6.1,6.52,6.1,6.47,330474
2008-12-15,6.49,6.57,6.02,6.11,249537
2008-12-16,6.25,6.63,6.04,6.62,277835
2008-12-17,6.52,7.66,6.35,7.44,1105825
2008-12-18,7.44,7.71,7.25,7.4,499994
2008-12-19,7.06,7.74,7.06,7.57,698158
2008-12-22,7.53,7.54,7.0,7.54,491039
2008-12-23,7.54,7.65,7.35,7.47,533415
2008-12-24,7.53,7.65,7.2,7.55,264812
2008-12-26,7.62,7.73,7.44,7.55,204915
2008-12-29,7.72,7.72,7.35,7.49,411467
2008-12-30,7.57,7.63,7.41,7.6,385034
2008-12-31,7.52,7.6,7.29,7.47,552341
2009-01-02,7.49,7.49,7.21,7.29,588955
2009-01-05,7.25,7.32,7.11,7.21,821553
2009-01-06,7.3,7.4,6.96,7.03,547667
2009-01-07,6.96,7.0,6.59,6.63,1491925
2009-01-08,6.57,6.6,6.1,6.18,966774
2009-01-09,6.25,6.49,6.0,6.45,1274906
2009-01-12,6.34,6.45,5.96,5.98,578492
2009-01-13,6.02,6.14,5.76,5.8,452045
2009-01-14,5.56,5.66,5.25,5.26,1399749
2009-01-15,5.32,5.84,5.11,5.82,1284792
2009-01-16,5.86,6.0,5.55,5.75,555897
2009-01-20,5.69,5.91,5.41,5.43,513647
2009-01-21,5.67,5.73,5.39,5.7,857775
2009-01-22,5.61,5.98,5.54,5.85,565777
2009-01-23,5.71,5.88,5.69,5.74,597229
2009-01-26,5.77,6.03,5.69,5.83,377259
2009-01-27,5.83,5.99,5.77,5.92,343623
2009-01-28,6.0,6.29,5.86,6.23,709008
2009-01-29,6.19,6.19,5.74,5.75,384606
2009-01-30,5.79,5.95,5.57,5.65,431555
2009-02-02,5.6,5.89,5.56,5.8,495603
2009-02-03,5.83,6.0,5.64,5.89,408836
2009-02-04,5.89,6.01,5.72,5.73,390534
2009-02-05,5.7,6.2,5.7,6.08,473421
2009-02-06,5.99,6.26,5.71,6.11,522558
2009-02-09,6.05,6.1,5.77,5.87,761025
2009-02-10,5.8,6.06,5.62,5.63,590063
2009-02-11,5.68,5.78,5.5,5.59,320766
2009-02-12,5.51,5.78,5.36,5.75,538782
2009-02-13,5.74,5.82,5.56,5.57,327337
2009-02-17,5.4,5.61,5.16,5.54,517202
2009-02-18,5.57,5.65,5.39,5.4,372032
2009-02-19,5.48,5.75,5.36,5.36,525058
2009-02-20,5.29,5.76,5.29,5.68,597996
2009-02-23,5.68,5.72,5.35,5.35,427845
2009-02-24,5.41,5.73,5.4,5.72,629278
2009-02-25,5.75,5.87,5.56,5.71,528247
2009-02-26,5.72,5.78,5.38,5.39,279913
2009-02-27,5.32,5.54,5.16,5.16,564242
2009-03-02,5.13,5.16,4.84,4.87,472577
2009-03-03,4.94,5.12,4.73,5.06,956375
2009-03-04,5.15,5.24,4.91,5.12,520310
2009-03-05,4.99,5.07,4.75,4.76,444309
2009-03-06,4.71,4.9,4.59,4.82,418253
2009-03-09,4.75,4.91,4.65,4.68,370451
2009-03-10,4.78,5.18,4.7,5.04,610348
2009-03-11,5.04,5.23,4.95,5.1,257623
2009-03-12,5.07,5.3,4.93,5.25,414652
2009-03-13,5.26,5.34,5.04,5.21,291681
2009-03-16,5.24,5.24,4.88,4.9,293369
2009-03-17,4.87,5.38,4.87,5.38,414915
2009-03-18,5.37,5.74,5.27,5.55,489255
2009-03-19,5.63,5.63,5.38,5.51,710031
2009-03-20,4.98,5.73,4.98,5.45,456386
2009-03-23,5.59,6.06,5.49,6.03,437484
2009-03-24,5.7,6.32,5.7,6.23,458382
2009-03-25,6.0,6.49,6.0,6.47,528526
2009-03-26,6.27,7.04,6.27,7.02,705179
2009-03-27,6.85,6.92,6.65,6.74,627818
2009-03-30,6.55,6.72,6.25,6.65,504588
2009-03-31,6.65,6.84,6.49,6.67,393264
2009-04-01,6.53,6.88,6.42,6.79,473911
2009-04-02,6.94,7.59,6.82,7.4,786419
2009-04-03,7.34,7.59,7.24,7.48,574676
2009-04-06,7.4,7.4,7.09,7.2,439126
2009-04-07,7.07,7.32,6.87,6.87,337457
2009-04-08,6.9,7.15,6.7,7.04,255275
2009-04-09,7.2,7.55,7.07,7.55,703476
2009-04-13,7.41,7.63,7.2,7.6,504549
2009-04-14,7.45,7.65,7.33,7.49,611232
2009-04-15,7.46,7.74,7.36,7.7,903649
2009-04-16,7.79,7.89,7.66,7.84,745268
2009-04-17,7.86,8.0,7.68,7.98,576152
2009-04-20,8.1,8.2,7.72,7.86,959783
2009-04-21,7.75,8.49,7.74,8.45,555102
2009-04-22,8.32,8.87,8.3,8.5,795508
2009-04-23,8.64,8.68,8.34,8.54,497405
2009-04-24,8.7,8.88,8.39,8.7,500921
2009-04-27,8.56,8.82,8.44,8.64,360711
2009-04-28,8.53,8.78,8.4,8.65,307337
2009-04-29,8.68,9.1,8.5,8.87,615801
2009-04-30,8.95,9.5,8.86,9.2,459813
2009-05-01,9.22,9.34,8.86,8.95,605024
2009-05-04,9.06,9.34,8.91,9.19,709779
2009-05-05,9.15,9.39,8.94,9.03,503380
2009-05-06,9.1,9.27,8.5,8.56,754830
2009-05-07,8.66,8.97,8.14,8.27,659953
2009-05-08,8.52,9.5,8.52,9.39,1364598
2009-05-11,9.34,9.43,8.99,9.23,694540
2009-05-12,9.28,9.4,8.81,9.02,714518
2009-05-13,8.9,8.99,8.33,8.39,779592
2009-05-14,8.45,8.71,8.27,8.33,600142
2009-05-15,8.34,8.44,8.03,8.19,619236
2009-05-18,8.34,8.7,8.22,8.37,461595
2009-05-19,8.43,8.48,8.21,8.41,346806
2009-05-20,8.5,8.92,8.01,8.1,790843
2009-05-21,8.0,8.17,7.83,7.99,792376
2009-05-22,8.01,8.2,7.8,7.81,322795
2009-05-26,7.78,8.52,7.77,8.5,699893
2009-05-27,8.42,8.75,8.12,8.2,511348
2009-05-28,8.29,8.38,7.82,8.01,399910
2009-05-29,8.05,8.22,7.9,8.06,569940
2009-06-01,8.17,8.61,8.04,8.37,563079
2009-06-02,8.34,8.55,8.05,8.27,408528
2009-06-03,8.18,8.32,8.03,8.2,357467
2009-06-04,8.22,8.22,7.87,8.11,508670
2009-06-05,8.14,8.21,7.66,7.73,362109
2009-06-08,7.72,7.72,7.36,7.48,689363
2009-06-09,7.51,7.72,7.46,7.49,271238
2009-06-10,7.55,7.58,7.43,7.49,448171
2009-06-11,7.52,7.66,7.31,7.35,481781
2009-06-12,7.32,7.38,7.12,7.36,470578
2009-06-15,7.19,7.32,7.05,7.14,471271
2009-06-16,7.26,7.26,6.67,6.72,491367
2009-06-17,6.7,6.76,6.48,6.49,769295
2009-06-18,6.48,6.65,6.4,6.53,698941
2009-06-19,6.58,6.72,6.46,6.55,958001
2009-06-22,6.53,6.57,6.44,6.45,575171
2009-06-23,6.51,6.59,6.49,6.51,306662
2009-06-24,6.55,6.75,6.5,6.58,1210088
2009-06-25,6.58,6.81,6.57,6.67,711363
2009-06-26,6.6,6.84,6.6,6.6,2914346
2009-06-29,6.71,7.04,6.69,6.94,712270
2009-06-30,6.97,7.08,6.86,6.88,355087
2009-07-01,6.95,7.0,6.8,6.89,339758
2009-07-02,6.81,6.81,6.48,6.51,374286
2009-07-06,6.48,6.56,6.17,6.31,500827
2009-07-07,6.28,6.36,6.01,6.01,530861
2009-07-08,6.02,6.16,5.95,6.08,645489
2009-07-09,6.05,6.12,5.87,5.97,687796
2009-07-10,5.87,6.0,5.69,5.9,1042478
2009-07-13,5.87,5.95,5.69,5.93,886141
2009-07-14,5.91,6.12,5.88,6.07,533587
2009-07-15,6.13,6.29,6.04,6.28,566508
2009-07-16,6.23,6.44,6.14,6.37,614245
2009-07-17,6.37,6.47,6.22,6.3,449026
2009-07-20,6.37,6.44,6.29,6.41,269008
2009-07-21,6.46,6.5,6.21,6.24,329974
2009-07-22,6.22,6.55,6.22,6.5,312479
2009-07-23,6.53,6.77,6.39,6.6,891337
2009-07-24,6.55,6.63,6.46,6.61,243130
2009-07-27,6.6,6.63,6.46,6.63,350322
2009-07-28,6.6,6.7,6.49,6.64,317806
2009-07-29,6.57,6.77,6.52,6.69,289171
2009-07-30,6.8,7.23,6.72,7.16,538200
2009-07-31,6.58,7.41,6.53,7.27,634001
2009-08-03,7.32,7.66,7.03,7.6,600945
2009-08-04,7.51,7.6,7.36,7.43,377157
2009-08-05,7.43,7.53,7.2,7.51,370010
2009-08-06,7.52,7.64,7.27,7.29,318282
2009-08-07,7.42,7.71,7.33,7.57,398391
2009-08-10,7.27,7.41,6.68,6.75,963560
2009-08-11,6.74,6.85,6.64,6.68,475105
2009-08-12,6.68,6.82,6.57,6.6,506715
2009-08-13,6.66,6.74,6.5,6.63,244161
2009-08-14,6.63,6.65,6.5,6.57,299835
2009-08-17,6.48,6.56,6.31,6.39,516354
2009-08-18,6.45,6.51,6.33,6.39,161644
2009-08-19,6.32,6.72,6.3,6.72,314971
2009-08-20,6.68,6.82,6.58,6.71,277874
2009-08-21,6.81,7.1,6.75,6.97,358119
2009-08-24,7.25,7.37,7.15,7.22,430673
2009-08-25,7.23,7.75,7.15,7.67,629855
2009-08-26,7.75,7.85,7.5,7.74,473927
2009-08-27,7.68,7.95,7.51,7.92,769308
2009-08-28,7.36,7.81,7.35,7.72,1750009
2009-08-31,7.65,7.65,7.5,7.63,469102
2009-09-01,7.45,7.63,7.29,7.36,647203
2009-09-02,7.32,7.45,7.2,7.37,345019
2009-09-03,7.37,7.59,7.34,7.55,292625
2009-09-04,7.57,7.57,7.37,7.49,403803
2009-09-08,7.55,7.6,7.43,7.45,484340
2009-09-09,7.41,7.51,7.32,7.46,298652
2009-09-10,7.44,7.83,7.36,7.74,538432
2009-09-11,7.77,7.84,7.56,7.65,325436
2009-09-14,7.62,7.89,7.47,7.83,364897
2009-09-15,7.79,7.98,7.71,7.87,408795
2009-09-16,7.85,8.11,7.85,8.11,544416
2009-09-17,8.14,8.57,8.14,8.56,1129633
2009-09-18,8.64,8.64,8.26,8.51,671189
2009-09-21,8.47,8.65,8.24,8.3,1324733
2009-09-22,8.33,8.45,8.19,8.43,652943
2009-09-23,8.47,8.7,8.08,8.08,368031
2009-09-24,8.09,8.24,7.85,7.92,347672
2009-09-25,7.93,7.95,7.74,7.8,527956
2009-09-28,7.82,8.03,7.76,7.85,608015
2009-09-29,7.88,8.04,7.59,7.64,926733
2009-09-30,7.66,7.66,7.29,7.36,773322
2009-10-01,7.36,7.38,7.08,7.1,518015
2009-10-02,7.02,7.13,6.96,6.99,345538
2009-10-05,7.09,7.14,6.85,7.03,588695
2009-10-06,7.13,7.36,7.13,7.22,500051
2009-10-07,7.33,7.44,7.11,7.23,613653
2009-10-08,7.28,7.42,7.13,7.25,642188
2009-10-09,7.22,7.35,7.13,7.26,563491
2009-10-12,7.23,7.39,7.23,7.25,421493
2009-10-13,7.26,7.34,7.14,7.18,437248
2009-10-14,7.25,7.43,7.11,7.42,997639
2009-10-15,7.42,7.5,7.18,7.19,982078
2009-10-16,7.14,7.3,7.03,7.15,718620
2009-10-19,7.19,7.33,7.02,7.07,730027
2009-10-20,7.07,7.12,6.92,6.99,1270243
2009-10-21,6.98,7.3,6.79,6.84,1507970
2009-10-22,6.88,7.11,6.79,6.99,377385
2009-10-23,7.03,7.17,6.9,6.95,368341
2009-10-26,6.92,7.12,6.9,6.95,536229
2009-10-27,6.95,6.99,6.76,6.79,628440
2009-10-28,6.8,6.93,6.2,6.24,1186450
2009-10-29,6.33,6.6,6.27,6.47,475205
2009-10-30,6.44,6.47,6.13,6.26,669804
2009-11-02,6.32,6.46,6.1,6.42,1560103
2009-11-03,6.35,6.57,6.2,6.5,835248
2009-11-04,6.55,6.66,6.36,6.36,320144
2009-11-05,6.31,6.62,6.28,6.53,480185
2009-11-06,5.88,6.3,5.76,5.98,2136113
2009-11-09,6.02,6.36,5.89,5.94,612870
2009-11-10,5.95,6.05,5.8,5.89,828139
2009-11-11,5.96,6.08,5.76,5.84,906149
2009-11-12,5.82,5.97,5.75,5.82,1018354
2009-11-13,5.87,5.92,5.67,5.71,894777
2009-11-16,5.8,5.93,5.63,5.7,722831
2009-11-17,5.7,5.73,5.5,5.59,682127
2009-11-18,5.61,5.73,5.56,5.73,706621
2009-11-19,5.67,5.72,5.53,5.58,517343
2009-11-20,5.54,5.69,5.53,5.66,699566
2009-11-23,5.78,5.82,5.48,5.56,807482
2009-11-24,5.55,5.61,5.38,5.6,860821
2009-11-25,5.58,5.67,5.51,5.61,564528
2009-11-27,5.43,5.58,5.4,5.42,377980
2009-11-30,5.48,5.6,5.3,5.4,736134
2009-12-01,5.46,5.49,5.3,5.34,392105
2009-12-02,5.33,5.42,5.31,5.39,447270
2009-12-03,5.39,5.43,5.25,5.26,485961
2009-12-04,5.34,5.49,5.25,5.49,952565
2009-12-07,5.46,5.68,5.43,5.54,470393
2009-12-08,5.48,5.66,5.38,5.54,871239
2009-12-09,5.53,5.65,5.4,5.55,352213
2009-12-10,5.62,5.73,5.54,5.61,434435
2009-12-11,5.65,5.78,5.6,5.76,558819
2009-12-14,5.84,5.93,5.72,5.91,494344
2009-12-15,5.88,6.38,5.85,6.36,1791304
2009-12-16,6.45,6.56,6.22,6.32,709987
2009-12-17,6.25,6.34,6.07,6.25,548963
2009-12-18,6.27,6.27,6.08,6.1,786831
2009-12-21,6.11,6.11,5.88,5.99,649626
2009-12-22,5.98,6.03,5.92,5.98,358291
2009-12-23,5.98,6.15,5.88,5.97,535431
2009-12-24,6.01,6.01,5.88,5.9,208351
2009-12-28,5.95,6.03,5.9,6.03,728241
2009-12-29,6.06,6.19,6.04,6.16,504576
2009-12-30,6.12,6.33,6.12,6.3,504560
2009-12-31,6.32,6.33,6.26,6.27,270893
2010-01-04,6.3,6.48,6.28,6.36,420140
2010-01-05,6.37,6.46,6.3,6.4,510309
2010-01-06,6.4,6.55,6.34,6.54,805492
2010-01-07,6.33,6.38,5.99,6.02,1475745
2010-01-08,6.02,6.17,5.92,6.17,698336
2010-01-11,6.16,6.59,6.16,6.46,1169582
2010-01-12,6.44,6.58,6.39,6.54,734791
2010-01-13,6.54,6.76,6.42,6.65,506526
2010-01-14,6.61,6.71,6.47,6.49,229143
2010-01-15,6.3,6.52,6.17,6.42,712484
2010-01-19,6.44,6.44,6.27,6.29,383566
2010-01-20,6.25,6.42,6.18,6.33,625787
2010-01-21,6.32,6.35,6.05,6.18,690580
2010-01-22,6.15,6.32,6.05,6.1,619395
2010-01-25,6.18,6.18,5.95,6.01,405996
2010-01-26,5.98,6.06,5.96,5.97,514494
2010-01-27,5.94,6.08,5.92,5.99,587347
2010-01-28,6.02,6.26,5.92,6.15,649291
2010-01-29,6.39,6.39,6.16,6.18,543089
2010-02-01,6.21,6.42,6.15,6.38,538301
2010-02-02,6.4,6.61,6.38,6.56,579182
2010-02-03,6.56,6.58,6.39,6.52,303242
2010-02-04,6.5,6.5,6.17,6.28,798038
2010-02-05,7.07,7.57,6.95,7.11,3569747
2010-02-08,7.14,7.31,6.99,7.23,1447259
2010-02-09,7.32,7.45,7.27,7.38,1259972
2010-02-10,7.35,7.6,7.3,7.51,1340754
2010-02-11,7.47,7.64,7.38,7.61,1260978
2010-02-12,7.53,7.8,7.41,7.75,1244894
2010-02-16,7.81,8.49,7.81,8.32,3214662
2010-02-17,8.32,8.45,8.21,8.28,1532013
2010-02-18,8.24,8.4,8.13,8.21,1633403
2010-02-19,8.22,8.55,8.2,8.25,2206348
2010-02-22,8.18,8.33,7.89,8.05,1602964
2010-02-23,8.06,8.15,7.93,8.03,1120150
2010-02-24,8.03,8.19,8.0,8.03,716528
2010-02-25,7.9,8.14,7.9,8.02,1022754
2010-02-26,8.05,8.49,7.99,8.43,1948374
2010-03-01,8.43,8.64,8.29,8.37,983327
2010-03-02,8.42,8.49,8.26,8.37,557130
2010-03-03,8.41,8.5,8.36,8.48,471902
2010-03-04,8.51,8.61,8.47,8.53,702497
2010-03-05,8.56,8.84,8.48,8.81,1023863
2010-03-08,8.83,8.95,8.77,8.81,482892
2010-03-09,8.76,8.98,8.51,8.82,491290
2010-03-10,8.84,8.96,8.84,8.92,644014
2010-03-11,8.9,9.08,8.84,9.0,450272
2010-03-12,9.12,9.23,8.94,9.09,717822
2010-03-15,9.1,9.26,8.97,9.23,930620
2010-03-16,9.27,9.4,9.2,9.32,573856
2010-03-17,9.32,9.53,9.22,9.23,750920
2010-03-18,9.28,9.3,9.1,9.25,587445
2010-03-19,9.3,9.38,9.08,9.24,843145
2010-03-22,9.19,9.38,9.02,9.33,457107
2010-03-23,9.34,9.61,9.17,9.6,582417
2010-03-24,9.56,9.6,9.26,9.4,482149
2010-03-25,9.48,9.66,9.33,9.35,369731
2010-03-26,9.39,9.51,9.26,9.45,389441
2010-03-29,9.45,9.52,9.28,9.43,330961
2010-03-30,9.48,9.48,9.3,9.32,272829
2010-03-31,9.3,9.34,8.88,8.91,1049669
2010-04-05,9.01,9.45,8.95,9.31,779538
2010-04-06,9.26,9.57,9.26,9.54,837612
2010-04-07,9.56,9.6,9.35,9.42,452103
2010-04-08,9.32,9.32,8.76,9.1,1234291
2010-04-09,9.07,9.22,8.89,8.97,438463
2010-04-12,8.96,9.68,8.96,9.29,764658
2010-04-13,9.19,9.3,8.98,9.07,773487
2010-04-14,9.47,9.6,9.19,9.33,2033610
2010-04-15,9.38,9.46,9.08,9.42,1500968
2010-04-16,9.42,9.42,9.26,9.35,731739
2010-04-19,9.29,9.5,9.24,9.49,711869
2010-04-20,9.46,9.58,9.36,9.51,472572
2010-04-21,9.5,9.61,9.44,9.52,385600
2010-04-22,9.43,9.62,9.35,9.59,601439
2010-04-23,9.6,9.9,9.49,9.83,887469
2010-04-26,9.85,10.05,9.37,9.37,1697985
2010-04-27,9.36,9.53,9.04,9.1,1130326
2010-04-28,9.18,9.3,8.78,8.8,963011
2010-04-29,8.84,8.97,8.59,8.64,1404222
2010-04-30,8.64,8.76,8.14,8.24,1336951
2010-05-03,8.27,8.64,8.27,8.53,1236572
2010-05-04,8.4,8.46,8.0,8.0,1470237
2010-05-05,7.99,8.16,7.73,7.97,1322536
2010-05-06,7.93,7.94,7.21,7.55,1247862
2010-05-07,8.02,8.38,7.38,7.46,1658114
2010-05-10,7.67,7.98,7.58,7.72,1090671
2010-05-11,7.64,8.02,7.59,7.76,517582
2010-05-12,7.76,7.91,7.7,7.88,430462
2010-05-13,7.83,7.93,7.77,7.79,925954
2010-05-14,7.7,7.7,7.21,7.27,1152034
2010-05-17,7.3,7.42,7.09,7.39,1361739
2010-05-18,7.49,7.58,7.14,7.17,569521
2010-05-19,7.17,7.31,6.92,6.97,1503257
2010-05-20,6.82,6.87,6.5,6.64,2049845
2010-05-21,6.52,7.0,6.52,6.83,1046750
2010-05-24,6.79,6.96,6.7,6.86,636250
2010-05-25,6.72,6.79,6.54,6.74,874013
2010-05-26,6.76,7.0,6.67,6.7,658319
2010-05-27,6.84,7.04,6.74,7.01,871796
2010-05-28,6.97,6.98,6.77,6.85,559474
2010-06-01,6.8,6.9,6.58,6.6,529385
2010-06-02,6.61,6.66,6.45,6.55,793457
2010-06-03,6.59,6.83,6.59,6.75,688932
2010-06-04,6.58,6.62,6.24,6.32,1104029
2010-06-07,6.31,6.45,6.21,6.26,830204
2010-06-08,6.27,6.34,6.1,6.32,611512
2010-06-09,6.37,6.62,6.35,6.42,767369
2010-06-10,6.53,6.72,6.5,6.67,452932
2010-06-11,6.62,6.72,6.53,6.65,457860
2010-06-14,6.76,6.85,6.62,6.74,364102
2010-06-15,6.82,6.93,6.67,6.92,402049
2010-06-16,6.84,7.0,6.63,6.67,398741
2010-06-17,6.73,6.73,6.47,6.64,545383
2010-06-18,6.61,6.69,6.55,6.64,569372
2010-06-21,6.72,6.74,6.38,6.46,570446
2010-06-22,6.45,6.62,6.29,6.33,447652
2010-06-23,6.57,6.81,6.47,6.63,1085075
2010-06-24,6.61,6.66,6.49,6.57,390756
2010-06-25,6.61,6.75,6.46,6.72,2442250
2010-06-28,6.7,6.74,6.54,6.58,408069
2010-06-29,6.48,6.55,6.36,6.47,751711
2010-06-30,6.42,6.61,6.36,6.4,342736
2010-07-01,6.43,6.58,6.25,6.57,648513
2010-07-02,6.57,6.62,6.27,6.33,491559
2010-07-06,6.85,6.96,6.61,6.68,1939904
2010-07-07,6.85,7.01,6.68,6.91,1372225
2010-07-08,6.94,6.94,6.47,6.58,1897741
2010-07-09,6.55,6.93,6.53,6.9,1041622
2010-07-12,6.86,6.98,6.77,6.96,711481
2010-07-13,7.04,7.27,6.95,7.19,1105765
2010-07-14,7.19,7.2,6.98,7.04,715360
2010-07-15,7.07,7.12,6.82,6.88,821340
2010-07-16,6.85,6.9,6.66,6.79,1044464
2010-07-19,5.81,5.93,5.36,5.51,2392408
2010-07-20,5.47,5.86,5.36,5.85,1489734
2010-07-21,5.87,5.92,5.48,5.63,1729983
2010-07-22,5.66,5.93,5.61,5.89,1305730
2010-07-23,5.9,6.08,5.86,6.08,830799
2010-07-26,6.07,6.25,6.03,6.16,563772
2010-07-27,6.23,6.26,6.04,6.1,389379
2010-07-28,6.07,6.13,5.92,5.96,288805
2010-07-29,5.97,5.99,5.72,5.75,563725
2010-07-30,5.7,5.98,5.64,5.95,625335
2010-08-02,6.02,6.1,5.97,6.06,305103
2010-08-03,6.03,6.1,5.89,5.95,337501
2010-08-04,6.0,6.1,5.98,6.07,291183
2010-08-05,6.01,6.07,5.91,6.01,432725
2010-08-06,5.92,6.05,5.85,6.04,380651
2010-08-09,6.01,6.12,6.01,6.1,344268
2010-08-10,6.05,6.08,5.94,6.02,475272
2010-08-11,5.92,6.01,5.91,5.98,433418
2010-08-12,5.88,6.01,5.87,5.99,426916
2010-08-13,5.95,6.02,5.93,5.94,406790
2010-08-16,5.88,6.03,5.82,5.92,250004
2010-08-17,6.0,6.06,5.92,5.92,197621
2010-08-18,5.94,6.1,5.94,6.02,268690
2010-08-19,5.98,6.06,5.9,5.9,446799
2010-08-20,5.85,6.01,5.81,5.93,424028
2010-08-23,5.96,6.01,5.86,5.86,336409
2010-08-24,5.76,5.98,5.64,5.92,824932
2010-08-25,5.88,5.9,5.57,5.61,1151423
2010-08-26,5.6,5.79,5.58,5.6,933335
2010-08-27,5.67,6.05,5.67,5.98,1358192
2010-08-30,5.96,6.05,5.68,5.69,620868
2010-08-31,5.7,5.83,5.6,5.68,484552
2010-09-01,5.78,5.82,5.7,5.79,405507
2010-09-02,5.8,5.98,5.72,5.94,871911
2010-09-03,5.98,6.22,5.94,6.2,844413
2010-09-07,6.19,6.19,6.04,6.1,666120
2010-09-08,6.13,6.14,6.01,6.05,473306
2010-09-09,6.13,6.13,5.98,6.02,206789
2010-09-10,6.05,6.3,6.02,6.21,460102
2010-09-13,6.29,6.52,6.21,6.47,717449
2010-09-14,6.47,6.62,6.46,6.54,548212
2010-09-15,6.51,6.57,6.38,6.47,391817
2010-09-16,6.46,6.52,6.23,6.29,407155
2010-09-17,6.37,6.54,6.25,6.52,592997
2010-09-20,6.53,6.67,6.45,6.63,408087
2010-09-21,6.64,6.68,6.52,6.67,419544
2010-09-22,6.63,6.68,6.45,6.53,265764
2010-09-23,6.47,6.58,6.34,6.36,431224
2010-09-24,6.48,6.66,6.41,6.61,364729
2010-09-27,6.64,6.83,6.54,6.8,493285
2010-09-28,6.84,7.13,6.76,7.12,555445
2010-09-29,7.09,7.2,7.05,7.16,552268
2010-09-30,7.21,7.27,7.01,7.21,660711
2010-10-01,7.25,7.32,7.08,7.16,619716
2010-10-04,7.16,7.16,6.83,6.85,413228
2010-10-05,6.93,7.02,6.85,6.9,354995
2010-10-06,6.92,7.06,6.9,6.99,435682
2010-10-07,6.55,6.64,6.03,6.44,1892174
2010-10-08,6.42,6.67,6.38,6.58,537934
2010-10-11,6.59,6.76,6.53,6.71,243478
2010-10-12,6.71,6.82,6.53,6.8,646964
2010-10-13,6.86,6.94,6.67,6.74,532485
2010-10-14,6.72,6.8,6.63,6.71,397098
2010-10-15,6.8,6.8,6.57,6.58,569186
2010-10-18,6.58,6.66,6.51,6.63,480177
2010-10-19,6.54,6.7,6.54,6.62,383368
2010-10-20,6.67,6.75,6.55,6.7,352246
2010-10-21,6.7,6.78,6.51,6.57,368852
2010-10-22,6.59,6.68,6.56,6.6,231273
2010-10-25,6.65,6.7,6.55,6.59,362583
2010-10-26,6.53,6.81,6.53,6.63,496782
2010-10-27,6.63,6.65,6.45,6.53,397962
2010-10-28,6.57,6.62,6.45,6.59,567524
2010-10-29,6.57,6.69,6.5,6.56,338988
2010-11-01,6.58,6.64,6.43,6.5,251709
2010-11-02,6.54,6.72,6.49,6.72,207232
2010-11-03,6.7,6.78,6.63,6.7,265843
2010-11-04,6.79,6.79,5.98,6.08,2016485
2010-11-05,6.6,6.89,6.42,6.67,1863625
2010-11-08,6.68,6.8,6.61,6.66,687792
2010-11-09,6.69,6.75,6.41,6.45,810518
2010-11-10,6.45,6.58,6.26,6.28,587450
2010-11-11,6.22,6.39,6.22,6.33,1103069
2010-11-12,6.28,6.32,6.18,6.2,685021
2010-11-15,6.22,6.26,6.13,6.13,315098
2010-11-16,6.1,6.14,6.01,6.05,626745
2010-11-17,6.07,6.21,6.05,6.21,667816
2010-11-18,6.28,6.39,6.17,6.27,384018
2010-11-19,6.28,6.35,6.18,6.2,370707
2010-11-22,6.19,6.28,6.19,6.24,402805
2010-11-23,6.18,6.34,6.18,6.33,632131
2010-11-24,6.36,6.5,6.3,6.49,426397
2010-11-26,6.45,6.49,6.39,6.46,111008
2010-11-29,6.43,6.46,6.33,6.44,320119
2010-11-30,6.38,6.45,6.33,6.44,546019
2010-12-01,6.49,6.56,6.12,6.14,1374262
2010-12-02,6.17,6.26,6.12,6.16,478800
2010-12-03,6.14,6.33,6.1,6.33,872574
2010-12-06,6.33,6.53,6.29,6.51,643144
2010-12-07,6.55,6.66,6.39,6.41,760768
2010-12-08,6.45,6.49,6.27,6.29,941430
2010-12-09,6.35,6.35,6.19,6.21,664765
2010-12-10,6.25,6.27,6.2,6.2,907110
2010-12-13,6.25,6.27,6.16,6.18,431071
2010-12-14,6.2,6.22,6.1,6.14,602056
2010-12-15,6.13,6.15,5.95,5.97,1069358
2010-12-16,5.97,6.1,5.95,6.02,1222206
2010-12-17,6.04,6.14,6.03,6.05,592329
2010-12-20,6.09,6.11,5.91,5.95,634230
2010-12-21,5.99,6.06,5.94,6.01,1006787
2010-12-22,6.01,6.04,6.0,6.01,457245
2010-12-23,6.01,6.05,5.98,6.02,352423
2010-12-27,6.02,6.07,5.99,6.02,223461
2010-12-28,6.01,6.02,5.94,6.0,250430
2010-12-29,5.99,6.06,5.99,6.02,204224
2010-12-30,6.03,6.04,5.98,5.98,349680
2010-12-31,5.99,6.0,5.95,5.97,202070
2011-01-03,6.07,6.1,5.95,6.05,382371
2011-01-04,6.05,6.08,5.95,5.99,452360
2011-01-05,5.96,6.02,5.9,5.91,460909
2011-01-06,5.6,5.81,5.59,5.8,2042483
2011-01-07,5.76,5.76,5.57,5.63,1119917
2011-01-10,5.6,5.75,5.6,5.74,429211
2011-01-11,5.77,5.96,5.7,5.91,991506
2011-01-12,5.94,5.94,5.86,5.9,419987
2011-01-13,5.91,5.99,5.81,5.97,343996
2011-01-14,5.96,6.08,5.9,6.05,418546
2011-01-18,6.06,6.08,5.96,5.99,971051
2011-01-19,5.97,5.99,5.88,5.94,256024
2011-01-20,5.9,6.03,5.86,5.96,476764
2011-01-21,5.99,6.06,5.93,6.01,457181
2011-01-24,5.99,5.99,5.9,5.9,377817
2011-01-25,5.9,5.9,5.75,5.78,569893
2011-01-26,5.78,5.85,5.72,5.77,424030
2011-01-27,5.76,5.88,5.72,5.75,322730
2011-01-28,5.75,5.81,5.59,5.6,314723
2011-01-31,5.62,5.68,5.53,5.62,369505
2011-02-01,5.66,5.77,5.64,5.71,496739
2011-02-02,5.73,5.83,5.56,5.57,386135
2011-02-03,5.58,5.82,5.58,5.71,552146
2011-02-04,5.63,5.71,5.6,5.7,655175
2011-02-07,5.69,5.87,5.63,5.85,529968
2011-02-08,5.82,6.0,5.8,6.0,595403
2011-02-09,5.96,6.11,5.93,6.03,604041
2011-02-10,6.0,6.07,5.93,6.03,308930
2011-02-11,6.03,6.12,6.03,6.12,205143
2011-02-14,6.1,6.12,6.04,6.04,157181
2011-02-15,6.03,6.06,5.98,6.0,187681
2011-02-16,6.02,6.08,5.77,6.03,232028
2011-02-17,6.01,6.07,5.96,6.07,211632
2011-02-18,6.08,6.14,6.0,6.07,617258
2011-02-22,6.02,6.03,5.88,5.91,466027
2011-02-23,5.91,5.91,5.72,5.8,598652
2011-02-24,5.81,5.82,5.7,5.74,374302
2011-02-25,5.75,5.91,5.72,5.89,429798
2011-02-28,5.9,5.93,5.83,5.9,284155
2011-03-01,5.89,5.93,5.77,5.77,204557
2011-03-02,5.74,5.83,5.73,5.78,307654
2011-03-03,5.82,5.95,5.82,5.91,376512
2011-03-04,5.92,5.92,5.77,5.81,178697
2011-03-07,5.81,5.86,5.7,5.71,363270
2011-03-08,5.71,5.79,5.69,5.74,320843
2011-03-09,5.75,5.98,5.72,5.87,312033
2011-03-10,5.79,5.85,5.78,5.81,203819
2011-03-11,5.82,5.99,5.8,5.86,235228
2011-03-14,5.81,5.87,5.75,5.78,230840
2011-03-15,5.68,5.8,5.68,5.74,257323
2011-03-16,5.75,5.75,5.58,5.59,734010
2011-03-17,5.64,5.66,5.51,5.51,534458
2011-03-18,5.55,5.6,5.41,5.46,967060
2011-03-21,5.5,5.6,5.46,5.59,515687
2011-03-22,5.59,5.6,5.52,5.58,315625
2011-03-23,5.57,5.61,5.52,5.57,271506
2011-03-24,5.61,5.64,5.59,5.6,442568
2011-03-25,5.63,5.78,5.62,5.76,302331
2011-03-28,5.76,5.8,5.64,5.64,266327
2011-03-29,5.65,5.76,5.63,5.75,454603
2011-03-30,5.79,5.9,5.65,5.85,231511
2011-03-31,5.85,5.92,5.77,5.85,352463
2011-04-01,5.86,5.86,5.75,5.81,402345
2011-04-04,5.82,6.0,5.77,5.94,495589
2011-04-05,5.91,6.06,5.9,5.97,226753
2011-04-06,5.98,6.09,5.95,6.08,309777
2011-04-07,6.12,6.48,6.12,6.37,1187898
2011-04-08,6.42,6.42,6.31,6.35,328733
2011-04-11,6.33,6.35,6.26,6.33,349913
2011-04-12,6.35,6.46,6.29,6.39,537381
2011-04-13,6.46,6.49,6.33,6.39,406803
2011-04-14,6.35,6.48,6.24,6.42,561381
2011-04-15,6.41,6.46,6.37,6.46,315224
2011-04-18,6.4,6.48,6.35,6.45,295287
2011-04-19,6.45,6.69,6.44,6.68,665674
2011-04-20,6.75,6.75,6.64,6.69,616316
2011-04-21,6.73,6.79,6.65,6.76,798972
2011-04-25,6.76,6.76,6.63,6.66,475741
2011-04-26,6.66,6.76,6.53,6.73,515597
2011-04-27,6.75,6.78,6.67,6.78,568842
2011-04-28,6.77,6.81,6.52,6.76,242206
2011-04-29,6.74,6.77,6.66,6.72,315794
2011-05-02,6.75,6.8,6.65,6.65,387340
2011-05-03,6.65,6.75,6.58,6.61,405153
2011-05-04,6.61,6.73,6.52,6.6,663971
2011-05-05,7.0,7.04,6.85,6.92,2028522
2011-05-06,6.95,7.05,6.92,6.99,996667
2011-05-09,6.96,7.03,6.85,6.95,557042
2011-05-10,6.97,7.09,6.97,7.04,905337
2011-05-11,7.03,7.03,6.89,6.98,503513
2011-05-12,6.98,7.08,6.89,7.03,589472
2011-05-13,7.01,7.1,6.95,7.0,492071
2011-05-16,6.95,7.01,6.87,6.87,309401
2011-05-17,6.82,6.9,6.79,6.82,345018
2011-05-18,6.83,6.9,6.79,6.9,212580
2011-05-19,6.9,6.93,6.75,6.82,415527
2011-05-20,6.78,6.79,6.5,6.54,693473
2011-05-23,6.48,6.55,6.43,6.46,422550
2011-05-24,6.49,6.58,6.41,6.47,222520
2011-05-25,6.45,6.55,6.38,6.49,355977
2011-05-26,6.5,6.63,6.39,6.61,254852
2011-05-27,6.63,6.64,6.58,6.61,133157
2011-05-31,6.68,6.8,6.6,6.63,886946
2011-06-01,6.64,6.69,6.46,6.48,776043
2011-06-02,6.46,6.49,6.32,6.4,309842
2011-06-03,6.32,6.46,6.32,6.34,198925
2011-06-06,6.26,6.4,6.2,6.25,371850
2011-06-07,6.28,6.33,6.18,6.18,216503
2011-06-08,6.15,6.2,5.97,6.05,366487
2011-06-09,6.07,6.2,6.02,6.14,234667
2011-06-10,6.08,6.2,6.01,6.03,293442
2011-06-13,6.07,6.15,5.96,5.96,418927
2011-06-14,6.03,6.11,6.0,6.11,275815
2011-06-15,6.06,6.06,5.9,5.94,340722
2011-06-16,5.95,6.05,5.84,5.97,226110
2011-06-17,6.01,6.1,5.94,6.1,382032
2011-06-20,6.07,6.16,5.98,6.14,261926
2011-06-21,6.15,6.27,6.07,6.22,228819
2011-06-22,6.18,6.18,6.01,6.02,232192
2011-06-23,5.98,6.11,5.94,6.11,343605
2011-06-24,6.12,6.13,6.0,6.07,1170923
2011-06-27,6.08,6.13,5.98,6.07,178841
2011-06-28,6.1,6.15,6.02,6.14,175696
2011-06-29,6.15,6.18,6.05,6.08,183618
2011-06-30,6.12,6.18,6.08,6.11,210420
2011-07-01,6.12,6.26,6.07,6.22,414307
2011-07-05,6.23,6.49,6.23,6.42,595915
2011-07-06,6.43,6.75,6.35,6.74,612125
2011-07-07,7.02,8.25,7.0,7.75,3673687
2011-07-08,7.61,7.78,7.55,7.68,977791
2011-07-11,7.56,7.81,7.56,7.66,817323
2011-07-12,7.61,7.71,7.6,7.61,545406
2011-07-13,7.66,7.78,7.6,7.61,334036
2011-07-14,7.61,7.7,7.47,7.55,352797
2011-07-15,7.6,7.72,7.44,7.69,649812
2011-07-18,7.69,8.04,7.46,7.47,1033100
2011-07-19,7.53,7.74,7.53,7.72,274723
2011-07-20,7.73,7.81,7.58,7.64,249708
2011-07-21,7.66,7.8,7.65,7.7,323548
2011-07-22,7.69,7.78,7.62,7.74,201568
2011-07-25,7.67,7.72,7.53,7.53,327631
2011-07-26,7.56,7.66,7.43,7.48,223487
2011-07-27,7.45,7.45,7.17,7.22,383143
2011-07-28,7.24,7.39,7.24,7.28,325820
2011-07-29,7.2,7.47,7.03,7.41,505721
2011-08-01,7.49,7.51,7.24,7.32,538415
2011-08-02,7.27,7.09,6.84,7.04,686378
2011-08-03,7.03,7.25,6.84,7.21,366452
2011-08-04,7.11,7.11,6.7,6.7,522775
2011-08-05,6.82,6.89,6.35,6.51,524301
2011-08-08,6.29,6.51,5.85,5.85,851969
2011-08-09,6.04,6.21,5.66,6.1,800555
2011-08-10,5.94,6.09,5.75,5.82,672603
2011-08-11,6.08,6.44,5.9,6.32,752061
2011-08-12,6.52,6.77,6.12,6.42,428532
2011-08-15,6.45,6.52,6.28,6.39,235805
2011-08-16,6.36,6.48,6.2,6.26,228635
2011-08-17,6.31,6.63,6.05,6.17,220295
2011-08-18,6.02,6.1,5.88,6.05,618962
2011-08-19,5.93,6.24,5.93,6.05,485033
2011-08-22,6.22,6.29,6.02,6.09,336172
2011-08-23,6.1,6.4,5.99,6.37,475070
2011-08-24,6.36,6.58,6.27,6.5,468352
2011-08-25,6.53,6.6,6.14,6.26,571228
2011-08-26,6.4,6.64,6.09,6.57,911629
2011-08-29,6.66,7.14,6.58,7.1,674048
2011-08-30,7.07,7.27,6.84,7.2,449273
2011-08-31,7.25,7.25,6.78,6.86,435815
2011-09-01,6.86,6.92,6.55,6.59,345501
2011-09-02,6.4,6.64,6.3,6.33,369546
2011-09-06,6.11,6.44,6.11,6.42,557502
2011-09-07,6.52,6.8,6.45,6.75,394227
2011-09-08,6.7,6.88,6.52,6.64,590731
2011-09-09,6.62,6.77,6.58,6.75,633768
2011-09-12,6.65,6.84,6.53,6.77,398544
2011-09-13,6.77,7.01,6.71,6.99,633483
2011-09-14,7.05,7.35,6.75,7.26,543065
2011-09-15,7.3,7.38,7.15,7.37,596958
2011-09-16,7.38,7.62,7.26,7.53,866267
2011-09-19,7.35,7.55,7.22,7.52,588633
2011-09-20,7.52,7.55,7.31,7.33,584296
2011-09-21,7.31,7.38,7.04,7.05,363795
2011-09-22,6.8,7.0,6.6,6.7,805860
2011-09-23,6.7,6.97,6.62,6.97,842502
2011-09-26,6.99,7.12,6.83,7.08,982758
2011-09-27,7.23,7.27,7.01,7.13,533630
2011-09-28,7.13,7.29,7.0,7.04,423888
2011-09-29,7.24,7.43,6.93,7.21,658193
2011-09-30,7.07,7.28,6.72,6.72,460266
2011-10-03,6.66,6.81,6.4,6.42,475107
2011-10-04,6.35,6.8,6.29,6.78,731542
2011-10-05,6.77,7.01,6.65,6.99,624954
2011-10-06,6.97,7.1,6.68,6.71,846761
2011-10-07,6.77,7.0,6.66,6.85,757684
2011-10-10,6.97,7.11,6.86,7.1,401441
2011-10-11,7.01,7.08,6.89,7.05,358473
2011-10-12,7.13,7.17,7.02,7.12,693683
2011-10-13,7.1,7.16,6.93,7.03,334936
2011-10-14,7.15,7.15,6.94,7.09,284250
2011-10-17,7.02,7.22,6.82,6.84,379468
2011-10-18,6.86,7.14,6.74,7.06,405945
2011-10-19,7.02,7.08,6.85,6.88,325784
2011-10-20,6.89,6.95,6.69,6.84,346000
2011-10-21,6.98,7.04,6.86,7.04,268472
2011-10-24,7.05,7.32,7.05,7.27,388519
2011-10-25,7.22,7.25,7.02,7.05,221863
2011-10-26,7.17,7.23,6.97,7.22,399220
2011-10-27,7.47,7.7,7.28,7.65,531735
2011-10-28,7.59,7.67,7.37,7.41,223183
2011-10-31,7.27,7.35,7.16,7.18,229223
2011-11-01,6.87,7.09,6.83,6.89,390346
2011-11-02,7.0,7.03,6.8,6.96,264829
2011-11-03,7.03,7.22,6.72,7.18,707218
2011-11-04,7.21,7.33,7.0,7.32,503052
2011-11-07,7.33,7.49,7.17,7.47,359813
2011-11-08,7.53,7.63,7.46,7.53,460318
2011-11-09,7.34,7.6,7.3,7.44,715560
2011-11-10,7.56,7.56,7.37,7.5,316156
2011-11-11,7.56,7.73,7.44,7.64,401394
2011-11-14,7.57,7.7,7.55,7.59,493369
2011-11-15,7.55,7.73,7.52,7.62,428556
2011-11-16,7.52,7.58,7.37,7.4,699514
2011-11-17,7.38,7.56,7.36,7.48,526798
2011-11-18,7.49,7.65,7.41,7.44,275922
2011-11-21,7.29,7.37,7.2,7.23,377300
2011-11-22,7.23,7.36,7.14,7.21,636721
2011-11-23,7.16,7.19,6.93,6.94,365801
2011-11-25,6.93,7.0,6.77,6.77,127535
2011-11-28,7.02,7.14,6.97,7.14,368716
2011-11-29,7.13,7.16,6.92,7.14,299897
2011-11-30,7.4,7.47,7.32,7.36,469311
2011-12-01,7.32,7.71,7.26,7.66,442582
2011-12-02,7.79,7.81,7.44,7.45,505891
2011-12-05,7.59,7.7,7.43,7.45,439678
2011-12-06,7.46,7.65,7.43,7.64,782236
2011-12-07,7.6,7.73,7.6,7.68,849200
2011-12-08,7.62,7.71,7.6,7.65,550133
2011-12-09,7.67,8.11,7.67,8.02,953156
2011-12-12,7.93,8.12,7.86,8.08,580502
2011-12-13,8.13,8.21,8.02,8.09,758549
2011-12-14,8.0,8.12,7.92,8.08,483917
2011-12-15,8.22,8.24,8.03,8.16,369296
2011-12-16,8.24,8.33,8.18,8.25,722804
2011-12-19,8.28,8.3,8.15,8.17,411856
2011-12-20,8.36,8.48,8.27,8.43,279364
2011-12-21,8.39,8.58,8.09,8.52,241401
2011-12-22,8.5,8.55,8.33,8.36,222760
2011-12-23,8.36,8.4,8.26,8.3,227534
2011-12-27,8.27,8.52,8.27,8.47,202327
2011-12-28,8.48,8.49,8.28,8.29,185069
2011-12-29,8.23,8.39,7.99,8.36,285329
2011-12-30,8.32,8.4,8.29,8.33,149590
2012-01-03,8.44,8.51,8.32,8.36,373554
2012-01-04,8.3,8.56,8.28,8.54,401995
2012-01-05,8.45,8.45,8.16,8.3,698490
2012-01-06,8.28,8.57,8.24,8.52,404191
2012-01-09,8.55,8.75,8.55,8.69,235082
2012-01-10,8.77,8.84,8.69,8.75,222476
2012-01-11,8.68,8.73,8.56,8.57,168918
2012-01-12,8.57,8.59,8.46,8.51,263347
2012-01-13,8.41,8.61,8.35,8.6,320634
2012-01-17,8.65,8.84,8.65,8.76,242507
2012-01-18,8.76,8.8,8.7,8.76,424397
2012-01-19,8.79,8.82,8.63,8.69,289524
2012-01-20,8.71,8.72,8.5,8.52,404250
2012-01-23,8.51,8.53,8.34,8.46,479326
2012-01-24,8.43,8.56,8.43,8.52,289977
2012-01-25,8.52,8.63,8.47,8.56,428115
2012-01-26,8.6,8.64,8.5,8.55,243644
2012-01-27,8.53,8.61,8.51,8.59,295664
2012-01-30,8.55,8.7,8.52,8.64,318827
2012-01-31,8.72,8.81,8.64,8.76,239710
2012-02-01,8.8,8.9,8.71,8.79,247041
2012-02-02,8.78,9.06,8.55,9.06,471003
2012-02-03,9.17,9.38,8.86,8.97,923552
2012-02-06,8.94,8.95,8.79,8.82,308661
2012-02-07,8.8,8.95,8.8,8.92,235160
2012-02-08,8.94,8.99,8.79,8.92,198179
2012-02-09,8.94,8.99,8.87,8.98,186550
2012-02-10,8.92,8.94,8.8,8.83,180624
2012-02-13,8.91,9.01,8.86,9.0,187225
2012-02-14,8.99,9.08,8.89,9.07,166357
2012-02-15,9.09,9.16,8.9,8.93,175407
2012-02-16,8.92,9.13,8.92,9.11,190615
2012-02-17,9.13,9.15,8.96,9.02,216487
2012-02-21,9.04,9.17,9.0,9.06,349962
2012-02-22,9.05,9.06,8.98,8.99,330930
2012-02-23,9.01,9.09,8.99,9.02,304587
2012-02-24,9.02,9.08,8.99,9.06,291021
2012-02-27,9.0,9.17,8.9,9.14,204163
2012-02-28,9.1,9.25,8.99,9.1,275525
2012-02-29,9.13,9.19,8.95,8.96,224025
2012-03-01,9.03,9.25,8.95,9.15,366703
2012-03-02,9.18,9.18,9.0,9.01,303939
2012-03-05,8.98,9.12,8.96,9.09,134959
2012-03-06,9.0,9.1,8.99,9.01,206340
2012-03-07,9.03,9.13,9.0,9.12,235780
2012-03-08,9.16,9.23,9.05,9.06,203207
2012-03-09,9.07,9.25,9.02,9.21,168534
2012-03-12,9.24,9.33,9.23,9.26,345293
2012-03-13,9.3,9.58,9.3,9.56,310812
2012-03-14,9.56,9.58,9.33,9.45,466193
2012-03-15,9.45,9.45,9.19,9.38,524563
2012-03-16,9.41,9.41,9.08,9.11,448035
2012-03-19,9.14,9.4,9.03,9.36,340032
2012-03-20,9.28,9.43,9.18,9.32,204772
2012-03-21,9.36,9.41,9.25,9.37,118981
2012-03-22,9.28,9.35,9.18,9.29,194973
2012-03-23,9.29,9.33,9.05,9.32,167127
2012-03-26,9.39,9.52,9.32,9.43,270006
2012-03-27,9.46,9.51,9.28,9.29,149693
2012-03-28,9.29,9.4,9.08,9.19,109792
2012-03-29,9.14,9.29,9.1,9.28,187193
2012-03-30,9.35,9.35,9.17,9.23,256630
2012-04-02,9.19,9.38,9.19,9.31,256572
2012-04-03,9.28,9.5,9.15,9.47,476151
2012-04-04,9.38,9.48,9.34,9.41,306435
2012-04-05,9.4,9.46,9.35,9.42,363156
2012-04-09,9.27,9.37,9.19,9.36,253914
2012-04-10,9.37,9.37,8.65,8.79,507327
2012-04-11,8.86,8.94,8.8,8.83,264982
2012-04-12,8.82,8.92,8.81,8.87,98220
2012-04-13,8.84,8.88,8.71,8.73,186428
2012-04-16,8.78,8.91,8.61,8.73,170570
2012-04-17,8.79,8.79,8.67,8.71,203591
2012-04-18,8.67,8.72,8.62,8.7,148473
2012-04-19,8.7,8.8,8.52,8.56,168999
2012-04-20,8.65,8.65,8.52,8.53,155002
2012-04-23,8.44,8.44,8.24,8.36,172471
2012-04-24,8.36,8.43,8.22,8.42,184467
2012-04-25,8.52,8.58,8.36,8.47,168010
2012-04-26,8.44,8.6,8.39,8.58,114012
2012-04-27,8.55,8.55,8.42,8.51,244483
2012-04-30,8.47,8.54,8.18,8.2,413078
2012-05-01,8.22,8.32,7.92,7.94,560941
2012-05-02,7.96,8.48,7.85,8.42,1114496
2012-05-03,8.41,8.45,8.04,8.04,226006
2012-05-04,6.83,7.0,6.1,6.27,3005870
2012-05-07,6.25,6.27,6.01,6.11,879735
2012-05-08,6.07,6.17,6.0,6.08,839057
2012-05-09,6.0,6.22,6.0,6.19,365314
2012-05-10,6.25,6.38,6.13,6.16,377182
2012-05-11,6.11,6.21,6.02,6.06,393044
2012-05-14,6.03,6.12,6.02,6.05,443980
2012-05-15,6.05,6.21,6.03,6.06,365778
2012-05-16,6.07,6.12,6.0,6.06,423782
2012-05-17,6.07,6.16,6.04,6.11,541302
2012-05-18,6.1,6.37,6.05,6.09,305285
2012-05-21,6.1,6.15,6.04,6.14,230679
2012-05-22,6.16,6.29,6.02,6.07,245263
2012-05-23,6.04,6.1,6.02,6.09,222161
2012-05-24,6.08,6.19,6.05,6.15,186919
2012-05-25,6.19,6.37,6.15,6.35,312446
2012-05-29,6.37,6.51,6.32,6.49,392298
2012-05-30,6.43,6.43,6.22,6.24,266611
2012-05-31,6.23,6.39,6.19,6.38,418275
2012-06-01,6.24,6.3,6.09,6.26,381927
2012-06-04,6.26,6.3,6.08,6.11,284224
2012-06-05,6.05,6.18,6.03,6.16,254100
2012-06-06,6.2,6.27,6.16,6.25,304863
2012-06-07,6.25,6.25,6.03,6.03,212343
2012-06-08,6.04,6.17,6.02,6.1,158707
2012-06-11,6.15,6.15,6.02,6.12,475258
2012-06-12,6.09,6.18,6.04,6.07,320282
2012-06-13,6.08,6.12,5.86,5.87,413632
2012-06-14,5.89,5.9,5.76,5.88,201863
2012-06-15,5.85,5.88,5.73,5.74,450258
2012-06-18,5.75,5.81,5.6,5.63,452494
2012-06-19,5.65,5.87,5.65,5.75,704362
2012-06-20,5.77,5.79,5.65,5.72,429668
2012-06-21,5.74,5.74,5.44,5.47,520799
2012-06-22,5.51,5.59,5.45,5.47,617665
2012-06-25,5.45,5.5,5.35,5.5,407906
2012-06-26,5.49,5.54,5.41,5.47,1177762
2012-06-27,5.46,5.72,5.46,5.71,225393
2012-06-28,5.69,5.74,5.59,5.74,268562
2012-06-29,5.83,5.94,5.79,5.87,282314
2012-07-02,5.87,6.02,5.81,6.02,395352
2012-07-03,5.81,5.98,5.78,5.93,663498
2012-07-05,5.88,5.93,5.81,5.87,440510
2012-07-06,5.79,5.87,5.71,5.86,272177
2012-07-09,5.83,5.86,5.62,5.69,327234
2012-07-10,5.5,5.78,5.48,5.7,1414220
2012-07-11,5.71,5.97,5.63,5.69,804169
2012-07-12,5.63,6.01,5.6,5.99,616220
2012-07-13,6.0,6.04,5.87,5.98,301892
2012-07-16,5.95,5.96,5.85,5.9,141518
2012-07-17,5.86,6.01,5.84,5.94,222530
2012-07-18,5.95,6.08,5.94,6.01,312808
2012-07-19,6.04,6.09,5.98,5.99,179663
2012-07-20,5.94,5.94,5.84,5.91,197271
2012-07-23,5.85,5.95,5.83,5.88,222884
2012-07-24,5.88,5.88,5.72,5.75,282231
2012-07-25,5.77,5.83,5.72,5.74,128241
2012-07-26,5.81,5.9,5.72,5.77,285909
2012-07-27,5.78,6.23,5.76,6.16,367828
2012-07-30,6.17,6.28,6.12,6.26,360158
2012-07-31,6.26,6.26,5.99,6.0,157337
2012-08-01,6.02,6.05,5.86,5.86,174625
2012-08-02,5.85,5.99,5.8,5.82,170797
2012-08-03,5.89,6.1,5.82,6.05,142574
2012-08-06,6.04,6.17,5.96,6.07,184829
2012-08-07,6.11,6.24,6.05,6.09,223685
2012-08-08,6.04,6.15,6.0,6.07,156818
2012-08-09,6.07,6.17,6.02,6.16,291676
2012-08-10,6.18,6.28,6.13,6.25,120867
2012-08-13,6.2,6.23,6.1,6.22,157264
2012-08-14,6.24,6.29,6.1,6.12,147871
2012-08-15,6.12,6.2,6.08,6.19,89318
2012-08-16,6.2,6.23,6.08,6.21,108820
2012-08-17,6.19,6.29,6.18,6.27,105566
2012-08-20,5.57,5.85,5.5,5.68,611756
2012-08-21,5.71,5.82,5.49,5.55,351881
2012-08-22,5.55,5.68,5.55,5.64,236008
2012-08-23,5.61,5.61,5.44,5.46,342261
2012-08-24,5.39,5.45,5.25,5.37,423552
2012-08-27,5.37,5.37,5.28,5.35,274253
2012-08-28,5.35,5.42,5.3,5.35,175079
2012-08-29,5.35,5.5,5.33,5.47,244429
2012-08-30,5.46,5.48,5.38,5.4,151787
2012-08-31,5.45,5.47,5.38,5.43,147106
2012-09-04,5.41,5.45,5.27,5.28,261060
2012-09-05,5.3,5.35,5.25,5.28,230796
2012-09-06,5.33,5.35,5.28,5.32,178990
2012-09-07,5.35,5.35,5.3,5.34,92837
2012-09-10,5.34,5.37,5.25,5.25,233650
2012-09-11,5.25,5.33,5.2,5.25,212004
2012-09-12,5.28,5.3,5.23,5.24,96473
2012-09-13,5.23,5.36,5.19,5.2,517504
2012-09-14,5.22,5.25,5.14,5.17,471626
2012-09-17,5.13,5.18,5.1,5.17,394123
2012-09-18,5.18,5.2,5.04,5.05,358355
2012-09-19,5.05,5.07,4.98,5.0,436383
2012-09-20,4.96,5.07,4.96,5.05,333296
2012-09-21,5.13,5.22,5.09,5.19,473220
2012-09-24,5.19,5.19,5.03,5.07,318040
2012-09-25,5.09,5.11,4.97,4.98,263614
2012-09-26,5.0,5.02,4.94,4.97,169620
2012-09-27,4.98,5.06,4.87,4.9,511184
2012-09-28,4.89,4.9,4.78,4.8,253255
2012-10-01,4.82,4.86,4.68,4.75,304492
2012-10-02,4.75,4.75,4.64,4.67,213551
2012-10-03,4.65,4.69,4.56,4.59,441247
2012-10-04,4.57,4.59,4.3,4.39,1040654
2012-10-05,4.37,4.42,4.3,4.33,672827
2012-10-08,4.3,4.37,4.26,4.27,283913
2012-10-09,4.22,4.34,4.16,4.27,604705
2012-10-10,4.24,4.34,4.24,4.27,237836
2012-10-11,4.29,4.34,4.22,4.28,229948
2012-10-12,4.27,4.35,4.22,4.24,195645
2012-10-15,4.24,4.29,4.22,4.26,93177
2012-10-16,4.29,4.29,4.22,4.26,241274
2012-10-17,4.26,4.35,4.23,4.32,139622
2012-10-18,4.33,4.41,4.31,4.34,312820
2012-10-19,4.3,4.32,4.26,4.27,230518
2012-10-22,4.24,4.25,4.15,4.15,290829
2012-10-23,4.12,4.14,4.06,4.11,144657
2012-10-24,4.12,4.13,4.05,4.06,483167
2012-10-25,4.08,4.15,4.04,4.14,119800
2012-10-26,4.15,4.16,4.02,4.04,178582
2012-10-31,4.05,4.06,3.98,4.04,291278
2012-11-01,4.05,4.12,4.03,4.06,561149
2012-11-02,4.08,4.2,3.94,4.04,540082
2012-11-05,4.03,4.17,4.03,4.1,196561
2012-11-06,4.13,4.13,4.03,4.05,248568
2012-11-07,4.02,4.06,3.96,4.04,232979
2012-11-08,4.02,4.03,3.85,3.85,524131
2012-11-09,3.85,3.87,3.81,3.86,285860
2012-11-12,3.86,3.86,3.8,3.8,138689
2012-11-13,3.75,3.82,3.63,3.65,678826
2012-11-14,3.65,3.68,3.58,3.58,358111
2012-11-15,3.62,3.64,3.55,3.57,326468
2012-11-16,3.55,3.6,3.48,3.5,678771
2012-11-19,3.53,3.64,3.51,3.61,330229
2012-11-20,3.72,3.78,3.65,3.72,773935
2012-11-21,3.76,3.77,3.68,3.72,737164
2012-11-23,3.75,3.79,3.73,3.75,181037
2012-11-26,3.81,3.81,3.73,3.75,797239
2012-11-27,3.76,3.84,3.76,3.8,275697
2012-11-28,3.8,3.81,3.73,3.76,543570
2012-11-29,3.79,3.8,3.76,3.78,236329
2012-11-30,3.8,3.8,3.75,3.76,504979
2012-12-03,3.8,3.8,3.7,3.73,395656
2012-12-04,3.73,3.76,3.68,3.7,273287
2012-12-05,3.71,3.71,3.62,3.68,314826
2012-12-06,3.68,3.72,3.65,3.71,212987
2012-12-07,3.71,3.74,3.69,3.71,494514
2012-12-10,3.72,3.75,3.66,3.69,496362
2012-12-11,3.72,3.76,3.67,3.71,676890
2012-12-12,3.73,3.78,3.68,3.7,533605
2012-12-13,3.7,3.73,3.69,3.71,793591
2012-12-14,3.7,3.95,3.7,3.9,1035367
2012-12-17,3.98,4.04,3.95,3.99,883227
2012-12-18,4.0,4.06,3.98,4.0,562349
2012-12-19,4.01,4.12,3.98,3.98,694085
2012-12-20,3.99,4.02,3.95,3.98,368299
2012-12-21,3.97,4.0,3.85,3.97,926783
2012-12-24,3.93,3.96,3.91,3.93,126597
2012-12-26,3.93,3.96,3.85,3.85,563944
2012-12-27,3.84,3.89,3.77,3.79,639921
2012-12-28,3.79,3.83,3.74,3.78,879267
2012-12-31,3.78,4.0,3.76,4.0,631275
2013-01-02,4.06,4.07,3.96,4.0,592835
2013-01-03,4.0,4.04,3.77,3.78,1455831
2013-01-04,3.8,3.8,3.59,3.69,1075404
2013-01-07,3.69,3.7,3.62,3.64,566467
2013-01-08,3.63,3.67,3.62,3.65,552507
2013-01-09,3.65,3.76,3.64,3.71,541778
2013-01-10,3.75,3.88,3.72,3.82,587135
2013-01-11,3.85,3.89,3.81,3.82,374644
2013-01-14,3.85,3.86,3.72,3.74,726745
2013-01-15,3.73,3.81,3.73,3.8,527860
2013-01-16,3.83,3.89,3.81,3.85,433789
2013-01-17,3.88,3.93,3.8,3.9,976010
2013-01-18,3.91,3.95,3.87,3.92,465214
2013-01-22,3.92,4.05,3.89,4.01,709667
2013-01-23,4.03,4.05,3.99,4.0,365012
2013-01-24,4.0,4.18,3.99,4.11,693014
2013-01-25,4.14,4.15,4.06,4.09,367269
2013-01-28,4.09,4.2,4.0,4.17,570464
2013-01-29,4.17,4.22,4.1,4.2,372998
2013-01-30,4.19,4.22,4.14,4.16,522833
2013-01-31,4.16,4.2,4.03,4.18,840239
2013-02-01,4.02,4.08,3.9,3.95,2128728
2013-02-04,3.91,3.98,3.88,3.96,1152948
2013-02-05,3.98,4.01,3.94,3.95,865235
2013-02-06,3.93,4.02,3.93,4.02,785816
2013-02-07,4.02,4.07,3.96,3.98,1170399
2013-02-08,3.98,4.02,3.95,3.96,739840
2013-02-11,3.96,3.99,3.93,3.93,475996
2013-02-12,3.93,3.94,3.88,3.9,548966
2013-02-13,3.89,3.93,3.85,3.86,464288
2013-02-14,3.84,3.85,3.76,3.81,1300226
2013-02-15,3.83,3.85,3.78,3.81,737358
2013-02-19,3.81,3.99,3.8,3.99,891334
2013-02-20,4.0,4.13,3.98,4.02,930733
2013-02-21,4.03,4.13,4.01,4.11,658726
2013-02-22,4.14,4.18,3.99,4.02,629314
2013-02-25,4.05,4.09,3.96,3.97,508969
2013-02-26,3.95,4.01,3.93,3.93,447814
2013-02-27,3.92,4.05,3.92,3.99,380923
2013-02-28,3.97,4.02,3.95,3.96,424571
2013-03-01,3.93,3.98,3.9,3.94,549386
2013-03-04,3.92,4.01,3.92,3.95,455421
2013-03-05,3.97,4.06,3.96,4.03,280096
2013-03-06,4.06,4.18,4.02,4.05,409615
2013-03-07,4.07,4.12,4.04,4.05,241540
2013-03-08,4.09,4.1,4.04,4.08,210494
2013-03-11,4.07,4.13,4.05,4.09,268039
2013-03-12,4.1,4.11,4.04,4.04,270587
2013-03-13,4.07,4.16,4.03,4.14,320446
2013-03-14,4.17,4.48,4.17,4.44,960289
2013-03-15,4.45,4.56,4.4,4.52,740263
2013-03-18,4.52,4.63,4.5,4.6,600176
2013-03-19,4.62,4.7,4.47,4.54,559395
2013-03-20,4.57,4.57,4.45,4.53,271598
2013-03-21,4.52,4.53,4.37,4.43,363495
2013-03-22,4.46,4.48,4.39,4.41,255027
2013-03-25,4.41,4.41,4.24,4.31,438578
2013-03-26,4.34,4.34,4.21,4.24,335888
2013-03-27,4.24,4.24,4.14,4.2,235636
2013-03-28,4.22,4.24,4.13,4.17,380733
2013-04-01,4.12,4.13,4.0,4.06,587952
2013-04-02,4.08,4.2,4.06,4.14,335008
2013-04-03,4.17,4.21,4.11,4.15,358760
2013-04-04,4.13,4.26,4.13,4.22,307070
2013-04-05,4.2,4.5,4.16,4.48,459035
2013-04-08,4.47,4.54,4.43,4.54,373325
2013-04-09,4.6,4.6,4.39,4.39,397572
2013-04-10,4.38,4.41,4.31,4.31,465694
2013-04-11,4.28,4.33,4.24,4.32,971367
2013-04-12,4.31,4.77,4.31,4.71,991212
2013-04-15,4.7,4.71,4.51,4.53,428703
2013-04-16,4.57,4.65,4.53,4.59,388940
2013-04-17,4.57,4.65,4.49,4.52,723564
2013-04-18,4.5,4.56,4.47,4.5,408709
2013-04-19,4.5,4.54,4.44,4.47,289328
2013-04-22,4.53,4.55,4.37,4.42,295318
2013-04-23,4.39,4.6,4.31,4.59,387515
2013-04-24,4.6,4.64,4.52,4.63,184415
2013-04-25,4.64,4.94,4.6,4.81,479092
2013-04-26,5.08,5.34,4.95,5.18,865603
2013-04-29,5.21,5.53,5.1,5.5,1138119
2013-04-30,5.49,5.7,5.41,5.66,852216
2013-05-01,5.66,5.66,5.33,5.35,695180
2013-05-02,5.35,5.65,5.25,5.32,729569
2013-05-03,5.35,5.39,5.05,5.11,1387402
2013-05-06,5.09,5.16,5.03,5.16,590172
2013-05-07,5.15,5.2,4.97,5.05,722587
2013-05-08,5.04,5.26,5.03,5.25,539317
2013-05-09,5.23,5.38,5.19,5.36,778096
2013-05-10,5.25,5.48,5.05,5.45,1165320
2013-05-13,5.44,5.49,5.34,5.48,624330
2013-05-14,5.53,5.7,5.49,5.59,674164
2013-05-15,5.54,5.67,5.48,5.54,707330
2013-05-16,5.55,5.55,5.36,5.39,307085
2013-05-17,5.39,5.48,5.3,5.47,632751
2013-05-20,5.46,5.5,5.32,5.42,522892
2013-05-21,5.44,5.44,5.32,5.41,426418
2013-05-22,5.42,5.42,5.27,5.27,402389
2013-05-23,5.21,5.37,5.14,5.36,533641
2013-05-24,5.32,5.34,5.1,5.32,173531
2013-05-28,5.38,5.47,5.28,5.35,490758
2013-05-29,5.36,5.43,5.3,5.33,489554
2013-05-30,5.34,5.4,5.29,5.39,262713
2013-05-31,5.36,5.59,5.33,5.46,671006
2013-06-03,5.5,5.66,5.36,5.64,982235
2013-06-04,5.64,5.79,5.5,5.65,765172
2013-06-05,5.64,5.7,5.53,5.66,526714
2013-06-06,5.65,5.97,5.55,5.97,804864
2013-06-07,6.0,6.01,5.76,5.85,381082
2013-06-10,5.85,5.99,5.85,5.9,426947
2013-06-11,5.87,5.89,5.67,5.68,598761
2013-06-12,5.69,5.74,5.57,5.61,360493
2013-06-13,5.62,5.86,5.55,5.85,313221
2013-06-14,5.87,5.98,5.79,5.79,287349
2013-06-17,5.85,5.86,5.51,5.66,612215
2013-06-18,5.39,5.7,5.39,5.68,251162
2013-06-19,5.7,5.74,5.65,5.71,211241
2013-06-20,5.63,5.67,5.37,5.39,475877
2013-06-21,5.41,5.49,5.27,5.39,413481
2013-06-24,5.32,5.39,5.13,5.2,530986
2013-06-25,5.22,5.31,5.18,5.23,282670
2013-06-26,5.24,5.31,5.23,5.25,223754
2013-06-27,5.29,5.58,5.27,5.58,673123
2013-06-28,5.58,5.75,5.51,5.61,851503
2013-07-01,5.65,5.74,5.65,5.7,342279
2013-07-02,5.74,5.74,5.6,5.68,221033
2013-07-03,5.67,5.8,5.67,5.71,148882
2013-07-05,5.8,5.92,5.73,5.87,185352
2013-07-08,5.91,5.95,5.69,5.75,314355
2013-07-09,5.77,5.78,5.62,5.75,318510
2013-07-10,5.76,5.86,5.69,5.73,250549
2013-07-11,5.79,5.88,5.69,5.84,300577
2013-07-12,5.84,5.88,5.72,5.77,301518
2013-07-15,5.75,5.78,5.66,5.68,234305
2013-07-16,5.69,5.72,5.55,5.6,336782
2013-07-17,5.64,5.66,5.53,5.59,196137
2013-07-18,5.59,5.65,5.26,5.34,535243
2013-07-19,5.32,5.35,5.2,5.35,888389
2013-07-22,5.36,6.03,5.36,6.0,1232249
2013-07-23,5.98,6.03,5.88,5.9,668316
2013-07-24,5.93,5.98,5.82,5.83,299478
2013-07-25,5.84,6.15,5.84,6.06,590520
2013-07-26,6.02,6.06,5.63,5.9,655667
2013-07-29,5.86,6.04,5.77,5.91,424027
2013-07-30,5.9,5.93,5.72,5.87,372933
2013-07-31,5.88,6.02,5.84,5.98,508718
2013-08-01,6.02,6.03,5.74,5.85,655672
2013-08-02,5.83,5.85,5.76,5.83,318729
2013-08-05,5.82,5.97,5.73,5.83,366201
2013-08-06,5.8,5.83,5.61,5.72,457189
2013-08-07,5.72,5.72,5.51,5.52,212257
2013-08-08,5.55,5.6,5.47,5.52,212478
2013-08-09,5.5,5.78,5.47,5.71,321865
2013-08-12,5.69,6.0,5.68,5.97,472319
2013-08-13,5.99,6.04,5.92,6.0,500768
2013-08-14,5.98,6.03,5.88,6.0,317669
2013-08-15,5.93,6.14,5.93,6.0,549846
2013-08-16,6.01,6.1,6.0,6.02,365596
2013-08-19,6.0,6.04,5.99,6.0,385614
2013-08-20,6.01,6.11,5.99,6.1,320869
2013-08-21,6.08,6.1,5.95,6.01,251328
2013-08-22,6.01,6.04,5.25,6.01,355633
2013-08-23,6.01,6.01,5.89,5.96,235318
2013-08-26,5.96,6.01,5.74,5.77,329163
2013-08-27,5.71,5.82,5.46,5.59,959955
2013-08-28,5.58,5.89,5.58,5.89,439032
2013-08-29,5.9,6.0,5.83,5.99,640538
2013-08-30,5.84,6.02,5.36,5.78,1161936
2013-09-03,5.83,5.83,5.56,5.56,227875
2013-09-04,5.58,5.61,5.31,5.36,689898
2013-09-05,5.38,5.48,5.28,5.3,419587
2013-09-06,5.35,5.7,5.35,5.64,359241
2013-09-09,5.64,5.97,5.64,5.95,494001
2013-09-10,5.95,6.05,5.92,6.02,573289
2013-09-11,6.0,6.01,5.87,5.88,561579
2013-09-12,5.85,5.9,5.65,5.81,478568
2013-09-13,5.79,5.88,5.72,5.72,293533
2013-09-16,5.8,5.87,5.69,5.71,334433
2013-09-17,5.72,5.82,5.69,5.75,294602
2013-09-18,5.76,6.06,5.73,6.01,359086
2013-09-19,6.01,6.1,5.97,6.06,485287
2013-09-20,6.05,6.05,5.87,5.92,452878
2013-09-23,5.9,5.98,5.81,5.95,302973
2013-09-24,5.94,6.04,5.86,5.95,451291
2013-09-25,5.98,6.03,5.94,5.97,287403
2013-09-26,5.99,6.22,5.97,6.04,354483
2013-09-27,6.01,6.05,5.96,6.03,203415
2013-09-30,5.95,6.1,5.95,6.09,298658
2013-10-01,6.07,6.19,6.01,6.16,270177
2013-10-02,6.11,6.21,6.0,6.12,395589
2013-10-03,6.06,6.13,5.96,6.12,167318
2013-10-04,6.11,6.2,6.09,6.1,157556
2013-10-07,6.05,6.05,5.91,5.98,280974
2013-10-08,5.96,5.96,5.82,5.83,223410
2013-10-09,5.85,5.92,5.76,5.89,191315
2013-10-10,5.94,5.98,5.82,5.87,156706
2013-10-11,5.83,5.9,5.75,5.86,161883
2013-10-14,5.82,5.92,5.82,5.88,148598
2013-10-15,5.9,5.92,5.8,5.86,206891
2013-10-16,5.88,5.92,5.8,5.81,261208
2013-10-17,5.78,5.8,5.65,5.7,396519
2013-10-18,5.75,5.8,5.65,5.77,253904
2013-10-21,5.78,5.8,5.66,5.74,195583
2013-10-22,5.78,5.96,5.78,5.88,253359
2013-10-23,5.81,5.81,5.57,5.65,555921
2013-10-24,5.68,5.9,5.68,5.89,314933
2013-10-25,5.91,5.97,5.84,5.97,246021
2013-10-28,5.96,6.14,5.96,6.04,337321
2013-10-29,6.04,6.07,5.94,6.06,477333
2013-10-30,6.07,6.09,5.99,6.03,345310
2013-10-31,6.01,6.08,5.93,6.04,235836
2013-11-01,5.65,5.74,5.51,5.65,853722
2013-11-04,5.61,5.65,5.51,5.62,495778
2013-11-05,5.6,5.71,5.55,5.55,317799
2013-11-06,5.56,5.56,5.01,5.14,957100
2013-11-07,5.13,5.21,5.04,5.09,1006924
2013-11-08,5.15,5.88,4.72,5.76,1877811
2013-11-11,5.75,6.16,5.72,6.01,577198
2013-11-12,5.99,5.99,5.75,5.75,382452
2013-11-13,5.74,5.81,5.57,5.57,291652
2013-11-14,5.6,5.7,5.5,5.65,315434
2013-11-15,5.63,5.66,5.5,5.61,325876
2013-11-18,5.65,5.67,5.5,5.54,230805
2013-11-19,5.57,5.63,5.52,5.57,196780
2013-11-20,5.58,5.94,5.57,5.64,399091
2013-11-21,5.66,5.82,5.64,5.74,250976
2013-11-22,5.68,5.79,5.64,5.74,171899
2013-11-25,5.75,5.87,5.7,5.72,163717
2013-11-26,5.73,5.9,5.73,5.9,242228
2013-11-27,5.91,5.92,5.84,5.88,160720
2013-11-29,5.92,5.94,5.84,5.89,121379
2013-12-02,5.85,5.89,5.58,5.64,251828
2013-12-03,5.65,5.78,5.65,5.76,226029
2013-12-04,5.76,5.77,5.41,5.44,296842
2013-12-05,5.42,5.51,5.29,5.36,175634
2013-12-06,5.39,5.46,5.29,5.31,295133
2013-12-09,5.34,5.38,5.08,5.15,404165
2013-12-10,5.12,5.24,5.12,5.14,289511
2013-12-11,5.18,5.25,5.09,5.13,296991
2013-12-12,5.13,5.24,5.01,5.02,267164
2013-12-13,5.04,5.2,5.01,5.01,154673
2013-12-16,5.02,5.22,5.0,5.2,299383
2013-12-17,5.21,5.24,4.99,5.23,321526
2013-12-18,5.25,5.25,5.09,5.12,272021
2013-12-19,5.08,5.22,5.04,5.15,157714
2013-12-20,5.18,5.31,5.05,5.25,716437
2013-12-23,5.26,5.42,5.23,5.3,297012
2013-12-24,5.32,5.43,5.27,5.37,167553
2013-12-26,5.39,5.44,5.32,5.34,189538
2013-12-27,5.38,5.38,5.26,5.28,221112
2013-12-30,5.26,5.42,5.1,5.38,272557
2013-12-31,5.37,5.39,5.29,5.32,196984
2014-01-02,5.33,5.46,5.25,5.45,187115
2014-01-03,5.46,5.68,5.46,5.68,229898
2014-01-06,5.71,5.74,5.58,5.63,161650
2014-01-07,5.64,5.72,5.62,5.65,77712
2014-01-08,5.66,5.71,5.51,5.61,133318
2014-01-09,5.65,5.66,5.43,5.54,130073
2014-01-10,5.56,5.62,5.49,5.59,119706
2014-01-13,5.56,5.57,5.22,5.29,213033
2014-01-14,5.29,5.41,5.11,5.32,197529
2014-01-15,5.32,5.34,5.27,5.34,258403
2014-01-16,5.35,5.4,5.24,5.33,209542
2014-01-17,5.31,5.37,5.28,5.3,141643
2014-01-21,5.31,5.42,5.3,5.36,204711
2014-01-22,5.38,5.47,5.3,5.47,120991
2014-01-23,5.46,5.49,5.3,5.35,265566
2014-01-24,5.32,5.38,5.11,5.16,251461
2014-01-27,5.18,5.2,5.0,5.06,259370
2014-01-28,5.08,5.09,4.95,4.97,277983
2014-01-29,4.94,5.07,4.94,5.01,437626
2014-01-30,5.08,5.1,4.97,5.01,241412
2014-01-31,4.95,5.13,4.95,4.97,511911
2014-02-03,4.96,5.11,4.76,4.86,313649
2014-02-04,4.88,4.9,4.73,4.77,242301
2014-02-05,4.77,4.98,4.65,4.74,147983
2014-02-06,4.65,4.9,4.65,4.73,333043
2014-02-07,5.13,5.68,5.13,5.42,2177896
2014-02-10,5.76,6.06,5.67,5.74,829583
2014-02-11,5.59,5.74,5.49,5.5,1159785
2014-02-12,5.5,5.65,5.44,5.48,444096
2014-02-13,5.4,5.62,5.4,5.5,595030
2014-02-14,5.5,5.55,5.42,5.45,183647
2014-02-18,5.49,5.56,5.41,5.42,205528
2014-02-19,5.4,5.47,5.36,5.39,379282
2014-02-20,5.39,5.6,5.37,5.39,215264
2014-02-21,5.42,5.44,5.23,5.25,489300
2014-02-24,5.07,5.33,5.07,5.15,960095
2014-02-25,5.2,5.45,5.2,5.37,842071
2014-02-26,5.39,5.76,5.32,5.74,577148
2014-02-27,5.74,5.98,5.68,5.98,325164
2014-02-28,6.0,6.07,5.92,6.07,419133
2014-03-03,6.03,6.87,5.93,6.75,1332279
2014-03-04,6.77,6.83,6.55,6.7,800606
2014-03-05,6.77,6.77,6.56,6.74,428681
2014-03-06,6.76,6.76,6.54,6.65,307748
2014-03-07,6.66,7.03,6.63,6.98,561221
2014-03-10,6.99,7.0,6.71,6.8,330689
2014-03-11,6.8,6.9,6.76,6.82,377993
2014-03-12,6.8,6.8,6.67,6.78,216357
2014-03-13,6.8,6.82,6.7,6.72,240170
2014-03-14,6.7,6.8,6.64,6.64,164370
2014-03-17,6.68,6.7,6.61,6.64,129534
2014-03-18,6.61,6.68,6.55,6.65,138504
2014-03-19,6.65,6.71,6.53,6.57,259674
2014-03-20,6.58,6.6,6.52,6.56,119968
2014-03-21,6.56,6.6,6.52,6.53,252651
2014-03-24,6.55,6.6,6.44,6.57,197984
2014-03-25,6.55,6.57,6.25,6.28,212122
2014-03-26,6.31,6.32,6.1,6.13,182788
2014-03-27,6.11,6.18,5.97,6.1,219664
2014-03-28,6.11,6.25,6.09,6.16,128913
2014-03-31,6.16,6.39,6.12,6.12,212976
2014-04-01,6.11,6.33,6.04,6.2,220631
2014-04-02,6.19,6.4,6.19,6.38,303503
2014-04-03,6.39,6.45,6.14,6.23,170223
2014-04-04,6.25,6.25,6.01,6.1,205054
2014-04-07,6.06,6.06,5.78,5.79,204068
2014-04-08,5.8,5.9,5.76,5.85,176523
2014-04-09,5.85,5.93,5.77,5.91,164515
2014-04-10,5.93,6.23,5.92,5.99,509340
2014-04-11,5.95,6.06,5.77,5.81,263626
2014-04-14,6.39,6.85,6.15,6.69,1590952
2014-04-15,6.7,6.88,6.51,6.75,490560
2014-04-16,6.78,6.8,6.53,6.57,188787
2014-04-17,6.54,6.73,6.4,6.44,131744
2014-04-21,6.42,6.55,6.32,6.44,124767
2014-04-22,5.8,6.1,5.68,5.8,940719
2014-04-23,5.79,5.88,5.56,5.57,411024
2014-04-24,5.56,5.56,5.27,5.39,598494
2014-04-25,5.36,5.47,5.17,5.2,392076
2014-04-28,5.24,5.24,5.03,5.14,385835
2014-04-29,5.15,5.2,4.99,5.03,480620
2014-04-30,5.01,5.1,4.97,5.05,422970
2014-05-01,5.03,5.1,4.9,5.08,431663
2014-05-02,5.11,5.31,5.07,5.29,605541
2014-05-05,5.29,5.37,5.19,5.24,552866
2014-05-06,5.22,5.22,4.96,4.97,554418
2014-05-07,4.97,4.98,4.77,4.87,414173
2014-05-08,4.89,5.09,4.83,4.84,494834
2014-05-09,4.84,5.16,4.7,5.14,655743
2014-05-12,5.17,5.24,5.01,5.07,372485
2014-05-13,5.08,5.19,4.98,5.0,291257
2014-05-14,5.0,5.09,4.92,4.98,300929
2014-05-15,4.94,5.06,4.74,4.77,290301
2014-05-16,4.75,4.8,4.6,4.62,437388
2014-05-19,4.6,4.65,4.48,4.51,442351
2014-05-20,4.5,4.51,4.27,4.31,669459
2014-05-21,4.31,4.61,4.2,4.29,409797
2014-05-22,4.28,4.36,4.24,4.3,332879
2014-05-23,4.32,4.36,4.24,4.27,398557
2014-05-27,4.21,4.33,4.21,4.28,201337
2014-05-28,4.27,4.3,4.03,4.05,546373
2014-05-29,4.07,4.14,4.05,4.07,424471
2014-05-30,4.08,4.17,4.07,4.1,223202
2014-06-02,4.05,4.12,3.36,3.39,2271811
2014-06-03,3.39,3.48,3.27,3.45,568843
2014-06-04,3.43,3.44,3.34,3.4,312433
2014-06-05,3.39,3.41,3.28,3.28,1031249
2014-06-06,3.31,3.35,3.29,3.31,799545
2014-06-09,3.32,3.43,3.29,3.36,498741
2014-06-10,3.33,3.41,3.33,3.4,466057
2014-06-11,3.34,3.42,3.34,3.36,461892
2014-06-12,3.32,3.38,3.25,3.3,935533
2014-06-13,3.28,3.39,3.22,3.35,701287
2014-06-16,3.32,3.41,3.31,3.31,923559
2014-06-17,3.29,3.41,3.27,3.35,811403
2014-06-18,3.37,3.41,3.29,3.36,537213
2014-06-19,3.35,3.52,3.31,3.4,571655
2014-06-20,3.47,3.47,3.36,3.38,349023
2014-06-23,3.37,3.42,3.33,3.33,346998
2014-06-24,3.34,3.36,3.28,3.29,367647
2014-06-25,3.27,3.28,3.2,3.22,403881
2014-06-26,3.22,3.22,3.07,3.13,602536
2014-06-27,3.11,3.17,3.09,3.15,1245616
2014-06-30,3.05,3.1,3.01,3.05,1006524
2014-07-01,3.08,3.1,3.03,3.1,1186665
2014-07-02,3.11,3.18,3.05,3.16,650539
2014-07-03,3.14,3.2,3.14,3.15,324299
2014-07-07,3.16,3.2,3.1,3.12,297716
2014-07-08,3.1,3.16,2.98,3.0,972945
2014-07-09,3.02,3.13,2.93,2.95,578351
2014-07-10,2.9,2.92,2.78,2.83,968201
2014-07-11,2.81,2.91,2.81,2.86,634558
2014-07-14,2.89,3.2,2.83,3.12,1179907
2014-07-15,3.14,3.15,2.97,2.99,854870
2014-07-16,3.0,3.0,2.93,2.94,602607
2014-07-17,2.91,2.97,2.9,2.94,596959
2014-07-18,2.93,3.0,2.91,2.98,350975
2014-07-21,2.96,3.0,2.89,2.92,341953
2014-07-22,2.92,2.95,2.82,2.83,320988
2014-07-23,2.84,2.95,2.8,2.92,697457
2014-07-24,2.93,2.99,2.9,2.92,252949
2014-07-25,2.89,2.89,2.8,2.81,388510
2014-07-28,2.8,2.87,2.8,2.83,275861
2014-07-29,2.85,2.91,2.82,2.83,229196
2014-07-30,2.86,2.89,2.82,2.86,273682
2014-07-31,2.85,2.9,2.79,2.81,266077
2014-08-01,2.82,2.87,2.78,2.79,357449
2014-08-04,2.82,2.86,2.78,2.83,259281
2014-08-05,2.81,2.85,2.79,2.82,157947
2014-08-06,2.81,2.91,2.81,2.86,278673
2014-08-07,2.86,2.89,2.83,2.84,121359
2014-08-08,2.83,2.89,2.83,2.86,186200
2014-08-11,2.87,2.9,2.83,2.84,282506
2014-08-12,2.85,2.95,2.82,2.83,245154
2014-08-13,2.82,2.88,2.79,2.81,252481
2014-08-14,2.82,2.89,2.82,2.85,154853
2014-08-15,2.79,2.84,2.7,2.73,650873
2014-08-18,2.78,2.87,2.62,2.64,808301
2014-08-19,2.62,2.72,2.61,2.71,320145
2014-08-20,2.71,2.88,2.71,2.87,438123
2014-08-21,2.88,3.04,2.79,3.01,464276
2014-08-22,2.99,2.99,2.85,2.92,310082
2014-08-25,2.92,2.98,2.8,2.82,283377
2014-08-26,2.82,2.99,2.82,2.97,260280
2014-08-27,2.99,3.13,2.97,2.97,395886
2014-08-28,2.94,3.12,2.89,2.97,334197
2014-08-29,3.01,3.31,2.97,3.3,843009
2014-09-02,3.33,3.37,3.01,3.15,1303006
2014-09-03,3.17,3.17,2.97,2.97,433290
2014-09-04,2.98,3.03,2.88,2.88,665385
2014-09-05,2.81,3.02,2.75,3.0,958122
2014-09-08,3.03,3.03,2.87,2.89,616308
2014-09-09,2.86,2.92,2.75,2.75,579251
2014-09-10,2.76,2.81,2.7,2.76,239638
2014-09-11,2.73,2.81,2.72,2.8,227773
2014-09-12,2.79,2.81,2.7,2.73,280614
2014-09-15,2.71,2.74,2.65,2.68,270991
2014-09-16,2.68,2.71,2.65,2.65,315765
2014-09-17,2.66,2.7,2.63,2.64,161944
2014-09-18,2.67,2.74,2.65,2.67,328338
2014-09-19,2.69,2.73,2.58,2.68,836690
2014-09-22,2.65,2.72,2.48,2.51,555923
2014-09-23,2.52,2.59,2.46,2.46,342336
2014-09-24,2.46,2.5,2.31,2.41,621746
2014-09-25,2.41,2.44,2.36,2.38,303174
2014-09-26,2.37,2.43,2.32,2.36,190601
2014-09-29,2.4,2.4,2.32,2.38,192356
2014-09-30,2.39,2.39,2.28,2.32,539227
2014-10-01,2.31,2.38,2.26,2.27,248753
2014-10-02,2.26,2.32,2.22,2.31,230285
2014-10-03,2.33,2.39,2.25,2.34,164213
2014-10-06,2.34,2.34,2.21,2.27,176552
2014-10-07,2.24,2.24,2.13,2.18,536071
2014-10-08,2.17,2.23,2.1,2.13,392981
2014-10-09,2.11,2.16,2.02,2.03,419795
2014-10-10,2.01,2.16,2.0,2.05,472146
2014-10-13,2.03,2.18,2.03,2.13,192431
2014-10-14,2.15,2.3,2.15,2.27,222484
2014-10-15,2.25,2.43,2.02,2.37,421187
2014-10-16,2.34,2.44,2.27,2.32,276293
2014-10-17,2.36,2.36,2.12,2.14,343580
2014-10-20,2.14,2.2,2.1,2.18,266295
2014-10-21,2.18,2.19,2.11,2.14,146073
2014-10-22,2.15,2.19,2.11,2.13,126973
2014-10-23,2.14,2.27,2.13,2.19,105277
2014-10-24,2.2,2.25,2.1,2.13,145580
2014-10-27,2.11,2.22,2.1,2.18,149129
2014-10-28,2.18,2.24,2.13,2.24,208102
2014-10-29,2.23,2.35,2.23,2.3,208116
2014-10-30,2.3,2.33,2.24,2.29,148223
2014-10-31,2.34,2.35,2.25,2.29,222073
2014-11-03,2.31,2.33,2.27,2.31,193954
2014-11-04,2.32,2.36,2.2,2.25,208272
2014-11-05,2.25,2.32,2.23,2.29,137789
2014-11-06,2.29,2.3,2.12,2.2,411124
2014-11-07,2.4,2.43,2.23,2.4,682836
2014-11-10,2.43,2.49,2.33,2.38,551480
2014-11-11,2.39,2.48,2.25,2.43,321297
2014-11-12,2.37,2.48,2.37,2.47,221125
2014-11-13,2.49,2.49,2.36,2.39,390255
2014-11-14,2.4,2.63,2.36,2.6,504214
2014-11-17,2.62,2.73,2.58,2.58,555303
2014-11-18,2.57,2.64,2.56,2.57,276285
2014-11-19,2.58,2.64,2.5,2.52,242285
2014-11-20,2.5,2.64,2.5,2.62,277356
2014-11-21,2.65,2.67,2.54,2.57,153174
2014-11-24,2.58,2.72,2.55,2.7,380993
2014-11-25,2.72,3.05,2.7,3.03,1925555
2014-11-26,3.07,3.26,2.91,3.08,1516158
2014-11-28,3.17,3.17,2.98,3.02,449109
2014-12-01,3.02,3.02,2.81,2.84,520355
2014-12-02,2.84,2.9,2.63,2.65,1023269
2014-12-03,2.66,2.8,2.64,2.74,305743
2014-12-04,2.73,2.74,2.52,2.73,810590
2014-12-05,2.72,2.83,2.69,2.78,259223
2014-12-08,2.77,2.77,2.61,2.61,281256
2014-12-09,2.6,2.75,2.59,2.68,446208
2014-12-10,2.64,2.85,2.6,2.61,369915
2014-12-11,2.58,2.7,2.56,2.6,302245
2014-12-12,2.58,2.68,2.54,2.65,235503
2014-12-15,2.62,2.78,2.5,2.56,490939
2014-12-16,2.54,2.74,2.54,2.64,361257
2014-12-17,2.63,2.69,2.6,2.68,307351
2014-12-18,2.7,2.7,2.62,2.65,244585
2014-12-19,2.66,2.73,2.61,2.72,400220
2014-12-22,2.71,2.77,2.63,2.64,260517
2014-12-23,2.66,2.72,2.62,2.63,302195
2014-12-24,2.62,2.7,2.48,2.48,415274
2014-12-26,2.54,2.56,2.26,2.3,911508
2014-12-29,2.37,2.44,2.06,2.14,1628489
2014-12-30,2.14,2.28,2.02,2.24,1543057
2014-12-31,2.24,2.27,2.14,2.19,686084
2015-01-02,2.21,2.25,2.15,2.22,270433
2015-01-05,2.24,2.34,2.17,2.3,370857
2015-01-06,2.31,2.32,2.19,2.23,248840
2015-01-07,2.23,2.46,2.23,2.45,473671
2015-01-08,2.54,2.6,2.45,2.49,635255
2015-01-09,2.48,2.48,2.31,2.37,319314
2015-01-12,2.38,2.5,2.35,2.48,322147
2015-01-13,2.85,3.04,2.75,2.98,2723362
2015-01-14,3.05,3.32,3.03,3.26,2336611
2015-01-15,3.19,3.3,3.0,3.01,855949
2015-01-16,3.01,3.15,2.94,3.09,672515
2015-01-20,3.12,3.45,3.1,3.26,1120005
2015-01-21,3.28,3.32,3.15,3.2,551902
2015-01-22,3.25,3.25,3.17,3.22,749875
2015-01-23,3.23,3.39,3.01,3.25,1541724
2015-01-26,3.27,3.39,3.24,3.31,874434
2015-01-27,3.29,3.77,3.27,3.73,1415173
2015-01-28,3.73,3.82,3.48,3.76,1715889
2015-01-29,3.79,3.81,3.55,3.7,928193
2015-01-30,3.61,3.71,3.52,3.58,1334250
2015-02-02,3.62,3.66,3.43,3.48,1155711
2015-02-03,3.48,3.63,3.48,3.54,540475
2015-02-04,3.55,3.79,3.48,3.58,825234
2015-02-05,3.65,3.72,3.52,3.7,1292028
2015-02-06,3.85,3.96,3.69,3.7,1258473
2015-02-09,3.69,3.84,3.56,3.72,1032857
2015-02-10,3.72,3.78,3.65,3.75,455140
2015-02-11,3.76,3.85,3.71,3.8,438472
2015-02-12,3.82,3.9,3.76,3.89,467121
2015-02-13,3.92,4.0,3.88,3.9,699068
2015-02-17,3.88,3.94,3.77,3.82,474850
2015-02-18,3.82,3.86,3.72,3.86,440233
2015-02-19,3.8,3.93,3.77,3.88,324680
2015-02-20,3.89,3.91,3.81,3.84,276650
2015-02-23,3.86,3.89,3.74,3.76,375493
2015-02-24,3.73,3.76,3.53,3.6,708376
2015-02-25,3.57,3.68,3.53,3.62,374728
2015-02-26,3.61,3.64,3.54,3.63,495807
2015-02-27,3.62,3.74,3.6,3.68,224909
2015-03-02,3.64,3.74,3.6,3.61,287804
2015-03-03,3.59,3.65,3.54,3.54,240689
2015-03-04,3.54,3.57,3.48,3.48,309725
2015-03-05,3.51,3.58,3.42,3.42,413133
2015-03-06,3.4,3.52,3.31,3.31,367327
2015-03-09,3.31,3.51,3.31,3.46,263815
2015-03-10,3.41,3.46,3.36,3.42,182846
2015-03-11,3.4,3.48,3.31,3.32,339392
2015-03-12,3.36,3.53,3.35,3.51,213800
2015-03-13,3.48,3.51,3.34,3.41,277804
2015-03-16,3.45,3.46,3.31,3.33,221641
2015-03-17,3.32,3.37,3.2,3.22,321954
2015-03-18,3.21,3.4,3.1,3.32,350362
2015-03-19,3.33,3.62,3.26,3.62,289444
2015-03-20,3.65,3.65,3.44,3.53,403400
2015-03-23,3.5,3.61,3.45,3.49,244256
2015-03-24,3.49,3.85,3.49,3.76,438657
2015-03-25,3.75,3.84,3.68,3.77,439653
2015-03-26,3.74,3.79,3.58,3.62,283604
2015-03-27,3.61,3.71,3.56,3.63,193600
2015-03-30,3.63,3.69,3.59,3.65,118868
2015-03-31,3.66,3.89,3.62,3.63,152761
2015-04-01,3.59,3.66,3.51,3.65,179957
2015-04-02,3.64,3.65,3.52,3.54,205027
2015-04-06,3.49,3.63,3.48,3.51,146580
2015-04-07,3.5,3.52,3.38,3.46,218163
2015-04-08,3.46,3.59,3.46,3.56,162232
2015-04-09,3.54,3.58,3.45,3.49,160613
2015-04-10,3.52,3.58,3.46,3.47,75266
2015-04-13,3.46,3.52,3.42,3.5,72280
2015-04-14,3.5,3.5,3.41,3.45,121168
2015-04-15,3.47,3.56,3.47,3.52,206341
2015-04-16,3.51,3.52,3.44,3.45,230277
2015-04-17,3.43,3.46,3.15,3.2,541226
2015-04-20,3.23,3.37,3.22,3.31,119884
2015-04-21,3.35,3.36,3.27,3.31,74866
2015-04-22,3.29,3.29,3.17,3.26,109265
2015-04-23,3.26,3.34,3.22,3.33,192757
2015-04-24,3.35,3.39,3.27,3.34,130834
2015-04-27,3.36,3.42,3.32,3.4,199825
2015-04-28,3.41,3.44,3.38,3.4,239965
2015-04-29,3.4,3.44,3.36,3.4,334101
2015-04-30,3.4,3.41,3.3,3.31,160445
2015-05-01,3.3,3.37,3.2,3.24,164842
2015-05-04,3.26,3.26,3.2,3.21,165851
2015-05-05,3.2,3.31,3.19,3.3,314878
2015-05-06,3.33,3.33,3.23,3.28,106095
2015-05-07,3.25,3.42,3.25,3.42,284134
2015-05-08,3.24,3.24,2.9,2.91,1137702
2015-05-11,2.93,3.03,2.91,2.96,218451
2015-05-12,2.97,2.97,2.82,2.91,556670
2015-05-13,2.9,2.97,2.82,2.89,220555
2015-05-14,2.91,3.01,2.83,2.9,334995
2015-05-15,2.91,2.93,2.84,2.85,338762
2015-05-18,2.85,2.94,2.81,2.9,288744
2015-05-19,2.9,2.91,2.75,2.83,749496
2015-05-20,2.82,2.89,2.77,2.83,211366
2015-05-21,2.84,2.86,2.74,2.82,260129
2015-05-22,2.8,2.87,2.75,2.87,546155
2015-05-26,2.87,2.9,2.75,2.78,207763
2015-05-27,2.77,2.78,2.67,2.75,358423
2015-05-28,2.76,2.79,2.63,2.65,458250
2015-05-29,2.64,2.7,2.5,2.6,364638
2015-06-01,2.6,2.62,2.48,2.48,230826
2015-06-02,2.48,2.53,2.44,2.5,184235
2015-06-03,2.51,2.58,2.51,2.52,165927
2015-06-04,2.5,2.57,2.47,2.48,159750
2015-06-05,2.47,2.54,2.4,2.53,238966
2015-06-08,2.51,2.54,2.4,2.4,207186
2015-06-09,2.36,2.4,1.79,1.89,2396410
2015-06-10,1.88,2.0,1.88,1.94,702798
2015-06-11,1.97,2.01,1.89,1.92,860234
2015-06-12,1.93,2.0,1.93,2.0,645333
2015-06-15,1.98,1.99,1.93,1.97,911184
2015-06-16,1.97,1.98,1.94,1.97,991550
2015-06-17,1.97,1.98,1.94,1.97,286649
2015-06-18,1.97,2.07,1.97,2.06,513351
2015-06-19,2.05,2.08,2.01,2.02,488556
2015-06-22,2.02,2.07,2.0,2.01,626720
2015-06-23,2.0,2.14,2.0,2.12,532143
2015-06-24,2.09,2.16,2.04,2.1,395373
2015-06-25,2.12,2.12,2.02,2.04,279004
2015-06-26,2.04,2.09,2.02,2.09,630754
2015-06-29,2.07,2.07,1.97,2.0,446895
2015-06-30,2.03,2.05,2.0,2.0,401007
2015-07-01,2.01,2.02,1.94,1.96,265555
2015-07-02,1.97,2.0,1.97,1.99,116398
2015-07-06,2.0,2.05,1.94,2.0,246819
2015-07-07,1.99,2.02,1.95,2.0,177285
2015-07-08,1.97,2.04,1.95,1.97,208195
2015-07-09,2.0,2.02,1.99,2.0,102649
2015-07-10,2.02,2.06,1.97,2.03,129863
2015-07-13,2.03,2.14,2.03,2.12,181473
2015-07-14,2.11,2.15,2.07,2.13,203964
2015-07-15,2.15,2.15,2.02,2.03,183101
2015-07-16,2.03,2.07,2.02,2.05,140755
2015-07-17,2.06,2.09,2.01,2.02,119228
2015-07-20,2.01,2.06,1.93,2.04,577171
2015-07-21,2.03,2.03,1.95,1.95,162895
2015-07-22,1.93,1.97,1.88,1.89,300110
2015-07-23,1.9,1.95,1.89,1.89,125745
2015-07-24,1.87,1.94,1.78,1.8,237289
2015-07-27,1.76,1.85,1.76,1.83,191429
2015-07-28,1.85,1.85,1.81,1.83,83947
2015-07-29,1.83,1.89,1.82,1.82,82790
2015-07-30,1.82,1.9,1.81,1.88,97869
2015-07-31,1.89,1.89,1.8,1.84,110872
2015-08-03,1.83,1.84,1.73,1.78,264622
2015-08-04,1.79,1.83,1.75,1.78,136617
2015-08-05,1.79,1.82,1.79,1.81,66884
2015-08-06,1.81,1.89,1.77,1.81,127335
2015-08-07,1.79,1.88,1.79,1.81,97570
2015-08-10,1.83,1.87,1.79,1.86,121710
2015-08-11,1.9,1.92,1.82,1.88,151248
2015-08-12,1.83,1.9,1.81,1.89,131121
2015-08-13,1.88,1.92,1.87,1.88,72259
2015-08-14,1.86,1.9,1.82,1.85,107697
2015-08-17,1.83,1.9,1.83,1.86,86235
2015-08-18,1.84,1.84,1.78,1.8,99843
2015-08-19,1.78,1.85,1.78,1.84,154326
2015-08-20,1.82,1.87,1.81,1.82,116204
2015-08-21,1.8,1.83,1.74,1.81,322557
2015-08-24,1.74,1.74,1.71,1.75,242739
2015-08-25,1.78,1.8,1.68,1.71,360494
2015-08-26,1.75,1.75,1.68,1.72,170442
2015-08-27,1.75,1.92,1.72,1.87,284222
2015-08-28,1.36,1.54,1.24,1.35,3851159
2015-08-31,1.37,1.38,1.25,1.37,1283615
2015-09-01,1.37,1.37,1.26,1.27,662720
2015-09-02,1.28,1.31,1.23,1.24,637086
2015-09-03,1.25,1.28,1.2,1.22,600990
2015-09-04,1.2,1.22,1.12,1.17,705238
2015-09-08,1.16,1.22,1.16,1.19,357436
2015-09-09,1.14,1.22,1.1,1.18,449474
2015-09-10,1.15,1.17,1.09,1.1,635907
2015-09-11,1.1,1.1,1.02,1.06,1738146
2015-09-14,1.07,1.07,1.01,1.07,350707
2015-09-15,1.08,1.09,1.04,1.07,341358
2015-09-16,1.06,1.13,1.04,1.1,429691
2015-09-17,1.09,1.18,1.09,1.17,385972
2015-09-18,1.15,1.17,1.05,1.07,1125408
2015-09-21,1.09,1.11,1.04,1.06,304214
2015-09-22,1.02,1.05,1.01,1.02,258418
2015-09-23,1.01,1.03,0.96,0.97,485019
2015-09-24,0.97,1.05,0.95,1.02,370720
2015-09-25,1.01,1.04,0.97,0.99,277993
2015-09-28,0.98,1.04,0.93,0.94,312685
2015-09-29,0.93,0.97,0.93,0.95,68164
2015-09-30,0.96,1.01,0.94,0.94,211770
2015-10-01,0.95,1.01,0.95,0.98,85121
2015-10-02,1.0,1.12,0.98,1.05,436991
2015-10-05,1.08,1.13,1.08,1.12,393946
2015-10-06,1.11,1.18,1.1,1.14,298306
2015-10-07,1.13,1.16,1.12,1.14,237952
2015-10-08,1.14,1.24,1.12,1.2,526640
2015-10-09,1.2,1.26,1.13,1.19,443238
2015-10-12,1.21,1.21,1.07,1.09,286387
2015-10-13,1.1,1.1,1.03,1.05,90079
2015-10-14,1.04,1.06,0.99,1.04,371576
2015-10-15,1.05,1.1,1.0,1.1,161034
2015-10-16,1.11,1.12,1.05,1.1,87981
2015-10-19,1.1,1.13,1.08,1.12,230002
2015-10-20,1.14,1.17,1.11,1.15,253800
2015-10-21,1.15,1.19,1.1,1.1,111731
2015-10-22,1.1,1.16,1.08,1.14,172699
2015-10-23,1.14,1.17,1.07,1.08,162101
2015-10-26,1.09,1.1,1.05,1.07,109864
2015-10-27,1.07,1.07,1.03,1.06,131764
2015-10-28,1.05,1.13,1.03,1.13,125949
2015-10-29,1.12,1.15,1.1,1.15,117289
2015-10-30,1.15,1.15,1.09,1.11,128465
2015-11-02,1.1,1.1,1.05,1.08,109164
2015-11-03,1.07,1.15,1.07,1.15,226305
2015-11-04,1.15,1.16,1.13,1.15,238596
2015-11-05,1.13,1.13,1.05,1.08,656678
2015-11-06,1.07,1.09,1.05,1.09,109396
2015-11-09,1.09,1.09,1.04,1.04,55183
2015-11-10,1.05,1.09,1.03,1.06,207457
2015-11-11,1.08,1.08,0.93,0.97,615923
2015-11-12,0.97,0.99,0.94,0.95,155127
2015-11-13,0.89,0.89,0.52,0.57,3997530
2015-11-16,0.57,0.58,0.5,0.57,1467392
2015-11-17,0.57,0.57,0.48,0.49,1611302
2015-11-18,0.51,0.52,0.47,0.5,694259
2015-11-19,0.5,0.52,0.45,0.47,1125216
2015-11-20,0.48,0.49,0.4,0.41,1219754
2015-11-23,0.39,0.43,0.39,0.42,1632646
2015-11-24,0.43,0.46,0.42,0.45,870863
2015-11-25,0.46,0.47,0.42,0.43,1235677
2015-11-27,0.44,0.46,0.43,0.43,347077
2015-11-30,0.44,0.52,0.42,0.46,993481
2015-12-01,0.47,0.48,0.44,0.47,492330
2015-12-02,0.47,0.47,0.44,0.45,684559
2015-12-03,0.46,0.47,0.43,0.44,448753
2015-12-04,0.43,0.45,0.43,0.44,607666
2015-12-07,0.45,0.49,0.43,0.47,1027361
2015-12-08,0.44,0.48,0.44,0.48,452764
2015-12-09,0.48,0.67,0.46,0.63,2703124
2015-12-10,0.64,0.64,0.58,0.61,806802
2015-12-11,0.58,0.62,0.54,0.6,839682
2015-12-14,0.56,0.6,0.55,0.55,756118
2015-12-15,0.54,0.57,0.48,0.53,1049318
2015-12-16,0.52,0.62,0.52,0.59,866206
2015-12-17,0.58,0.6,0.58,0.59,125895
2015-12-18,0.59,0.6,0.54,0.58,210703
2015-12-21,0.58,0.59,0.55,0.55,320894
2015-12-22,0.58,0.58,0.55,0.57,207048
2015-12-23,0.57,0.58,0.53,0.55,576987
2015-12-24,0.56,0.58,0.54,0.55,121267
2015-12-28,0.56,0.57,0.52,0.54,289065
2015-12-29,0.55,0.56,0.52,0.55,667219
2015-12-30,0.55,0.6,0.55,0.58,670294
2015-12-31,0.58,0.6,0.55,0.56,318316
2016-01-04,0.57,0.59,0.53,0.56,242955
2016-01-05,0.56,0.58,0.53,0.55,181372
2016-01-06,0.54,0.57,0.51,0.51,246855
2016-01-07,0.51,0.52,0.48,0.48,433320
2016-01-08,0.48,0.54,0.45,0.46,306380
2016-01-11,0.47,0.49,0.45,0.46,191049
2016-01-12,0.47,0.5,0.44,0.45,199653
2016-01-13,0.44,0.48,0.44,0.44,178426
2016-01-14,0.45,0.48,0.4,0.43,250539
2016-01-15,0.43,0.44,0.39,0.42,227185
2016-01-19,0.45,0.48,0.43,0.43,130104
2016-01-20,0.42,0.45,0.39,0.41,212337
2016-01-21,0.42,0.43,0.37,0.38,326313
2016-01-22,0.39,0.4,0.38,0.39,599095
2016-01-25,0.41,0.42,0.38,0.38,177999
2016-01-26,0.39,0.4,0.38,0.39,482790
2016-01-27,0.39,0.39,0.38,0.38,77336
2016-01-28,0.39,0.41,0.37,0.38,171767
2016-01-29,0.41,0.41,0.37,0.39,316946
2016-02-01,0.4,0.4,0.29,0.32,1504358
2016-02-02,0.33,0.4,0.33,0.39,415413
2016-02-03,0.4,0.43,0.39,0.4,228120
2016-02-04,0.4,0.41,0.38,0.38,212465
2016-02-05,0.39,0.42,0.35,0.35,333043
2016-02-08,0.36,0.4,0.35,0.37,227294
2016-02-09,0.38,0.41,0.33,0.37,660704
2016-02-10,0.35,0.36,0.33,0.33,209365
2016-02-11,0.33,0.38,0.33,0.35,138461
2016-02-12,0.36,0.36,0.34,0.35,95851
2016-02-16,0.38,0.46,0.38,0.44,471710
2016-02-17,0.43,0.48,0.42,0.46,441261
2016-02-18,0.47,0.47,0.39,0.45,189217
2016-02-19,0.47,0.47,0.39,0.41,447046
2016-02-22,0.42,0.47,0.41,0.41,367511
2016-02-23,0.41,0.45,0.41,0.44,185518
2016-02-24,0.44,0.46,0.42,0.44,149996
2016-02-25,0.45,0.45,0.41,0.43,292997
2016-02-26,0.44,0.48,0.43,0.47,324397
2016-02-29,0.46,0.47,0.45,0.46,313153
2016-03-01,0.46,0.47,0.44,0.46,164179
2016-03-02,0.46,0.47,0.44,0.47,290556
2016-03-03,0.45,0.48,0.45,0.47,402230
2016-03-04,0.48,0.5,0.46,0.47,668701
2016-03-07,0.48,0.76,0.46,0.73,2016658
2016-03-08,0.76,0.79,0.64,0.64,862725
2016-03-09,0.65,0.79,0.64,0.67,683551
2016-03-10,0.7,0.7,0.62,0.62,382632
2016-03-11,0.62,0.68,0.6,0.64,229688
2016-03-14,0.6,0.67,0.6,0.64,302729
2016-03-15,0.61,0.67,0.61,0.62,136408
2016-03-16,0.61,0.65,0.6,0.62,156119
2016-03-17,0.61,0.64,0.6,0.62,261403
2016-03-18,0.65,0.66,0.53,0.53,963281
2016-03-21,0.5,0.53,0.49,0.52,268830
2016-03-22,0.5,0.52,0.48,0.52,301575
2016-03-23,0.51,0.58,0.5,0.52,410748
2016-03-24,0.53,0.57,0.52,0.54,179495
2016-03-28,0.54,0.55,0.53,0.54,84364
2016-03-29,0.55,0.55,0.53,0.55,162536
2016-03-30,0.56,0.58,0.56,0.57,440947
2016-03-31,0.57,0.58,0.53,0.55,173508
2016-04-01,0.55,0.58,0.53,0.55,161897
2016-04-04,0.52,0.57,0.52,0.55,969446
2016-04-05,0.55,0.57,0.55,0.56,745816
2016-04-06,0.57,0.64,0.57,0.62,257374
2016-04-07,0.6,0.62,0.6,0.6,70850
2016-04-08,0.6,0.62,0.6,0.6,116507
2016-04-11,0.6,0.62,0.56,0.56,203599
2016-04-12,0.56,0.62,0.56,0.59,61557
2016-04-13,0.57,0.61,0.56,0.61,168826
2016-04-14,0.62,0.64,0.56,0.58,262384
2016-04-15,0.57,0.6,0.55,0.57,114888
2016-04-18,0.58,0.63,0.58,0.61,245382
2016-04-19,0.61,0.64,0.61,0.62,129193
2016-04-20,0.61,0.62,0.59,0.6,127411
2016-04-21,0.6,0.62,0.59,0.6,111575
2016-04-22,0.6,0.62,0.6,0.6,195291
2016-04-25,0.6,0.6,0.58,0.59,45272
2016-04-26,0.59,0.62,0.59,0.6,394614
2016-04-27,0.6,0.6,0.58,0.59,58096
2016-04-28,0.6,0.6,0.58,0.58,78636
2016-04-29,0.56,0.59,0.53,0.56,239980
2016-05-02,0.57,0.58,0.52,0.52,233332
2016-05-03,0.52,0.57,0.52,0.56,815986
2016-05-04,0.58,0.6,0.53,0.55,170743
2016-05-05,0.57,0.58,0.55,0.55,101803
2016-05-06,0.55,0.58,0.34,0.38,1955127
2016-05-09,0.39,0.44,0.36,0.37,814246
2016-05-10,0.36,0.4,0.36,0.38,295090
2016-05-11,0.37,0.4,0.33,0.35,592369
2016-05-12,0.35,0.38,0.34,0.34,223629
2016-05-13,0.35,0.37,0.34,0.35,206981
2016-05-16,0.36,0.37,0.34,0.36,68407
2016-05-17,0.36,0.38,0.34,0.35,215693
2016-05-18,0.35,0.37,0.34,0.36,143320
2016-05-19,0.36,0.36,0.34,0.35,94241
2016-05-20,0.36,0.36,0.33,0.36,226894
2016-05-23,0.36,0.36,0.34,0.35,132792
2016-05-24,0.36,0.36,0.34,0.35,126340
2016-05-25,0.35,0.36,0.34,0.35,192677
