Date,Open,High,Low,Close,Volume
2000-06-30,19.19,19.25,18.88,19.25,47300
2000-07-03,19.12,19.25,19.06,19.12,24500
2000-07-05,19.25,19.25,19.0,19.12,45700
2000-07-06,19.06,19.31,19.0,19.06,38600
2000-07-07,19.06,19.38,19.0,19.0,42500
2000-07-10,19.0,19.12,18.88,19.0,32900
2000-07-11,19.19,19.25,19.0,19.25,32400
2000-07-12,19.19,19.5,19.12,19.25,44100
2000-07-13,19.38,19.5,19.12,19.31,30900
2000-07-14,19.19,19.44,19.12,19.12,21400
2000-07-17,19.25,19.62,19.12,19.12,30400
2000-07-18,19.25,19.25,19.0,19.06,23600
2000-07-19,19.06,19.19,19.0,19.0,25900
2000-07-20,19.06,19.25,19.0,19.19,27700
2000-07-21,19.25,19.25,19.0,19.0,20500
2000-07-24,18.69,18.69,17.44,18.0,352100
2000-07-25,17.88,18.12,17.75,17.94,143300
2000-07-26,17.94,18.12,17.94,18.12,148700
2000-07-27,18.12,18.31,17.75,17.75,154600
2000-07-28,17.75,17.88,17.69,17.81,158000
2000-07-31,17.69,17.94,17.56,17.81,150200
2000-08-01,17.81,18.0,17.81,17.94,45800
2000-08-02,17.94,18.0,17.75,17.81,79700
2000-08-03,17.81,17.94,17.75,17.88,59300
2000-08-04,17.88,18.25,17.75,18.12,97300
2000-08-07,18.06,18.25,18.0,18.19,35000
2000-08-08,18.12,18.25,17.88,18.06,88000
2000-08-09,17.94,18.38,17.88,18.38,92600
2000-08-10,18.44,18.44,18.12,18.25,36700
2000-08-11,18.06,18.38,18.0,18.38,34800
2000-08-14,18.38,18.44,18.19,18.38,36300
2000-08-15,18.44,19.19,18.25,18.94,150100
2000-08-16,19.12,19.12,18.88,18.94,54400
2000-08-17,18.94,18.94,18.44,18.5,26100
2000-08-18,18.31,18.31,18.0,18.0,40600
2000-08-21,17.94,18.25,17.88,18.25,39800
2000-08-22,18.0,18.25,17.94,18.19,30300
2000-08-23,18.12,18.38,17.94,18.0,31500
2000-08-24,18.0,18.19,17.94,18.19,20500
2000-08-25,18.0,18.12,17.94,17.94,33200
2000-08-28,0.0,18.12,17.81,17.88,69000
2000-08-29,18.06,18.12,17.88,18.0,147300
2000-08-30,18.06,18.12,17.81,17.88,66000
2000-08-31,17.81,18.12,17.81,18.0,49300
2000-09-01,18.06,18.19,17.94,18.0,41100
2000-09-05,17.88,18.12,17.75,17.94,64300
2000-09-06,17.94,18.44,17.94,18.12,58200
2000-09-07,18.06,18.25,18.0,18.12,52600
2000-09-08,18.06,18.19,18.0,18.0,23700
2000-09-11,18.19,18.19,18.0,18.0,36300
2000-09-12,18.0,18.19,18.0,18.12,52500
2000-09-13,18.12,18.12,18.0,18.12,38400
2000-09-14,18.0,18.12,18.0,18.12,35000
2000-09-15,18.06,18.19,18.0,18.06,36700
2000-09-18,18.0,18.19,18.0,18.0,32700
2000-09-19,18.06,18.19,18.0,18.0,32400
2000-09-20,18.06,18.12,18.0,18.0,42100
2000-09-21,18.0,18.19,18.0,18.12,38000
2000-09-22,18.06,18.19,18.0,18.06,38000
2000-09-25,18.0,18.12,18.0,18.06,51800
2000-09-26,18.06,18.25,18.0,18.12,77800
2000-09-27,18.12,18.19,17.94,18.06,330000
2000-09-28,18.06,18.31,18.0,18.25,48600
2000-09-29,18.31,18.5,18.25,18.44,24700
2000-10-02,18.12,18.38,18.0,18.12,22500
2000-10-03,18.19,18.25,18.06,18.19,33200
2000-10-04,18.25,18.38,18.0,18.0,46900
2000-10-05,18.0,18.12,17.88,18.0,46100
2000-10-06,17.94,18.12,17.94,18.06,28600
2000-10-09,18.0,18.12,18.0,18.0,33200
2000-10-10,18.0,18.12,17.88,18.0,44900
2000-10-11,18.0,18.12,17.81,17.81,51300
2000-10-12,17.94,18.0,17.75,17.94,59500
2000-10-13,17.94,18.0,17.81,17.88,42900
2000-10-16,17.88,18.0,17.75,17.94,27400
2000-10-17,17.88,18.06,17.75,17.81,36200
2000-10-18,17.81,18.0,17.62,17.62,56700
2000-10-19,17.75,17.88,17.62,17.75,52500
2000-10-20,17.75,17.81,17.62,17.69,39900
2000-10-23,17.69,18.0,17.69,18.0,33700
2000-10-24,17.88,18.0,17.75,17.94,20000
2000-10-25,18.0,18.0,17.75,17.94,13000
2000-10-26,17.94,17.94,17.75,17.81,41100
2000-10-27,17.75,17.94,17.75,17.81,45700
2000-10-30,17.88,18.0,17.81,17.94,26600
2000-10-31,17.81,17.94,17.75,17.81,32400
2000-11-01,17.75,17.94,17.75,17.81,32200
2000-11-02,17.88,17.94,17.75,17.94,37700
2000-11-03,17.81,17.94,17.75,17.81,25400
2000-11-06,17.88,17.94,17.81,17.88,58400
2000-11-07,17.81,17.94,17.81,17.81,64400
2000-11-08,17.88,17.94,17.81,17.94,22600
2000-11-09,17.94,18.12,17.75,18.12,93400
2000-11-10,18.19,18.44,18.12,18.31,31100
2000-11-13,18.06,18.5,18.0,18.38,63700
2000-11-14,18.44,18.5,18.25,18.5,33500
2000-11-15,18.56,19.0,18.5,18.81,60600
2000-11-16,19.0,19.5,18.88,19.06,59500
2000-11-17,19.25,19.25,18.62,18.62,105800
2000-11-20,18.56,18.56,18.12,18.25,40500
2000-11-21,18.31,18.38,18.0,18.0,34900
2000-11-22,18.0,18.25,17.88,18.19,41800
2000-11-24,18.06,18.12,18.0,18.12,40100
2000-11-27,18.0,18.19,18.0,18.06,38100
2000-11-28,18.06,18.19,18.06,18.12,14400
2000-11-29,18.06,18.31,18.06,18.19,40400
2000-11-30,18.25,18.31,18.0,18.06,39200
2000-12-01,18.25,18.25,18.0,18.12,25300
2000-12-04,18.02,18.18,17.95,17.95,42500
2000-12-05,18.02,18.1,18.0,18.04,54500
2000-12-06,18.05,18.09,18.0,18.0,25900
2000-12-07,18.0,18.06,17.9,17.92,28300
2000-12-08,18.0,18.19,17.91,17.99,46000
2000-12-11,18.0,18.1,17.9,17.9,54500
2000-12-12,17.95,18.08,17.95,17.95,36600
2000-12-13,18.0,18.17,17.95,18.15,28100
2000-12-14,18.05,18.15,18.0,18.14,32500
2000-12-15,18.1,18.19,18.0,18.1,74700
2000-12-18,18.1,18.15,18.02,18.06,51400
2000-12-19,18.01,18.38,18.01,18.38,71300
2000-12-20,18.28,18.28,17.98,17.99,93500
2000-12-21,17.99,18.2,17.95,18.0,104300
2000-12-22,18.0,18.25,17.95,18.03,102500
2000-12-26,18.0,18.22,17.87,18.0,115600
2000-12-27,18.0,18.25,17.95,18.19,55700
2000-12-28,18.1,18.31,18.0,18.3,71200
2000-12-29,18.32,18.41,18.0,18.35,85600
2001-01-02,18.21,18.21,17.95,18.03,48300
2001-01-03,17.98,18.25,17.98,18.25,83100
2001-01-04,18.22,18.22,18.0,18.2,38100
2001-01-05,18.12,18.21,18.0,18.2,110900
2001-01-08,18.22,19.25,18.22,19.24,95800
2001-01-09,19.3,19.3,19.11,19.26,35600
2001-01-10,19.3,19.73,19.27,19.51,46000
2001-01-11,19.51,19.74,19.51,19.7,35700
2001-01-12,19.68,19.95,19.58,19.95,46700
2001-01-16,19.89,20.06,19.74,20.0,85200
2001-01-17,20.0,20.0,19.8,19.91,53600
2001-01-18,19.95,20.0,19.83,19.99,37000
2001-01-19,19.99,20.0,19.8,19.87,37600
2001-01-22,19.87,20.0,19.84,19.84,47400
2001-01-23,19.88,19.98,19.75,19.83,27500
2001-01-24,19.73,19.9,19.51,19.63,45800
2001-01-25,19.63,19.85,19.35,19.37,51200
2001-01-26,19.45,19.56,19.08,19.31,35100
2001-01-29,19.52,19.75,19.48,19.65,30100
2001-01-30,19.55,19.66,19.3,19.65,48200
2001-01-31,19.75,19.94,19.56,19.56,35800
2001-02-01,19.56,19.8,19.5,19.75,36800
2001-02-02,19.75,19.95,19.68,19.69,38500
2001-02-05,19.69,19.69,19.25,19.3,55500
2001-02-06,19.4,19.74,19.4,19.58,44100
2001-02-07,19.5,19.64,19.43,19.64,32000
2001-02-08,19.74,19.9,19.63,19.82,32500
2001-02-09,19.89,19.95,19.6,19.61,40000
2001-02-12,19.75,19.9,19.65,19.7,44900
2001-02-13,20.0,20.15,20.0,20.0,85300
2001-02-14,20.2,20.2,19.9,20.09,58200
2001-02-15,20.24,20.24,19.95,20.11,59100
2001-02-16,20.4,20.7,20.26,20.58,97700
2001-02-20,20.55,20.6,20.5,20.51,127400
2001-02-21,20.5,20.5,20.02,20.15,44200
2001-02-22,20.05,20.25,19.6,19.78,61200
2001-02-23,19.85,19.99,19.6,19.8,40900
2001-02-26,19.81,20.22,19.7,20.15,58600
2001-02-27,20.3,20.7,20.25,20.32,66200
2001-02-28,20.32,20.7,20.25,20.6,75500
2001-03-01,20.5,20.65,20.29,20.5,53700
2001-03-02,20.55,20.96,20.36,20.85,46500
2001-03-05,20.74,20.79,20.55,20.62,27200
2001-03-06,20.5,20.74,20.43,20.65,42900
2001-03-07,20.65,20.74,20.58,20.6,45500
2001-03-08,20.78,21.05,20.5,20.91,48400
2001-03-09,21.16,21.48,20.86,21.27,80000
2001-03-12,21.27,21.35,21.0,21.01,63600
2001-03-13,21.01,21.4,20.9,21.15,39300
2001-03-14,21.0,21.03,20.63,20.75,53300
2001-03-15,20.7,20.9,20.6,20.6,39300
2001-03-16,20.61,20.95,20.5,20.66,23800
2001-03-19,20.8,20.98,20.66,20.78,33300
2001-03-20,20.6,20.99,20.5,20.76,39000
2001-03-21,20.85,20.9,20.66,20.71,25200
2001-03-22,20.6,20.75,20.21,20.25,30900
2001-03-23,20.1,20.45,20.01,20.4,54700
2001-03-26,20.5,20.7,20.5,20.64,20900
2001-03-27,20.5,21.0,20.5,21.0,39900
2001-03-28,20.95,20.99,20.85,20.96,24200
2001-03-29,20.9,21.95,20.77,21.74,67900
2001-03-30,21.74,22.25,21.5,22.2,43600
2001-04-02,21.75,21.76,20.94,21.19,55300
2001-04-03,20.94,21.42,20.31,20.7,58900
2001-04-04,20.8,20.95,20.5,20.56,23500
2001-04-05,20.55,21.3,20.43,21.1,33900
2001-04-06,20.85,21.1,20.3,21.1,49700
2001-04-09,20.85,20.85,20.21,20.22,66500
2001-04-10,20.2,20.56,19.7,20.45,82900
2001-04-11,20.51,20.85,20.15,20.16,47900
2001-04-12,20.15,21.08,20.01,20.5,55400
2001-04-16,20.5,20.89,20.2,20.3,29800
2001-04-17,20.2,20.63,20.1,20.62,30200
2001-04-18,20.75,21.0,20.5,21.0,26600
2001-04-19,20.9,20.99,20.7,20.92,21000
2001-04-20,21.0,21.0,20.55,20.98,26300
2001-04-23,20.98,21.24,20.75,20.78,20900
2001-04-24,20.7,20.99,20.61,20.94,36800
2001-04-25,20.9,21.02,20.7,20.92,37300
2001-04-26,20.9,21.0,20.86,20.98,30900
2001-04-27,21.02,21.15,21.0,21.0,25600
2001-04-30,21.25,21.3,21.0,21.29,33600
2001-05-01,21.3,21.75,21.3,21.7,39100
2001-05-02,21.85,22.0,21.6,21.75,62400
2001-05-03,21.75,22.0,21.61,21.85,23300
2001-05-04,21.75,21.98,21.75,21.8,26400
2001-05-07,21.7,22.0,21.61,21.9,54300
2001-05-08,21.9,21.9,21.57,21.63,77600
2001-05-09,21.55,21.79,21.05,21.28,60900
2001-05-10,21.5,21.79,21.15,21.29,41500
2001-05-11,21.35,21.35,21.05,21.24,30800
2001-05-14,21.25,21.36,21.13,21.27,49100
2001-05-15,21.52,21.73,21.4,21.66,36800
2001-05-16,21.8,22.07,21.6,22.0,81100
2001-05-17,22.15,22.25,22.01,22.1,48800
2001-05-18,22.05,22.24,22.0,22.23,39800
2001-05-21,22.4,22.66,22.29,22.45,46200
2001-05-22,22.55,22.6,22.5,22.6,24200
2001-05-23,22.5,22.8,22.5,22.8,22000
2001-05-24,22.8,22.85,22.6,22.81,37900
2001-05-25,22.82,23.0,22.78,22.91,45000
2001-05-29,23.1,23.5,23.0,23.05,52100
2001-05-30,22.7,22.9,22.6,22.79,36600
2001-05-31,22.75,22.84,22.63,22.8,20700
2001-06-01,22.85,23.06,22.81,22.95,27300
2001-06-04,22.0,22.49,22.0,22.44,48200
2001-06-05,22.46,22.46,21.9,22.08,47900
2001-06-06,22.07,22.3,22.0,22.3,37100
2001-06-07,22.4,22.95,22.1,22.85,42100
2001-06-08,22.4,22.99,22.4,22.95,32300
2001-06-11,23.1,23.1,22.25,22.5,39600
2001-06-12,22.6,22.96,22.55,22.7,36800
2001-06-13,22.6,22.85,22.52,22.81,17200
2001-06-14,22.7,22.95,22.3,22.3,22300
2001-06-15,22.3,22.75,22.3,22.41,35400
2001-06-18,22.46,22.59,22.3,22.44,23700
2001-06-19,22.44,22.6,22.2,22.36,70300
2001-06-20,22.45,22.5,22.31,22.31,26200
2001-06-21,22.3,22.69,22.26,22.67,48100
2001-06-22,22.7,22.7,22.5,22.58,36900
2001-06-25,22.7,22.7,22.51,22.53,38400
2001-06-26,22.65,22.7,22.3,22.35,57700
2001-06-27,22.4,22.65,22.4,22.65,26900
2001-06-28,22.75,22.78,22.62,22.75,40200
2001-06-29,22.75,22.9,22.6,22.76,21600
2001-07-02,22.5,22.75,22.5,22.68,26100
2001-07-03,22.52,22.73,22.5,22.73,24500
2001-07-05,22.65,22.99,22.45,22.89,33600
2001-07-06,22.75,22.8,22.44,22.6,32400
2001-07-09,22.7,22.72,22.26,22.33,31900
2001-07-10,22.4,22.69,22.25,22.43,30000
2001-07-11,22.4,22.55,22.4,22.42,16300
2001-07-12,22.35,22.49,22.25,22.29,12700
2001-07-13,22.2,22.5,22.15,22.3,28700
2001-07-16,22.3,22.3,22.04,22.14,24700
2001-07-17,22.15,22.15,22.01,22.15,35700
2001-07-18,22.1,22.44,22.01,22.25,29400
2001-07-19,22.3,22.3,22.1,22.25,15100
2001-07-20,22.15,22.25,22.11,22.2,26300
2001-07-23,22.25,22.28,22.15,22.18,36000
2001-07-24,22.25,22.39,22.1,22.3,51000
2001-07-25,22.39,22.39,22.1,22.2,25100
2001-07-26,22.2,22.3,22.09,22.25,26700
2001-07-27,22.2,22.35,22.1,22.22,13100
2001-07-30,22.35,22.35,22.05,22.15,15300
2001-07-31,22.15,22.15,21.75,21.9,55800
2001-08-01,21.6,21.77,20.62,20.9,80300
2001-08-02,21.0,21.13,19.5,19.76,147700
2001-08-03,19.25,19.25,18.5,19.09,275500
2001-08-06,19.02,20.0,19.0,19.98,146100
2001-08-07,20.0,20.5,19.8,20.05,57400
2001-08-08,20.05,20.05,19.95,19.99,42800
2001-08-09,19.95,19.99,19.5,19.7,43700
2001-08-10,19.71,19.71,19.25,19.3,73100
2001-08-13,19.3,19.7,19.15,19.68,71200
2001-08-14,19.8,19.89,19.45,19.48,72800
2001-08-15,19.65,20.05,19.32,20.0,92200
2001-08-16,20.7,20.7,20.32,20.45,137700
2001-08-17,20.49,20.59,20.1,20.11,41600
2001-08-20,20.1,20.2,20.0,20.08,32700
2001-08-21,20.13,20.45,20.1,20.45,69100
2001-08-22,20.2,20.89,20.2,20.56,53600
2001-08-23,20.65,20.65,20.35,20.52,21900
2001-08-24,20.4,20.75,20.4,20.71,37300
2001-08-27,20.61,20.94,20.55,20.89,47700
2001-08-28,20.89,21.05,20.78,20.84,68200
2001-08-29,20.9,20.99,20.55,20.56,26500
2001-08-30,20.45,20.5,20.1,20.11,41600
2001-08-31,20.15,20.4,20.1,20.15,26600
2001-09-04,20.1,20.4,20.1,20.37,34500
2001-09-05,20.37,20.47,20.1,20.1,35400
2001-09-06,20.1,20.4,20.1,20.18,55900
2001-09-07,20.1,20.27,20.0,20.1,71300
2001-09-10,20.2,20.26,20.0,20.01,30300
2001-09-17,19.0,19.31,18.75,19.03,154500
2001-09-18,19.0,19.14,18.9,18.95,84400
2001-09-19,18.95,19.04,17.8,18.31,231800
2001-09-20,18.1,18.5,17.9,18.04,122900
2001-09-21,18.0,19.0,17.9,19.0,115100
2001-09-24,19.4,19.58,18.85,19.0,134300
2001-09-25,19.1,19.45,18.9,19.15,83300
2001-09-26,19.0,19.98,18.9,19.45,78900
2001-09-27,19.45,19.58,18.95,19.45,53100
2001-09-28,19.55,19.9,19.45,19.55,79000
2001-10-01,19.39,19.54,18.96,19.01,111700
2001-10-02,19.05,19.09,18.9,19.0,70300
2001-10-03,19.0,19.15,18.69,19.0,89600
2001-10-04,18.96,19.04,18.9,19.0,73500
2001-10-05,19.0,19.0,18.8,19.0,52300
2001-10-08,19.0,19.0,18.82,18.91,74100
2001-10-09,19.0,19.0,18.82,18.95,48400
2001-10-10,18.9,19.15,18.8,19.13,219100
2001-10-11,19.2,19.64,19.18,19.48,73600
2001-10-12,19.25,19.29,19.1,19.28,63200
2001-10-15,19.35,19.35,18.9,19.3,65600
2001-10-16,19.3,19.53,19.3,19.4,42100
2001-10-17,19.3,19.5,19.12,19.15,43000
2001-10-18,19.14,19.49,19.1,19.3,24800
2001-10-19,19.0,19.6,19.0,19.6,49900
2001-10-22,19.6,19.74,19.5,19.6,32300
2001-10-23,19.71,20.0,19.65,19.84,32500
2001-10-24,19.85,20.0,19.71,19.8,35400
2001-10-25,19.65,19.9,19.56,19.76,26600
2001-10-26,19.77,19.89,19.55,19.55,46200
2001-10-29,19.65,19.72,19.5,19.5,47300
2001-10-30,19.5,19.58,19.3,19.5,42700
2001-10-31,19.51,19.85,19.51,19.85,24700
2001-11-01,19.9,20.17,19.9,20.02,76200
2001-11-02,20.03,20.5,20.03,20.25,54100
2001-11-05,20.2,20.3,20.05,20.21,33800
2001-11-06,20.21,20.5,20.08,20.5,53800
2001-11-07,20.35,20.65,20.25,20.65,41400
2001-11-08,20.6,20.75,20.5,20.7,55700
2001-11-09,20.7,21.2,20.56,21.2,49500
2001-11-12,21.45,21.69,20.9,21.51,47600
2001-11-13,21.51,21.99,21.4,21.89,36700
2001-11-14,22.0,22.17,21.91,22.15,63400
2001-11-15,22.4,22.65,22.1,22.65,97600
2001-11-16,22.7,22.96,22.56,22.83,84000
2001-11-19,22.7,22.96,22.7,22.8,62600
2001-11-20,22.55,22.85,22.5,22.85,53800
2001-11-21,22.9,22.93,22.44,22.6,38500
2001-11-23,22.59,22.95,22.59,22.86,20900
2001-11-26,22.92,22.95,22.65,22.72,39900
2001-11-27,22.65,22.95,22.6,22.87,52900
2001-11-28,22.65,22.9,22.1,22.5,53800
2001-11-29,22.7,22.92,22.6,22.71,35100
2001-11-30,22.9,22.95,22.72,22.95,60400
2001-12-03,22.95,22.95,22.85,22.95,62300
2001-12-04,22.95,22.96,22.8,22.9,44700
2001-12-05,22.95,23.0,22.15,22.95,110100
2001-12-06,22.98,23.27,22.75,23.25,65500
2001-12-07,23.15,23.65,23.15,23.6,70000
2001-12-10,23.75,24.37,23.75,23.97,115700
2001-12-11,24.1,24.25,24.0,24.1,79600
2001-12-12,24.11,24.29,23.84,23.84,62800
2001-12-13,23.65,24.1,23.65,23.85,46000
2001-12-14,23.88,23.88,23.34,23.38,58100
2001-12-17,23.2,23.65,23.09,23.15,62000
2001-12-18,23.25,23.5,23.24,23.4,43900
2001-12-19,23.2,23.5,23.15,23.44,44300
2001-12-20,23.4,23.95,23.3,23.77,69200
2001-12-21,24.02,24.9,24.02,24.9,80300
2001-12-24,24.9,24.95,24.6,24.6,25800
2001-12-26,24.6,24.98,24.55,24.8,35500
2001-12-27,24.81,25.0,24.7,24.98,36900
2001-12-28,24.73,24.98,24.73,24.97,43400
2001-12-31,24.95,25.0,24.75,24.79,50100
2002-01-02,24.5,24.55,23.6,23.91,72700
2002-01-03,23.7,23.79,23.27,23.59,50400
2002-01-04,23.6,23.73,23.42,23.59,49900
2002-01-07,23.51,24.2,23.51,24.03,57000
2002-01-08,23.9,24.0,23.49,23.5,51200
2002-01-09,23.6,23.95,23.6,23.95,38500
2002-01-10,24.0,24.18,23.8,24.05,36000
2002-01-11,24.05,24.05,23.81,23.85,31100
2002-01-14,23.95,23.97,23.39,23.6,41600
2002-01-15,23.75,23.83,23.3,23.49,30100
2002-01-16,23.41,23.58,23.41,23.5,28300
2002-01-17,23.5,24.1,23.5,23.81,53400
2002-01-18,24.0,24.14,23.45,23.5,36200
2002-01-22,23.6,24.0,23.52,23.95,45600
2002-01-23,24.1,24.2,23.99,24.2,28200
2002-01-24,24.1,24.34,24.0,24.1,37700
2002-01-25,24.2,24.45,24.08,24.21,30900
2002-01-28,24.31,24.45,24.2,24.39,22800
2002-01-29,24.35,24.45,24.25,24.42,46900
2002-01-30,24.45,24.5,24.21,24.5,33200
2002-01-31,24.5,24.74,24.25,24.29,26600
2002-02-01,24.22,24.46,24.05,24.1,36300
2002-02-04,24.28,24.28,23.9,24.06,44100
2002-02-05,23.0,23.79,22.1,23.5,181700
2002-02-06,23.4,23.58,23.01,23.58,67100
2002-02-07,23.5,23.6,23.4,23.59,53400
2002-02-08,23.55,23.75,23.5,23.72,40400
2002-02-11,23.9,23.99,23.8,23.84,43500
2002-02-12,23.84,23.98,23.81,23.97,54400
2002-02-13,23.97,24.22,23.86,24.22,31400
2002-02-14,24.3,24.31,24.1,24.2,68700
2002-02-15,24.42,24.42,24.02,24.3,42700
2002-02-19,24.45,24.8,24.45,24.75,124800
2002-02-20,24.7,24.8,24.02,24.11,64700
2002-02-21,24.2,24.48,24.1,24.45,27700
2002-02-22,24.45,24.55,24.1,24.2,42800
2002-02-25,24.45,24.6,24.1,24.42,63900
2002-02-26,24.5,24.5,23.76,24.05,83000
2002-02-27,23.9,24.29,23.75,24.0,58600
2002-02-28,24.1,24.2,23.73,24.0,68700
2002-03-01,24.1,24.2,23.99,23.99,63800
2002-03-04,24.0,24.1,24.0,24.0,25800
2002-03-05,24.1,24.3,23.9,24.1,40500
2002-03-06,23.9,24.35,23.84,24.0,46000
2002-03-07,23.92,24.3,23.9,24.14,48400
2002-03-08,24.31,24.39,24.05,24.1,31300
2002-03-11,24.2,24.37,23.8,23.82,34400
2002-03-12,23.95,24.0,23.7,23.9,55800
2002-03-13,23.95,24.0,23.7,23.7,48000
2002-03-14,23.71,23.72,23.1,23.2,62300
2002-03-15,22.25,24.25,22.11,23.74,178600
2002-03-18,23.9,23.9,23.4,23.5,60900
2002-03-19,23.59,23.75,23.5,23.5,58000
2002-03-20,23.75,23.79,23.5,23.58,44200
2002-03-21,23.5,23.67,23.26,23.58,37800
2002-03-22,23.7,23.88,23.61,23.8,39700
2002-03-25,23.98,24.0,23.7,23.81,57300
2002-03-26,23.9,23.9,23.42,23.5,67500
2002-03-27,23.6,23.8,23.05,23.42,47200
2002-03-28,23.6,24.0,23.6,23.77,53900
2002-04-01,22.9,23.3,22.8,23.08,48900
2002-04-02,23.01,24.24,23.01,23.45,118100
2002-04-03,23.58,23.58,22.95,23.02,49000
2002-04-04,23.15,23.55,22.8,23.55,48900
2002-04-05,23.4,23.55,22.95,22.95,57300
2002-04-08,22.92,23.15,22.6,23.1,83600
2002-04-09,23.0,23.49,22.85,23.35,40000
2002-04-10,23.25,23.89,23.05,23.8,47000
2002-04-11,23.57,23.73,23.23,23.45,31400
2002-04-12,23.35,23.68,23.25,23.31,37800
2002-04-15,23.4,23.73,23.25,23.56,42600
2002-04-16,23.5,23.99,23.5,23.59,36800
2002-04-17,23.45,23.75,23.35,23.45,35100
2002-04-18,23.55,23.6,23.36,23.36,23100
2002-04-19,23.3,23.54,23.3,23.3,39000
2002-04-22,23.05,23.38,23.01,23.38,72200
2002-04-23,23.25,23.4,23.0,23.39,44800
2002-04-24,23.39,23.39,22.91,23.11,50400
2002-04-25,23.25,23.54,22.95,23.28,40300
2002-04-26,23.15,23.49,23.1,23.35,24700
2002-04-29,23.2,23.4,22.9,23.03,34900
2002-04-30,23.15,23.3,22.95,23.25,32300
2002-05-01,23.15,23.4,23.01,23.4,28100
2002-05-02,23.45,23.69,23.41,23.65,32900
2002-05-03,23.42,23.8,23.42,23.62,31900
2002-05-06,23.4,23.62,23.1,23.15,37300
2002-05-07,23.2,23.38,22.91,22.92,44200
2002-05-08,23.3,23.8,23.15,23.15,48300
2002-05-09,23.15,23.5,23.05,23.36,26500
2002-05-10,23.61,23.65,23.4,23.42,31100
2002-05-13,23.4,23.45,23.15,23.25,36200
2002-05-14,23.31,23.74,23.28,23.64,44700
2002-05-15,23.8,24.0,23.65,23.98,77600
2002-05-16,24.18,24.5,23.8,24.4,111700
2002-05-17,24.15,24.3,24.11,24.22,52100
2002-05-20,24.3,24.4,23.41,23.7,45500
2002-05-21,23.8,24.0,23.3,23.41,26500
2002-05-22,23.25,23.75,23.2,23.41,66600
2002-05-23,23.2,23.7,23.15,23.3,49200
2002-05-24,23.45,23.74,23.31,23.55,38200
2002-05-28,23.7,23.7,23.25,23.44,34900
2002-05-29,23.4,23.8,23.33,23.33,50000
2002-05-30,23.33,23.48,22.96,23.3,53200
2002-05-31,23.2,23.55,23.09,23.28,43300
2002-06-03,23.28,23.35,23.0,23.2,44400
2002-06-04,23.05,23.5,22.9,22.99,48200
2002-06-05,22.9,23.25,22.9,23.06,34300
2002-06-06,23.2,23.55,23.1,23.5,66600
2002-06-07,23.55,23.55,23.0,23.0,51100
2002-06-10,23.2,23.64,23.2,23.45,46600
2002-06-11,23.67,23.67,23.0,23.51,88600
2002-06-12,23.7,23.7,23.25,23.29,36200
2002-06-13,23.1,23.51,23.1,23.35,25300
2002-06-14,23.35,23.39,23.0,23.04,72000
2002-06-17,23.05,23.5,23.0,23.45,40800
2002-06-18,23.5,23.79,23.25,23.36,45100
2002-06-19,23.3,23.49,23.0,23.0,40900
2002-06-20,22.97,23.3,22.97,23.15,47400
2002-06-21,23.15,23.6,23.08,23.52,49300
2002-06-24,23.65,23.65,23.04,23.2,93500
2002-06-25,23.1,23.24,23.0,23.05,52800
2002-06-26,22.9,23.0,22.63,23.0,55800
2002-06-27,23.23,23.29,22.91,22.99,42100
2002-06-28,23.02,23.76,23.0,23.76,77500
2002-07-01,23.27,23.65,22.8,22.9,65100
2002-07-02,23.0,23.15,22.59,22.7,56700
2002-07-03,22.51,22.52,22.19,22.49,67900
2002-07-05,22.5,23.0,22.35,22.71,24000
2002-07-08,22.71,22.89,22.4,22.79,34200
2002-07-09,22.79,23.03,22.52,22.87,30500
2002-07-10,22.9,23.09,22.2,22.51,49800
2002-07-11,22.48,22.5,21.2,21.46,125700
2002-07-12,21.46,22.1,21.46,21.87,52200
2002-07-15,21.85,22.06,20.9,21.21,81600
2002-07-16,21.25,21.6,21.05,21.41,63600
2002-07-17,21.5,22.02,21.5,21.65,72700
2002-07-18,21.69,21.76,21.3,21.57,52900
2002-07-19,21.6,21.65,20.4,20.83,125200
2002-07-22,20.5,21.0,19.75,20.44,144800
2002-07-23,20.44,20.95,20.2,20.3,94100
2002-07-24,20.05,21.0,19.59,20.81,131800
2002-07-25,21.04,21.75,20.75,21.53,118100
2002-07-26,21.5,21.97,21.5,21.65,52800
2002-07-29,21.9,23.49,21.7,22.86,77600
2002-07-30,22.99,23.0,22.25,22.74,45000
2002-07-31,22.75,22.99,22.5,22.85,25500
2002-08-01,22.85,23.2,22.53,23.0,37500
2002-08-02,22.88,22.89,21.97,22.19,45900
2002-08-05,22.19,22.25,21.63,21.64,44200
2002-08-06,21.64,22.2,21.64,22.03,50100
2002-08-07,22.45,23.0,22.0,22.76,42200
2002-08-08,22.8,22.8,22.25,22.6,52900
2002-08-09,22.35,23.4,22.35,23.1,58000
2002-08-12,23.25,23.4,22.96,23.36,71700
2002-08-13,22.1,22.69,21.3,22.55,434500
2002-08-14,22.55,22.98,21.99,22.98,121000
2002-08-15,23.51,23.8,22.95,23.7,152300
2002-08-16,23.85,23.99,23.5,23.91,139400
2002-08-19,23.75,24.0,23.75,23.91,83200
2002-08-20,23.6,23.86,23.36,23.86,40900
2002-08-21,23.66,23.95,23.5,23.95,36700
2002-08-22,23.95,24.0,23.55,23.9,31100
2002-08-23,23.9,23.9,23.42,23.65,23600
2002-08-26,23.65,23.85,23.31,23.79,33200
2002-08-27,23.79,24.25,23.5,23.85,109400
2002-08-28,23.7,23.93,23.7,23.85,32900
2002-08-29,23.4,23.4,22.37,23.08,141000
2002-08-30,23.08,23.44,22.9,23.35,48000
2002-09-03,23.35,23.35,22.88,22.95,56600
2002-09-04,22.85,23.4,22.75,23.29,41200
2002-09-05,22.85,23.3,22.85,23.11,18600
2002-09-06,23.2,23.5,22.91,23.45,30600
2002-09-09,23.35,23.5,23.14,23.49,39800
2002-09-10,23.34,23.69,23.3,23.69,33900
2002-09-11,23.87,23.95,23.73,23.93,27600
2002-09-12,23.93,23.93,23.1,23.25,34800
2002-09-13,23.5,23.94,23.35,23.89,37100
2002-09-16,23.85,24.0,23.85,23.99,41300
2002-09-17,23.8,24.04,23.8,23.89,35400
2002-09-18,24.0,24.0,23.5,23.75,30300
2002-09-19,23.7,23.88,23.42,23.5,25000
2002-09-20,23.5,23.9,23.5,23.75,23800
2002-09-23,23.55,23.56,23.26,23.47,106900
2002-09-24,23.2,23.49,23.0,23.39,49100
2002-09-25,23.3,23.5,23.15,23.5,54900
2002-09-26,23.5,23.54,23.31,23.53,41700
2002-09-27,23.65,23.85,23.65,23.8,126600
2002-09-30,23.7,23.75,23.3,23.38,59800
2002-10-01,23.0,23.04,22.58,22.86,70500
2002-10-02,22.7,22.75,22.52,22.65,50700
2002-10-03,22.7,22.7,22.25,22.35,45100
2002-10-04,22.4,22.4,21.58,21.6,89200
2002-10-07,21.5,21.55,20.8,20.97,75100
2002-10-08,21.1,21.1,20.75,20.85,90000
2002-10-09,20.9,20.9,20.2,20.4,104500
2002-10-10,20.6,20.6,20.01,20.3,75700
2002-10-11,20.3,21.2,20.3,21.09,49900
2002-10-14,21.09,21.1,20.8,21.1,50800
2002-10-15,21.2,22.35,21.2,22.02,67400
2002-10-16,22.12,22.28,21.85,22.06,52500
2002-10-17,22.16,22.65,22.11,22.16,39800
2002-10-18,22.16,22.45,21.92,22.45,29200
2002-10-21,22.42,22.51,22.1,22.51,34600
2002-10-22,22.76,22.76,22.45,22.65,27800
2002-10-23,22.55,23.0,22.51,22.9,41000
2002-10-24,22.85,23.35,22.8,22.9,33000
2002-10-25,22.9,23.15,22.7,23.02,28200
2002-10-28,23.1,23.19,22.7,22.7,24900
2002-10-29,22.7,22.78,22.6,22.7,20400
2002-10-30,22.65,23.1,22.65,22.97,37700
2002-10-31,22.9,23.1,22.81,22.95,25600
2002-11-01,22.8,22.9,22.75,22.8,36100
2002-11-04,22.8,22.94,22.6,22.65,66500
2002-11-05,22.55,22.94,22.51,22.9,70300
2002-11-06,22.7,23.0,22.51,22.98,44800
2002-11-07,23.0,23.1,22.56,22.65,41700
2002-11-08,22.6,22.9,22.52,22.6,48600
2002-11-11,22.65,23.09,22.6,22.75,37900
2002-11-12,22.9,23.14,22.66,22.9,53800
2002-11-13,23.0,23.08,22.65,22.7,82200
2002-11-14,22.95,22.95,22.66,22.8,81900
2002-11-15,22.8,23.0,22.5,23.0,101000
2002-11-18,23.25,23.64,23.05,23.64,113400
2002-11-19,23.61,23.75,23.56,23.73,85500
2002-11-20,23.6,23.74,23.35,23.43,40600
2002-11-21,23.35,23.75,23.35,23.59,49400
2002-11-22,23.55,23.75,23.45,23.65,35100
2002-11-25,23.73,23.75,23.6,23.74,76500
2002-11-26,23.6,23.75,23.5,23.55,49800
2002-11-27,23.55,23.65,23.2,23.59,89600
2002-11-29,23.6,23.6,23.21,23.49,17900
2002-12-02,23.49,23.52,22.76,22.99,80100
2002-12-03,22.94,22.99,22.75,22.98,59800
2002-12-04,22.95,23.21,22.82,23.07,54500
2002-12-05,23.1,23.28,22.7,22.99,136500
2002-12-06,23.0,23.32,22.93,23.19,35900
2002-12-09,23.3,23.35,23.01,23.1,24800
2002-12-10,23.1,23.5,23.0,23.45,43700
2002-12-11,23.4,23.6,23.3,23.54,35900
2002-12-12,23.59,23.6,23.35,23.56,25500
2002-12-13,23.58,23.6,23.3,23.51,31000
2002-12-16,23.58,23.6,23.42,23.5,70900
2002-12-17,23.4,23.45,23.15,23.25,40000
2002-12-18,23.13,23.3,23.01,23.3,35600
2002-12-19,23.3,23.48,23.07,23.35,53900
2002-12-20,23.3,23.4,23.16,23.21,54600
2002-12-23,23.1,23.54,23.07,23.34,81400
2002-12-24,23.38,23.4,23.24,23.35,33800
2002-12-26,23.38,23.49,23.3,23.49,31800
2002-12-27,23.24,23.44,23.2,23.34,51800
2002-12-30,23.3,23.33,23.0,23.25,76700
2002-12-31,23.5,23.6,23.35,23.6,50100
2003-01-02,23.3,23.6,23.23,23.5,59100
2003-01-03,23.5,23.64,23.31,23.5,30900
2003-01-06,23.58,23.7,23.51,23.7,99700
2003-01-07,23.85,23.89,23.65,23.78,67400
2003-01-08,23.7,23.75,23.5,23.53,40100
2003-01-09,23.55,23.6,23.3,23.3,57400
2003-01-10,23.4,23.48,23.0,23.4,111600
2003-01-13,23.55,23.6,23.4,23.59,50900
2003-01-14,23.55,23.7,23.3,23.6,70500
2003-01-15,23.65,23.78,23.5,23.65,50300
2003-01-16,23.65,23.65,23.35,23.35,70500
2003-01-17,23.42,23.54,22.8,23.05,83100
2003-01-21,23.2,23.35,23.06,23.23,59500
2003-01-22,23.34,23.34,23.15,23.28,62700
2003-01-23,23.28,23.46,23.27,23.45,55000
2003-01-24,23.55,23.55,23.4,23.45,52300
2003-01-27,23.45,23.55,22.99,22.99,64400
2003-01-28,23.05,23.08,22.76,22.9,126200
2003-01-29,22.85,22.95,22.74,22.74,82900
2003-01-30,22.75,22.8,22.66,22.75,51500
2003-01-31,22.8,22.94,22.65,22.8,29100
2003-02-03,22.9,23.22,22.86,23.19,48200
2003-02-04,23.1,23.1,22.8,23.0,48400
2003-02-05,23.25,23.35,23.02,23.08,40900
2003-02-06,23.08,23.1,22.95,22.98,36900
2003-02-07,23.03,23.3,22.97,23.0,41100
2003-02-10,23.1,23.7,23.05,23.69,58800
2003-02-11,23.99,23.99,23.55,23.71,44000
2003-02-12,23.68,23.83,23.5,23.51,36600
2003-02-13,23.55,23.7,23.26,23.4,45500
2003-02-14,23.65,23.65,23.45,23.5,115700
2003-02-18,23.85,23.98,23.61,23.98,94400
2003-02-19,23.88,23.95,23.5,23.87,61800
2003-02-20,23.8,24.08,23.7,24.08,36900
2003-02-21,23.98,24.09,23.83,24.04,50300
2003-02-24,23.98,24.1,23.7,23.8,66300
2003-02-25,23.85,23.95,23.65,23.95,77800
2003-02-26,23.95,24.05,23.81,23.97,33000
2003-02-27,23.98,24.05,23.83,23.9,64000
2003-02-28,23.85,24.08,23.83,23.9,47800
2003-03-03,23.95,24.0,23.6,23.75,61900
2003-03-04,23.76,23.8,23.51,23.58,44100
2003-03-05,23.38,23.7,23.38,23.5,37600
2003-03-06,23.5,23.68,23.36,23.57,36000
2003-03-07,23.5,23.65,23.45,23.6,51200
2003-03-10,23.55,23.79,23.55,23.65,66800
2003-03-11,23.6,23.78,23.5,23.5,75900
2003-03-12,23.5,23.65,23.35,23.47,54900
2003-03-13,23.6,23.75,23.58,23.75,57100
2003-03-14,23.79,23.94,23.77,23.89,46700
2003-03-17,23.8,24.1,23.8,24.1,96800
2003-03-18,24.2,24.21,24.0,24.1,52900
2003-03-19,24.15,24.19,23.95,24.18,70500
2003-03-20,24.15,24.74,24.01,24.58,70900
2003-03-21,24.23,25.07,24.23,24.9,112600
2003-03-24,25.0,25.15,24.9,25.08,92400
2003-03-25,25.15,25.65,25.07,25.5,90000
2003-03-26,25.5,25.65,25.15,25.35,90000
2003-03-27,25.4,25.4,25.0,25.22,56200
2003-03-28,25.3,25.3,25.03,25.14,70300
2003-03-31,25.2,25.2,24.91,24.96,80500
2003-04-01,24.58,24.69,24.45,24.5,160600
2003-04-02,24.5,24.87,24.42,24.85,125100
2003-04-03,25.0,25.2,24.64,25.2,64100
2003-04-04,25.15,25.16,24.89,25.01,66900
2003-04-07,25.0,25.3,24.85,25.01,80900
2003-04-08,25.0,25.02,24.66,24.66,64200
2003-04-09,24.7,25.0,24.66,25.0,58800
2003-04-10,25.01,25.16,24.7,24.74,58300
2003-04-11,24.75,25.06,24.69,25.03,33800
2003-04-14,25.01,25.24,25.0,25.03,68200
2003-04-15,25.04,25.28,24.96,25.28,65500
2003-04-16,25.28,25.55,25.26,25.28,55300
2003-04-17,25.33,25.5,25.26,25.4,29800
2003-04-21,25.6,25.64,25.49,25.52,49200
2003-04-22,25.52,25.7,25.48,25.7,42000
2003-04-23,25.7,25.71,25.39,25.69,60200
2003-04-24,25.59,25.75,25.38,25.45,59500
2003-04-25,25.52,25.7,25.28,25.32,55200
2003-04-28,25.5,25.55,25.25,25.25,74800
2003-04-29,25.4,25.7,25.35,25.67,60200
2003-04-30,25.85,26.0,25.6,25.98,71100
2003-05-01,26.0,26.25,25.6,26.04,61000
2003-05-02,26.26,26.85,25.87,26.68,98700
2003-05-05,26.75,26.75,25.92,25.96,70200
2003-05-06,25.8,26.5,25.8,26.18,84400
2003-05-07,26.17,26.45,26.1,26.37,67000
2003-05-08,26.26,26.28,25.9,25.95,49500
2003-05-09,26.1,26.25,26.01,26.25,33200
2003-05-12,26.5,26.51,26.3,26.45,52800
2003-05-13,26.45,26.5,26.22,26.43,50700
2003-05-14,26.58,26.62,26.31,26.5,44100
2003-05-15,26.72,26.85,26.6,26.8,155200
2003-05-16,27.0,27.3,26.92,27.1,90000
2003-05-19,27.2,27.2,26.94,26.96,54100
2003-05-20,27.06,27.25,26.5,26.5,70100
2003-05-21,26.5,26.75,26.34,26.54,62800
2003-05-22,26.7,26.7,26.35,26.41,88700
2003-05-23,26.51,27.25,26.51,27.2,105200
2003-05-27,27.4,27.8,27.3,27.65,114700
2003-05-28,27.66,28.05,27.66,27.8,73300
2003-05-29,28.0,28.2,27.25,27.27,89200
2003-05-30,27.35,27.55,27.27,27.33,55100
2003-06-02,27.4,27.6,27.05,27.46,80600
2003-06-03,27.71,28.49,27.41,28.43,127600
2003-06-04,28.43,28.5,27.57,27.62,113300
2003-06-05,27.42,28.34,27.18,28.34,121700
2003-06-06,28.59,28.59,27.15,27.5,155200
2003-06-09,27.5,28.0,27.33,27.95,102100
2003-06-10,28.28,28.3,27.75,27.87,65600
2003-06-11,27.7,27.95,27.64,27.87,45500
2003-06-12,27.66,27.91,27.6,27.87,88900
2003-06-13,27.88,27.92,27.6,27.82,52900
2003-06-16,27.9,28.0,27.76,28.0,41400
2003-06-17,28.0,28.33,27.95,28.33,63100
2003-06-18,28.4,28.45,27.9,28.05,39400
2003-06-19,28.3,28.35,27.6,27.71,49500
2003-06-20,27.61,28.2,27.61,28.01,50100
2003-06-23,28.05,28.2,27.67,27.76,55200
2003-06-24,27.8,27.99,27.45,27.99,100900
2003-06-25,27.99,28.19,27.82,27.95,54600
2003-06-26,27.95,28.0,27.89,28.0,55700
2003-06-27,28.0,28.02,27.8,28.0,59800
2003-06-30,28.0,28.0,27.9,28.0,111800
2003-07-01,27.31,27.45,27.25,27.39,57800
2003-07-02,27.39,27.5,26.7,27.5,83700
2003-07-03,27.65,27.65,27.1,27.55,38700
2003-07-07,27.6,27.84,27.59,27.8,59400
2003-07-08,27.78,27.99,27.7,27.95,55100
2003-07-09,27.95,28.0,27.5,27.55,63900
2003-07-10,27.6,27.6,27.14,27.17,74000
2003-07-11,27.12,27.45,26.75,26.9,72500
2003-07-14,27.15,27.2,26.83,27.11,53000
2003-07-15,27.2,27.6,26.95,26.95,54000
2003-07-16,27.05,27.05,26.86,27.04,27700
2003-07-17,27.0,27.25,26.86,27.25,63400
2003-07-18,27.2,27.29,26.72,26.92,55600
2003-07-21,26.77,26.78,26.35,26.62,64800
2003-07-22,26.42,26.66,26.3,26.66,53700
2003-07-23,26.43,26.43,26.02,26.25,73800
2003-07-24,26.25,26.69,26.17,26.42,50300
2003-07-25,26.6,26.7,26.5,26.6,30700
2003-07-28,26.7,26.8,26.15,26.25,38400
2003-07-29,26.18,26.85,26.07,26.84,55100
2003-07-30,26.95,27.0,26.55,26.8,38700
2003-07-31,26.75,27.0,26.49,26.97,81000
2003-08-01,26.62,26.94,26.6,26.8,77600
2003-08-04,26.6,26.61,26.2,26.21,194300
2003-08-05,26.21,26.48,25.0,25.1,215700
2003-08-06,24.85,25.1,24.28,24.65,282500
2003-08-07,24.8,24.96,24.75,24.83,89700
2003-08-08,24.98,25.0,24.34,24.94,88000
2003-08-11,24.98,25.32,24.88,25.2,65800
2003-08-12,25.55,26.23,25.55,26.17,90000
2003-08-13,25.5,26.25,25.45,26.2,73700
2003-08-14,26.2,26.71,26.1,26.45,73400
2003-08-15,26.85,27.0,26.5,26.89,45900
2003-08-18,27.25,27.39,26.9,27.06,145200
2003-08-19,26.96,27.1,26.78,26.79,28300
2003-08-20,26.83,27.92,26.83,27.76,89800
2003-08-21,27.6,27.68,27.11,27.14,46900
2003-08-22,27.44,27.44,27.0,27.28,67900
2003-08-25,27.25,27.4,27.05,27.15,47500
2003-08-26,27.27,27.45,27.1,27.23,51800
2003-08-27,27.13,27.5,27.13,27.35,30000
2003-08-28,27.3,27.58,27.3,27.5,43500
2003-08-29,27.57,27.9,27.45,27.71,43000
2003-09-02,27.71,27.94,27.36,27.75,45400
2003-09-03,27.5,27.89,27.46,27.77,97300
2003-09-04,27.6,27.9,27.6,27.87,58600
2003-09-05,27.9,27.95,27.6,27.8,66800
2003-09-08,27.8,27.93,27.65,27.82,42900
2003-09-09,27.95,28.0,27.85,27.99,63000
2003-09-10,28.06,28.06,27.6,27.72,49200
2003-09-11,27.72,28.05,27.72,28.0,68700
2003-09-12,28.1,28.15,27.68,27.9,72400
2003-09-15,27.95,28.1,27.9,28.0,41500
2003-09-16,27.95,28.19,27.91,28.06,78100
2003-09-17,28.02,28.24,27.95,28.1,57100
2003-09-18,28.06,28.06,28.06,28.06,0
2003-09-19,28.03,28.09,27.96,27.96,33400
2003-09-22,27.5,27.68,27.4,27.64,75700
2003-09-23,27.64,28.17,27.4,28.16,90500
2003-09-24,28.16,28.16,27.9,27.94,24700
2003-09-25,28.1,28.1,28.1,28.1,0
2003-09-26,28.2,28.2,27.45,27.6,35100
2003-09-29,27.7,28.2,27.6,27.89,54400
2003-09-30,27.85,28.15,27.79,28.0,47300
2003-10-01,27.5,27.75,27.42,27.54,52600
2003-10-02,27.96,27.96,27.96,27.96,0
2003-10-03,28.0,28.0,27.68,27.68,33600
2003-10-06,27.67,27.85,27.6,27.76,17900
2003-10-07,27.8,27.87,27.45,27.84,43500
2003-10-08,27.8,27.98,27.68,27.94,24500
2003-10-09,27.94,27.94,27.94,27.94,0
2003-10-10,27.85,28.08,27.85,28.0,46900
2003-10-13,28.0,28.15,27.9,27.95,26400
2003-10-14,27.82,28.1,27.77,28.05,26500
2003-10-15,27.9,28.1,27.8,27.9,33100
2003-10-16,28.01,28.01,28.01,28.01,0
2003-10-17,28.15,28.15,28.0,28.15,18000
2003-10-20,28.15,28.15,27.8,27.81,27000
2003-10-21,27.9,28.2,27.9,28.15,36300
2003-10-22,28.0,28.0,28.0,28.0,0
2003-10-23,27.9,28.0,27.78,27.85,21400
2003-10-24,27.94,28.05,27.85,27.93,16500
2003-10-27,27.95,28.05,27.81,28.05,22300
2003-10-28,28.1,28.19,28.05,28.19,112700
2003-10-29,28.23,28.39,28.07,28.39,43100
2003-10-30,28.55,28.55,28.55,28.55,0
2003-10-31,28.55,28.55,28.29,28.42,22600
2003-11-03,28.3,28.6,28.21,28.6,55640
2003-11-04,28.6,28.6,28.28,28.39,74545
2003-11-05,28.45,28.45,28.1,28.15,85700
2003-11-06,28.45,28.45,28.45,28.45,0
2003-11-07,28.59,29.19,28.54,29.19,87900
2003-11-10,29.19,29.89,28.95,29.58,56300
2003-11-11,29.65,29.89,29.65,29.72,69800
2003-11-12,29.88,29.9,29.8,29.86,78200
2003-11-13,29.7,29.7,29.7,29.7,0
2003-11-14,29.82,29.85,29.6,29.85,51600
2003-11-17,29.85,29.85,29.62,29.85,117500
2003-11-18,29.85,29.85,29.7,29.81,64600
2003-11-19,29.85,29.85,29.55,29.62,40300
2003-11-20,29.85,29.85,29.85,29.85,0
2003-11-21,29.85,29.85,29.7,29.76,29000
2003-11-24,29.81,29.81,29.81,29.81,0
2003-11-25,29.71,29.9,29.7,29.75,55300
2003-11-26,29.75,29.9,29.7,29.81,69000
2003-11-28,29.81,29.89,29.76,29.8,26600
2003-12-01,29.9,30.19,29.81,30.05,65200
2003-12-02,30.0,30.7,29.91,30.55,52100
2003-12-03,30.6,30.6,30.16,30.16,66300
2003-12-04,29.73,29.73,29.73,29.73,0
2003-12-05,29.23,30.13,29.23,30.01,63600
2003-12-08,30.01,30.28,29.98,30.28,100100
2003-12-09,30.28,30.35,30.1,30.33,56500
2003-12-10,30.34,30.4,29.81,29.93,36800
2003-12-11,30.2,30.2,30.2,30.2,0
2003-12-12,30.35,30.39,30.01,30.39,36000
2003-12-15,30.44,30.75,29.71,29.71,81000
2003-12-16,29.85,30.5,29.85,30.47,62700
2003-12-17,30.5,30.97,30.5,30.75,38900
2003-12-18,30.69,30.69,30.69,30.69,0
2003-12-19,30.8,31.05,30.68,31.03,30700
2003-12-22,31.55,31.55,30.92,30.93,55600
2003-12-23,30.93,30.99,30.7,30.79,34400
2003-12-24,30.79,30.89,30.4,30.68,23600
2003-12-26,30.6,30.75,30.57,30.58,20100
2003-12-29,30.65,30.98,30.58,30.68,59200
2003-12-30,30.9,30.9,30.9,30.9,0
2003-12-31,30.8,30.98,30.55,30.75,64900
2004-01-02,30.75,30.75,30.21,30.27,57200
2004-01-05,30.47,30.8,30.47,30.72,57500
2004-01-06,30.97,31.0,30.8,31.0,81300
2004-01-07,30.9,30.9,30.75,30.84,46400
2004-01-08,30.65,30.65,30.65,30.65,0
2004-01-09,30.9,30.91,30.62,30.8,43400
2004-01-12,30.5,30.5,30.5,30.5,0
2004-01-13,30.5,30.59,30.2,30.3,44800
2004-01-14,30.7,30.7,30.7,30.7,0
2004-01-15,30.85,30.85,30.56,30.76,42200
2004-01-16,30.8,30.97,30.65,30.9,45700
2004-01-20,31.0,31.15,30.92,31.09,49900
2004-01-21,31.17,31.21,30.75,30.86,37300
2004-01-22,31.27,31.27,31.27,31.27,0
2004-01-23,31.4,31.5,31.05,31.35,50200
2004-01-26,31.5,31.8,31.32,31.64,39900
2004-01-27,31.75,31.88,31.25,31.74,35700
2004-01-28,31.7,31.82,31.52,31.6,29500
2004-01-29,31.35,31.35,31.35,31.35,0
2004-01-30,31.25,31.39,31.08,31.2,26800
2004-02-02,31.05,31.19,31.0,31.01,37100
2004-02-03,31.0,31.35,30.78,31.16,36400
2004-02-04,31.26,31.5,31.0,31.4,29900
2004-02-05,31.56,31.56,31.56,31.56,0
2004-02-06,31.46,31.6,31.37,31.46,56600
2004-02-09,31.61,31.89,31.45,31.86,30200
2004-02-10,31.86,31.9,31.41,31.59,31600
2004-02-11,31.95,31.99,31.88,31.95,50200
2004-02-12,32.02,32.02,32.02,32.02,0
2004-02-13,31.96,32.22,31.86,32.18,30100
2004-02-17,33.0,33.88,32.7,33.8,129600
2004-02-18,34.0,34.0,33.16,33.43,81700
2004-02-19,33.64,33.64,33.64,33.64,0
2004-02-20,33.84,33.95,33.1,33.28,53700
2004-02-23,33.53,33.55,33.2,33.48,32900
2004-02-24,33.4,34.18,33.01,34.0,58000
2004-02-25,33.85,34.43,33.85,34.43,40700
2004-02-26,34.35,34.35,34.35,34.35,0
2004-02-27,34.5,34.5,34.1,34.36,44800
2004-03-01,34.2,34.4,34.01,34.39,43200
2004-03-02,34.29,34.7,34.26,34.6,40200
2004-03-03,34.55,34.75,34.44,34.61,50700
2004-03-04,34.93,34.93,34.93,34.93,0
2004-03-05,34.98,34.99,34.57,34.76,74200
2004-03-08,34.41,34.5,34.15,34.5,46200
2004-03-09,34.4,34.75,34.36,34.75,32400
2004-03-10,35.0,36.01,34.91,35.71,203200
2004-03-11,34.77,34.77,34.77,34.77,0
2004-03-12,34.55,34.77,34.01,34.43,64800
2004-03-15,34.53,35.5,34.45,35.16,70000
2004-03-16,35.51,35.75,34.62,34.9,60600
2004-03-17,34.75,35.25,34.7,35.1,68900
2004-03-18,35.3,35.3,35.3,35.3,0
2004-03-19,35.3,35.4,34.91,34.95,37000
2004-03-22,34.8,34.83,34.26,34.45,42500
2004-03-23,34.55,34.74,33.05,33.77,115300
2004-03-24,33.8,34.16,33.75,33.99,48500
2004-03-25,34.52,34.52,34.52,34.52,0
2004-03-26,34.62,34.97,34.62,34.93,24500
2004-03-29,35.0,35.15,34.0,34.25,62700
2004-03-30,34.35,34.76,34.35,34.6,51400
2004-03-31,34.6,35.24,34.6,34.97,40000
2004-04-01,34.2,34.2,34.2,34.2,0
2004-04-02,34.3,34.5,34.16,34.2,32000
2004-04-05,34.15,34.31,32.7,33.1,86600
2004-04-06,32.99,33.25,32.85,33.25,88300
2004-04-07,33.2,33.86,33.11,33.45,49800
2004-04-08,33.57,33.57,33.57,33.57,0
2004-04-12,33.5,33.5,30.66,32.11,283700
2004-04-13,31.61,31.61,30.1,30.55,207800
2004-04-14,30.3,32.0,29.7,32.0,193600
2004-04-15,31.22,31.22,31.22,31.22,0
2004-04-16,31.47,31.86,31.1,31.1,58300
2004-04-19,31.2,31.73,31.19,31.65,35400
2004-04-20,31.75,32.12,31.65,31.68,51500
2004-04-21,31.7,31.87,31.45,31.78,54400
2004-04-22,31.99,31.99,31.99,31.99,0
2004-04-23,31.0,32.1,31.0,31.98,60100
2004-04-26,32.05,32.1,31.8,31.95,37000
2004-04-27,31.8,32.1,31.4,31.47,33000
2004-04-28,31.4,31.5,30.75,31.03,46000
2004-04-29,31.04,31.04,31.04,31.04,0
2004-04-30,31.14,31.4,30.95,31.12,41100
2004-05-03,31.0,31.24,31.0,31.22,56700
2004-05-04,31.32,31.75,31.1,31.52,28500
2004-05-05,31.65,32.1,31.55,31.83,34300
2004-05-06,31.5,31.5,31.5,31.5,0
2004-05-07,31.51,31.51,30.26,30.78,76900
2004-05-10,30.53,31.24,29.85,31.05,137900
2004-05-11,31.3,31.47,30.65,31.3,38900
2004-05-12,31.8,31.8,30.7,31.51,60800
2004-05-13,31.96,31.96,31.96,31.96,0
2004-05-14,32.0,32.0,31.67,31.85,42000
2004-05-17,32.15,32.3,31.85,31.96,123200
2004-05-18,32.36,32.4,31.6,31.98,103300
2004-05-19,31.99,31.99,31.55,31.66,39300
2004-05-20,31.57,31.57,31.57,31.57,0
2004-05-21,31.51,31.84,31.5,31.75,21500
2004-05-24,31.85,32.35,31.5,31.6,45900
2004-05-25,31.7,32.24,31.45,32.18,45300
2004-05-26,32.28,32.47,32.1,32.21,33700
2004-05-27,32.73,32.73,32.73,32.73,0
2004-05-28,32.83,33.0,32.65,32.66,22000
2004-06-01,32.75,33.0,32.44,32.5,36500
2004-06-02,32.24,32.62,32.2,32.2,36300
2004-06-03,32.5,32.6,32.44,32.51,27900
2004-06-04,32.6,32.85,32.3,32.42,27400
2004-06-07,32.6,32.99,32.5,32.97,29800
2004-06-08,32.87,32.9,32.55,32.78,26900
2004-06-09,32.85,32.9,32.32,32.65,43400
2004-06-10,32.7,33.35,32.7,33.11,31000
2004-06-14,33.0,33.05,32.8,32.93,29500
2004-06-15,32.8,33.44,32.8,33.3,42800
2004-06-16,33.4,33.45,33.05,33.11,20000
2004-06-17,33.11,33.2,32.67,32.71,35200
2004-06-18,32.56,32.8,32.5,32.8,29700
2004-06-21,32.85,32.85,32.31,32.62,45500
2004-06-22,32.6,32.6,32.1,32.2,36100
2004-06-23,32.2,32.25,32.01,32.07,32600
2004-06-24,32.04,32.04,30.9,31.34,128900
2004-06-25,31.34,31.38,30.95,31.11,86400
2004-06-28,31.12,31.19,30.38,30.38,212300
2004-06-29,30.45,30.95,30.45,30.88,129700
2004-06-30,30.95,31.67,30.81,31.55,57500
2004-07-01,31.1,31.35,30.9,31.25,51200
2004-07-02,31.4,31.5,31.0,31.2,38600
2004-07-06,31.4,31.46,30.95,31.16,44600
2004-07-07,31.25,31.59,31.19,31.4,39100
2004-07-08,31.3,31.39,30.63,31.07,71800
2004-07-09,31.32,31.32,30.9,30.9,46300
2004-07-12,30.65,31.24,30.55,31.2,61000
2004-07-13,31.3,31.45,30.95,30.99,90200
2004-07-14,30.84,30.98,30.82,30.88,67400
2004-07-15,30.5,30.5,30.0,30.0,534200
2004-07-16,30.0,30.2,30.0,30.03,156000
2004-07-19,30.03,30.11,30.0,30.01,121900
2004-07-20,30.0,30.18,29.72,30.09,135600
2004-07-21,30.2,30.24,30.0,30.02,104700
2004-07-22,30.02,30.06,29.57,29.64,112300
2004-07-23,29.5,29.75,29.4,29.75,162900
2004-07-26,29.9,29.97,29.6,29.65,131400
2004-07-27,29.66,29.98,29.65,29.67,81600
2004-07-28,30.19,30.19,29.65,30.01,147800
2004-07-29,30.04,30.14,29.7,29.71,101000
2004-07-30,29.71,30.0,29.6,29.82,89900
2004-08-02,29.65,29.87,29.6,29.85,73400
2004-08-03,29.93,29.98,29.58,29.88,107500
2004-08-04,29.8,29.84,29.58,29.84,98200
2004-08-05,29.84,29.9,29.5,29.6,114500
2004-08-06,29.65,29.75,29.2,29.56,74100
2004-08-09,29.65,29.65,29.41,29.55,53900
2004-08-10,29.68,29.89,29.63,29.7,64700
2004-08-11,29.75,29.75,29.29,29.44,147200
2004-08-12,29.4,29.56,29.25,29.56,61800
2004-08-13,29.7,29.9,29.55,29.82,54800
2004-08-16,29.95,30.25,29.7,29.75,110500
2004-08-17,30.25,30.28,29.83,30.03,85500
2004-08-18,29.95,30.1,29.71,29.78,48400
2004-08-19,29.85,29.9,29.68,29.81,38300
2004-08-20,29.85,30.2,29.8,30.2,74200
2004-08-23,30.2,30.25,30.0,30.07,71300
2004-08-24,29.82,29.99,29.52,29.8,95700
2004-08-25,29.6,29.99,29.51,29.77,85300
2004-08-26,29.7,29.75,29.49,29.59,78400
2004-08-27,29.84,29.89,29.4,29.42,82000
2004-08-30,29.32,29.5,29.2,29.5,66700
2004-08-31,29.7,30.0,29.65,30.0,101000
2004-09-01,29.9,30.06,29.65,29.98,75900
2004-09-02,29.98,30.21,29.75,30.21,121700
2004-09-03,30.25,30.38,30.09,30.16,76000
2004-09-07,30.1,30.33,30.05,30.21,71000
2004-09-08,30.0,30.38,30.0,30.01,92200
2004-09-09,30.25,30.29,29.75,29.99,75500
2004-09-10,29.9,30.04,29.5,29.6,104900
2004-09-13,29.7,29.9,29.4,29.4,102800
2004-09-14,29.41,29.54,29.21,29.28,90000
2004-09-15,29.38,29.45,28.91,29.15,125700
2004-09-16,29.1,29.51,28.8,29.25,96900
2004-09-17,29.5,29.6,29.2,29.3,66700
2004-09-20,29.3,29.48,29.16,29.31,65000
2004-09-21,29.4,29.59,29.2,29.45,78400
2004-09-22,29.46,29.5,29.16,29.5,109700
2004-09-23,29.55,29.75,29.45,29.7,76600
2004-09-24,29.8,30.0,29.7,29.91,91700
2004-09-27,29.91,30.24,29.77,30.14,77900
2004-09-28,30.2,30.28,29.9,30.16,74500
2004-09-29,30.32,30.49,30.17,30.34,114000
2004-09-30,30.42,30.65,30.34,30.65,101200
2004-10-01,29.7,30.0,29.5,29.9,104500
2004-10-04,29.9,29.95,29.54,29.58,76400
2004-10-05,29.73,29.81,29.55,29.76,61700
2004-10-06,29.51,29.82,29.46,29.58,102500
2004-10-07,29.53,29.64,29.2,29.25,76500
2004-10-08,29.3,29.38,29.17,29.3,68000
2004-10-11,29.4,29.68,29.36,29.54,66500
2004-10-12,29.6,29.77,29.3,29.39,72900
2004-10-13,29.5,29.72,29.29,29.3,59100
2004-10-14,29.21,29.59,29.13,29.13,84300
2004-10-15,29.3,29.42,29.0,29.15,71100
2004-10-18,29.25,29.39,29.12,29.25,75100
2004-10-19,29.25,29.37,29.15,29.23,61000
2004-10-20,29.25,29.25,29.05,29.1,80900
2004-10-21,29.3,29.48,28.86,28.95,57500
2004-10-22,29.0,29.15,28.89,28.9,62900
2004-10-25,28.91,29.25,28.65,28.86,90900
2004-10-26,28.7,29.0,28.65,29.0,69500
2004-10-27,28.9,29.1,28.75,29.1,83200
2004-10-28,29.24,29.25,28.73,29.25,100100
2004-10-29,29.2,29.26,28.92,29.14,56900
2004-11-01,28.8,29.22,28.8,29.2,64100
2004-11-02,29.22,29.28,29.1,29.28,39500
2004-11-03,29.43,29.75,29.3,29.75,53400
2004-11-04,29.75,29.9,29.53,29.9,43200
2004-11-05,29.95,30.73,29.92,30.55,170300
2004-11-08,30.15,30.42,30.0,30.08,78700
2004-11-09,30.33,30.5,30.0,30.0,72900
2004-11-10,30.0,30.45,29.99,30.39,63600
2004-11-11,30.39,30.88,30.36,30.88,72600
2004-11-12,30.98,31.0,30.68,31.0,64500
2004-11-15,31.15,31.48,30.71,31.48,84300
2004-11-16,31.73,31.74,31.19,31.73,137700
2004-11-17,31.52,31.7,31.4,31.44,69200
2004-11-18,31.69,31.78,31.4,31.76,65700
2004-11-19,31.85,31.85,30.86,31.09,68400
2004-11-22,31.15,31.59,30.96,31.58,58300
2004-11-23,31.6,31.85,31.4,31.78,40100
2004-11-24,31.85,31.88,31.28,31.76,53500
2004-11-26,31.61,31.69,31.46,31.51,13700
2004-11-29,31.76,31.88,31.52,31.7,216400
2004-11-30,31.8,32.07,31.64,31.94,177500
2004-12-01,32.0,32.03,31.6,31.75,67800
2004-12-02,31.85,32.04,31.6,31.8,69200
2004-12-03,31.8,32.25,31.75,32.17,82900
2004-12-06,32.25,32.84,32.15,32.77,63100
2004-12-07,32.77,32.94,32.46,32.46,52900
2004-12-08,32.4,32.92,32.25,32.9,89700
2004-12-09,32.95,32.99,32.15,32.4,53600
2004-12-10,32.25,32.43,32.19,32.36,49700
2004-12-13,32.31,32.5,32.12,32.35,41900
2004-12-14,32.3,32.59,32.3,32.37,43200
2004-12-15,32.32,32.6,32.3,32.43,47200
2004-12-16,32.33,32.51,32.25,32.5,53800
2004-12-17,32.6,32.6,32.2,32.35,40800
2004-12-20,32.3,32.41,32.21,32.35,34800
2004-12-21,32.25,32.56,32.2,32.45,46700
2004-12-22,32.42,32.65,32.33,32.49,44100
2004-12-23,32.5,32.7,32.43,32.61,34300
2004-12-27,32.66,32.88,32.58,32.83,31200
2004-12-28,32.83,32.87,32.5,32.62,52800
2004-12-29,32.22,32.7,32.22,32.65,58600
2004-12-30,32.8,32.97,32.7,32.96,40300
2004-12-31,32.96,33.0,32.66,32.9,39400
2005-01-03,32.4,32.74,32.38,32.44,53600
2005-01-04,32.44,32.52,32.05,32.34,45600
2005-01-05,32.25,32.25,31.3,31.5,75300
2005-01-06,31.48,31.48,31.31,31.47,25100
2005-01-07,31.47,31.69,31.43,31.63,38500
2005-01-10,31.65,31.69,31.02,31.2,47700
2005-01-11,31.35,31.44,30.74,30.87,39000
2005-01-12,30.4,30.77,30.04,30.73,76000
2005-01-13,30.85,31.48,30.85,31.42,46800
2005-01-14,31.3,31.85,31.3,31.7,31900
2005-01-18,31.7,32.3,31.7,32.08,53700
2005-01-19,32.29,32.42,32.17,32.29,49000
2005-01-20,32.48,32.5,32.11,32.15,39700
2005-01-21,32.1,32.37,31.9,32.35,33800
2005-01-24,32.45,32.46,31.9,32.04,30300
2005-01-25,32.04,32.35,31.97,32.02,32000
2005-01-26,32.03,32.07,31.91,31.98,31600
2005-01-27,31.85,32.21,31.82,31.84,42400
2005-01-28,31.8,32.01,31.4,31.46,34700
2005-01-31,31.47,31.9,31.37,31.85,40800
2005-02-01,31.65,32.05,31.65,31.95,44900
2005-02-02,31.75,32.0,31.69,31.96,33200
2005-02-03,31.9,32.2,31.72,31.82,29500
2005-02-04,31.95,31.95,31.7,31.86,54900
2005-02-07,31.93,32.35,31.78,32.35,60700
2005-02-08,32.2,32.47,32.12,32.31,33400
2005-02-09,32.36,32.44,32.08,32.27,26300
2005-02-10,32.5,32.58,32.1,32.47,48800
2005-02-11,32.5,32.55,32.3,32.4,36200
2005-02-14,32.45,32.54,32.25,32.48,38900
2005-02-15,32.65,33.95,32.25,33.95,106100
2005-02-16,33.95,34.0,33.0,33.0,113800
2005-02-17,33.05,33.1,32.78,32.8,53000
2005-02-18,33.0,33.06,32.8,32.9,49600
2005-02-22,32.85,32.9,32.15,32.15,47200
2005-02-23,32.4,32.49,31.9,32.25,69700
2005-02-24,32.35,32.7,32.1,32.26,42500
2005-02-25,32.31,32.65,32.12,32.4,25700
2005-02-28,32.45,32.72,32.35,32.51,44600
2005-03-01,32.4,32.9,32.25,32.7,26800
2005-03-02,32.5,32.89,32.36,32.81,32100
2005-03-03,32.66,32.9,32.55,32.9,50800
2005-03-04,32.8,32.89,32.75,32.88,29300
2005-03-07,32.89,33.09,32.6,32.87,40000
2005-03-08,33.08,33.08,32.61,32.95,36000
2005-03-09,32.94,33.05,32.81,32.81,55900
2005-03-10,32.9,32.9,32.6,32.85,37200
2005-03-11,32.65,32.98,32.6,32.9,30800
2005-03-14,32.83,32.99,31.01,31.56,147400
2005-03-15,31.5,32.44,31.26,31.5,115200
2005-03-16,31.5,31.9,31.4,31.4,71800
2005-03-17,31.35,31.55,30.51,31.2,140400
2005-03-18,31.1,31.25,30.75,30.95,56900
2005-03-21,30.8,30.8,30.0,30.32,141600
2005-03-22,30.42,31.11,30.35,30.81,92000
2005-03-23,30.75,31.02,30.42,30.75,74600
2005-03-24,30.8,31.0,30.75,30.8,100800
2005-03-28,30.95,31.12,30.82,30.95,50500
2005-03-29,31.0,31.25,30.63,30.74,75200
2005-03-30,31.0,31.25,30.76,31.12,56600
2005-03-31,31.0,31.49,30.9,31.47,92100
2005-04-01,31.1,31.1,30.51,30.79,41800
2005-04-04,30.77,30.77,30.01,30.02,54300
2005-04-05,30.02,30.5,30.02,30.5,56500
2005-04-06,30.5,30.86,30.46,30.76,39300
2005-04-07,30.85,30.85,30.24,30.41,33600
2005-04-08,30.51,30.6,30.18,30.24,46000
2005-04-11,30.2,30.22,29.9,30.12,40300
2005-04-12,30.12,30.15,29.5,30.09,79700
2005-04-13,30.01,30.28,29.98,30.05,39100
2005-04-14,30.0,30.3,30.0,30.13,28400
2005-04-15,30.1,30.4,29.8,29.81,59300
2005-04-18,30.0,30.32,29.94,29.94,46100
2005-04-19,30.05,30.43,30.05,30.22,39700
2005-04-20,30.05,30.22,30.01,30.11,33100
2005-04-21,30.15,30.25,30.1,30.16,47200
2005-04-22,30.21,30.24,29.9,30.1,48400
2005-04-25,30.15,30.2,29.95,30.04,31800
2005-04-26,29.9,30.0,29.8,29.99,36700
2005-04-27,29.92,30.15,29.91,30.06,35800
2005-04-28,30.0,30.05,29.9,30.0,29400
2005-04-29,30.0,30.24,29.98,30.17,29300
2005-05-02,30.22,30.43,29.98,30.28,39500
2005-05-03,30.18,30.98,30.12,30.88,47500
2005-05-04,30.88,30.95,30.57,30.6,41000
2005-05-05,30.55,30.93,30.4,30.5,48400
2005-05-06,30.7,30.88,30.35,30.4,37800
2005-05-09,30.55,30.9,30.46,30.9,65200
2005-05-10,30.9,31.1,30.82,31.1,69600
2005-05-11,31.25,31.25,31.01,31.01,41700
2005-05-12,31.1,31.2,30.77,30.84,44700
2005-05-13,31.0,31.2,30.85,31.07,34900
2005-05-16,31.07,31.07,30.22,30.45,189300
2005-05-17,30.45,30.82,30.45,30.82,121500
2005-05-18,30.9,31.0,30.85,30.97,51800
2005-05-19,30.82,31.1,30.82,31.01,57400
2005-05-20,30.8,31.39,30.8,31.39,34300
2005-05-23,31.39,31.5,30.75,31.15,91300
2005-05-24,30.95,31.05,30.5,30.98,71600
2005-05-25,30.99,31.1,30.72,30.9,56300
2005-05-26,30.95,31.09,30.75,30.98,27900
2005-05-27,30.9,30.9,30.75,30.9,25700
2005-05-31,30.81,31.05,30.76,31.05,43100
2005-06-01,30.9,30.91,30.65,30.75,56200
2005-06-02,30.85,30.99,30.75,30.84,26500
2005-06-03,30.84,30.95,30.61,30.95,29600
2005-06-06,30.77,31.15,30.76,31.08,29100
2005-06-07,31.22,31.57,31.15,31.52,59700
2005-06-08,31.45,31.53,31.1,31.38,42300
2005-06-09,31.5,31.5,31.2,31.25,38400
2005-06-10,31.2,31.39,31.18,31.35,27400
2005-06-13,31.29,31.4,31.1,31.2,26700
2005-06-14,31.15,31.57,31.15,31.25,45100
2005-06-15,31.4,31.75,31.34,31.59,28700
2005-06-16,31.55,31.74,31.45,31.68,24800
2005-06-17,31.7,32.19,31.66,32.12,72500
2005-06-20,32.12,32.17,31.75,31.76,44200
2005-06-21,31.81,32.49,31.81,32.31,53300
2005-06-22,32.38,32.4,31.81,31.93,33500
2005-06-23,31.83,32.44,31.75,32.12,32300
2005-06-24,32.0,32.19,31.73,32.1,41500
2005-06-27,32.3,32.47,31.8,31.95,50500
2005-06-28,32.05,32.1,31.9,32.0,49500
2005-06-29,32.03,32.1,31.95,32.02,41000
2005-06-30,32.05,32.2,31.98,32.19,44200
2005-07-01,31.48,31.8,31.4,31.75,41100
2005-07-05,31.85,32.1,31.66,32.08,44300
2005-07-06,32.2,32.23,31.88,31.88,38600
2005-07-07,31.85,32.1,31.67,31.73,47800
2005-07-08,31.8,31.89,31.67,31.75,49800
2005-07-11,32.0,32.0,31.7,31.8,49800
2005-07-12,31.75,32.1,31.7,31.75,47600
2005-07-13,31.8,32.0,31.75,31.94,32100
2005-07-14,32.04,32.1,31.86,32.0,21300
2005-07-15,31.9,32.15,31.7,32.12,23200
2005-07-18,32.55,32.55,32.06,32.17,53600
2005-07-19,32.0,32.25,31.81,32.02,48000
2005-07-20,32.02,32.15,31.8,31.92,33900
2005-07-21,31.85,32.36,31.85,32.19,30600
2005-07-22,32.25,32.34,31.8,31.92,50100
2005-07-25,31.92,32.14,31.8,32.13,45400
2005-07-26,32.2,32.33,32.0,32.2,66900
2005-07-27,32.1,32.4,31.93,32.32,56900
2005-07-28,32.45,32.6,32.36,32.6,50000
2005-07-29,32.6,32.79,32.45,32.79,44800
2005-08-01,32.72,33.01,32.56,33.01,51000
2005-08-02,32.5,32.5,30.55,32.45,221700
2005-08-03,32.3,32.6,32.0,32.53,51300
2005-08-04,32.47,32.5,32.11,32.5,63800
2005-08-05,32.3,32.31,31.85,31.87,57600
2005-08-08,31.62,31.93,30.81,31.48,89100
2005-08-09,31.48,31.48,30.75,30.92,58800
2005-08-10,31.0,31.01,29.8,30.15,187300
2005-08-11,30.05,30.9,30.02,30.9,73500
2005-08-12,30.97,31.18,30.9,31.18,88500
2005-08-15,31.32,31.32,30.85,31.22,173900
2005-08-16,31.9,31.9,30.9,31.05,64200
2005-08-17,31.15,31.24,30.75,30.95,51600
2005-08-18,30.8,31.3,30.75,31.24,50000
2005-08-19,31.4,31.46,31.1,31.2,35700
2005-08-22,31.13,31.24,31.0,31.06,40900
2005-08-23,31.06,31.21,30.95,30.95,33000
2005-08-24,30.9,31.2,30.9,30.95,51900
2005-08-25,31.02,31.2,30.95,30.99,56400
2005-08-26,30.9,30.94,30.6,30.61,36200
2005-08-29,30.41,30.6,30.24,30.56,65400
2005-08-30,30.54,30.81,30.27,30.52,84000
2005-08-31,30.27,30.89,30.27,30.88,45500
2005-09-01,30.99,31.22,30.86,30.99,48100
2005-09-02,30.99,31.4,30.78,31.32,44600
2005-09-06,31.25,31.27,30.87,31.05,80400
2005-09-07,30.95,31.3,30.75,31.19,82600
2005-09-08,30.95,31.4,30.82,30.97,68200
2005-09-09,30.95,31.23,30.8,31.21,75600
2005-09-12,31.05,31.22,30.2,30.27,100300
2005-09-13,30.2,30.25,29.5,29.74,119400
2005-09-14,29.94,29.99,28.8,29.24,148400
2005-09-15,29.2,29.65,29.1,29.27,98700
2005-09-16,29.3,29.49,29.2,29.4,66500
2005-09-19,29.28,29.72,29.26,29.4,67700
2005-09-20,29.25,29.4,28.84,28.92,82600
2005-09-21,28.86,29.09,28.75,28.93,83200
2005-09-22,28.78,29.08,28.34,28.63,101100
2005-09-23,28.6,28.98,28.4,28.91,69300
2005-09-26,28.91,29.6,28.8,29.43,47200
2005-09-27,29.55,29.84,29.2,29.8,50700
2005-09-28,29.8,29.97,29.64,29.85,66600
2005-09-29,29.5,29.8,29.01,29.76,92100
2005-09-30,29.85,30.08,29.62,29.99,58500
2005-10-03,29.35,29.35,29.0,29.24,67400
2005-10-04,29.25,29.25,29.1,29.11,65100
2005-10-05,29.01,29.15,28.5,28.55,85100
2005-10-06,28.55,29.0,28.55,28.58,53800
2005-10-07,28.6,28.75,28.31,28.35,60200
2005-10-10,30.3,28.33,27.3,27.57,171100
2005-10-11,27.4,28.1,27.4,27.87,99600
2005-10-12,27.75,27.84,27.35,27.42,72600
2005-10-13,27.3,27.68,27.15,27.24,71200
2005-10-14,27.4,27.97,27.4,27.9,52100
2005-10-17,27.7,27.79,27.51,27.79,57700
2005-10-18,27.79,27.98,27.71,27.9,34900
2005-10-19,27.75,28.31,27.55,28.3,49900
2005-10-20,27.9,28.04,27.24,27.92,90100
2005-10-21,27.98,27.98,27.5,27.93,43100
2005-10-24,27.73,27.87,27.51,27.53,68700
2005-10-25,27.51,27.7,27.5,27.58,32200
2005-10-26,27.61,27.75,27.25,27.28,51400
2005-10-27,27.25,27.38,25.66,26.22,191400
2005-10-28,26.4,26.77,26.02,26.4,101800
2005-10-31,26.55,27.57,26.48,27.57,81000
2005-11-01,27.95,28.7,27.78,28.44,124400
2005-11-02,29.65,29.75,28.85,29.5,140000
2005-11-03,29.4,30.0,29.31,29.31,95500
2005-11-04,29.21,29.22,28.96,29.07,43100
2005-11-07,29.27,29.48,28.95,29.15,89600
2005-11-08,29.2,29.45,28.8,28.97,84800
2005-11-09,28.8,29.05,28.8,28.9,74500
2005-11-10,29.0,29.1,28.8,28.94,66000
2005-11-11,29.1,29.88,29.1,29.8,91500
2005-11-14,29.67,29.85,29.42,29.72,66400
2005-11-15,29.97,29.99,29.49,29.86,95400
2005-11-16,30.11,30.58,29.8,29.9,148300
2005-11-17,29.85,29.9,29.59,29.89,73100
2005-11-18,29.89,30.1,29.7,29.75,44900
2005-11-21,29.7,29.94,29.51,29.61,37100
2005-11-22,29.5,29.82,29.22,29.78,67800
2005-11-23,29.8,30.13,29.79,30.13,46600
2005-11-25,30.0,30.35,29.94,30.33,28900
2005-11-28,30.3,30.33,29.78,29.9,42300
2005-11-29,29.99,30.01,29.5,29.64,58800
2005-11-30,29.54,29.65,29.31,29.48,38800
2005-12-01,29.58,29.74,29.37,29.44,34200
2005-12-02,29.4,29.85,29.28,29.76,51200
2005-12-05,29.7,29.75,29.5,29.74,47200
2005-12-06,29.85,29.87,29.5,29.64,59400
2005-12-07,29.68,29.75,29.53,29.69,40200
2005-12-08,29.67,29.75,29.44,29.69,43400
2005-12-09,29.69,29.69,29.1,29.12,36600
2005-12-12,29.16,29.24,29.0,29.03,62600
2005-12-13,28.98,29.24,28.98,29.07,34200
2005-12-14,29.0,29.06,28.8,28.9,38300
2005-12-15,28.89,29.05,28.75,29.03,47500
2005-12-16,28.98,29.05,28.6,28.71,41000
2005-12-19,28.6,29.12,28.5,28.62,86800
2005-12-20,28.31,28.77,28.3,28.68,91500
2005-12-21,28.43,28.78,28.28,28.35,65600
2005-12-22,28.45,28.55,28.25,28.33,45000
2005-12-23,28.33,28.38,28.01,28.17,77100
2005-12-27,28.15,28.55,28.0,28.0,93500
2005-12-28,28.1,28.55,27.83,28.54,55500
2005-12-29,28.57,28.85,28.35,28.42,59600
2005-12-30,28.36,28.6,28.35,28.54,66000
2006-01-03,28.33,28.85,28.2,28.27,95700
2006-01-04,28.4,28.49,28.01,28.09,75600
2006-01-05,28.09,28.47,28.0,28.04,69700
2006-01-06,28.02,28.31,27.9,27.9,135800
2006-01-09,28.2,28.24,27.81,28.15,195000
2006-01-10,27.9,28.22,27.9,28.14,156300
2006-01-11,28.3,28.34,27.91,27.98,81700
2006-01-12,28.02,28.21,28.0,28.05,93000
2006-01-13,28.15,28.29,28.0,28.23,61200
2006-01-17,28.1,28.4,28.06,28.19,80800
2006-01-18,28.07,28.23,28.0,28.17,89400
2006-01-19,28.15,28.47,28.03,28.22,82900
2006-01-20,28.15,28.36,28.0,28.13,93000
2006-01-23,28.18,28.41,28.15,28.33,65800
2006-01-24,28.3,28.46,28.3,28.43,47800
2006-01-25,28.35,28.76,28.35,28.6,74300
2006-01-26,28.61,28.7,28.35,28.63,67000
2006-01-27,28.73,28.74,28.33,28.46,58400
2006-01-30,28.5,28.5,28.35,28.42,45300
2006-01-31,28.4,28.45,28.1,28.16,59900
2006-02-01,28.42,29.0,28.3,28.98,81400
2006-02-02,28.88,29.05,28.6,28.7,54300
2006-02-03,28.68,28.99,28.68,28.81,39100
2006-02-06,28.96,28.99,28.78,28.84,61000
2006-02-07,28.84,28.99,28.76,28.9,45800
2006-02-08,28.98,28.99,28.85,28.97,39600
2006-02-09,28.97,29.0,28.91,28.99,66700
2006-02-10,28.99,29.0,28.75,28.99,103800
2006-02-13,28.99,28.99,28.8,28.99,60200
2006-02-14,29.0,29.29,28.92,29.23,160500
2006-02-15,29.29,29.85,29.29,29.63,144300
2006-02-16,29.88,29.9,29.51,29.8,83300
2006-02-17,29.68,29.69,29.51,29.52,39700
2006-02-21,29.45,29.6,29.3,29.47,69900
2006-02-22,29.55,29.73,29.39,29.71,31800
2006-02-23,29.6,29.65,29.25,29.5,96700
2006-02-24,29.5,29.5,29.27,29.49,37600
2006-02-27,29.49,29.5,29.3,29.49,53100
2006-02-28,29.59,29.65,29.3,29.38,57000
2006-03-01,29.25,29.48,29.06,29.4,52400
2006-03-02,29.2,29.75,29.11,29.66,69500
2006-03-03,29.55,29.71,29.15,29.66,52900
2006-03-06,29.56,29.62,29.39,29.4,62900
2006-03-07,29.25,29.29,28.95,28.98,76600
2006-03-08,28.96,29.5,28.94,29.33,70200
2006-03-09,29.18,29.3,28.81,28.96,51600
2006-03-10,29.02,29.09,28.8,29.07,55000
2006-03-13,29.17,29.25,28.85,28.97,66600
2006-03-14,29.05,29.19,28.92,29.15,74400
2006-03-15,29.19,29.19,29.0,29.14,59300
2006-03-16,29.05,29.05,28.71,28.85,112200
2006-03-17,28.8,28.94,28.68,28.78,96300
2006-03-20,28.65,28.96,28.6,28.9,55500
2006-03-21,28.9,29.0,28.7,28.79,56900
2006-03-22,29.0,29.25,28.85,29.1,59300
2006-03-23,29.25,29.31,28.8,29.01,91900
2006-03-24,29.01,29.01,28.55,28.67,104700
2006-03-27,28.9,28.9,28.66,28.66,57100
2006-03-28,28.6,28.78,28.5,28.71,85500
2006-03-29,28.85,29.05,28.54,29.02,64300
2006-03-30,29.0,29.35,28.77,29.03,55100
2006-03-31,29.5,29.5,29.2,29.25,81700
2006-04-03,29.03,29.17,28.28,28.5,150100
2006-04-04,28.5,28.6,28.3,28.4,99700
2006-04-05,28.45,28.45,28.03,28.11,121600
2006-04-06,28.15,28.37,28.03,28.05,97000
2006-04-07,28.1,28.37,28.1,28.16,46300
2006-04-10,28.13,28.25,28.01,28.25,58100
2006-04-11,28.25,28.45,27.99,28.1,71300
2006-04-12,28.17,28.51,28.17,28.35,56600
2006-04-13,28.45,28.5,28.01,28.23,46800
2006-04-17,28.15,28.19,28.0,28.09,60100
2006-04-18,28.05,28.13,27.8,27.95,66700
2006-04-19,27.8,28.03,27.75,27.85,68300
2006-04-20,27.85,27.91,27.72,27.84,44000
2006-04-21,27.84,27.98,27.76,27.79,49900
2006-04-24,27.75,27.88,27.57,27.81,58300
2006-04-25,27.65,27.85,27.55,27.55,70900
2006-04-26,27.65,27.9,27.54,27.58,57400
2006-04-27,27.6,27.84,27.53,27.84,55300
2006-04-28,27.65,28.15,27.57,28.15,59400
2006-05-01,27.9,28.01,27.66,27.8,59000
2006-05-02,27.85,28.0,27.55,27.56,89900
2006-05-03,27.55,27.65,27.5,27.51,61600
2006-05-04,27.56,27.81,27.51,27.71,49700
2006-05-05,27.8,27.85,27.54,27.61,55600
2006-05-08,27.5,27.98,27.5,27.7,73600
2006-05-09,27.75,27.9,27.52,27.64,54900
2006-05-10,27.74,27.81,27.43,27.44,57400
2006-05-11,27.5,27.57,27.26,27.4,73000
2006-05-12,27.65,27.69,27.16,27.3,58300
2006-05-15,27.5,27.53,27.0,27.45,168600
2006-05-16,27.9,27.9,27.27,27.4,106700
2006-05-17,27.05,27.7,27.04,27.31,58700
2006-05-18,27.45,27.45,27.05,27.05,68200
2006-05-19,27.07,27.35,26.96,27.0,117600
2006-05-22,26.75,27.39,26.69,27.39,132500
2006-05-23,27.49,27.89,26.71,26.74,256600
2006-05-24,26.75,26.8,26.1,26.44,202300
2006-05-25,26.55,26.63,26.27,26.43,133500
2006-05-26,26.43,26.48,26.35,26.46,87000
2006-05-30,26.46,26.47,26.27,26.35,178800
2006-05-31,26.4,26.42,26.35,26.39,147900
2006-06-01,26.36,26.75,26.35,26.75,108700
2006-06-02,26.7,26.7,26.52,26.7,98400
2006-06-05,26.7,26.76,26.6,26.68,94500
2006-06-06,26.78,26.8,26.51,26.61,80100
2006-06-07,26.65,26.8,26.61,26.66,74000
2006-06-08,26.8,26.8,26.42,26.53,108300
2006-06-09,26.78,26.81,26.65,26.69,71100
2006-06-12,26.72,26.88,26.6,26.62,66600
2006-06-13,26.57,26.6,26.31,26.34,88900
2006-06-14,26.34,26.36,25.62,25.81,236700
2006-06-15,25.91,26.79,25.88,26.55,113600
2006-06-16,26.59,26.83,26.38,26.61,111400
2006-06-19,26.62,26.69,26.4,26.61,127300
2006-06-20,26.7,26.75,26.57,26.71,77800
2006-06-21,26.8,26.89,26.75,26.85,76600
2006-06-22,26.8,27.1,26.7,26.93,70900
2006-06-23,26.93,26.96,26.24,26.62,205000
2006-06-26,26.72,26.75,26.51,26.58,101600
2006-06-27,26.48,26.68,26.38,26.4,115000
2006-06-28,26.5,26.7,26.37,26.39,88300
2006-06-29,26.4,26.61,26.28,26.28,153300
2006-06-30,26.5,26.6,26.36,26.54,157700
2006-07-03,26.06,26.17,25.94,26.05,65700
2006-07-05,26.05,26.1,25.56,25.6,128200
2006-07-06,25.53,25.69,25.38,25.6,143700
2006-07-07,25.51,25.66,25.39,25.54,63700
2006-07-10,25.55,25.68,25.42,25.42,134800
2006-07-11,25.4,25.5,25.22,25.34,80200
2006-07-12,25.26,25.6,24.82,24.87,221100
2006-07-13,24.83,25.03,24.63,24.65,117100
2006-07-14,24.8,24.8,24.6,24.75,120200
2006-07-17,24.75,24.75,24.51,24.65,126800
2006-07-18,24.65,24.75,24.36,24.52,135500
2006-07-19,24.56,24.75,24.43,24.65,162800
2006-07-20,24.65,24.7,24.41,24.47,77600
2006-07-21,25.35,25.4,24.71,24.84,167900
2006-07-24,25.4,25.41,24.85,25.07,187700
2006-07-25,25.27,25.35,24.81,24.83,130000
2006-07-26,25.15,25.19,24.75,25.1,137000
2006-07-27,25.15,25.21,25.0,25.1,129800
2006-07-28,25.25,25.35,25.06,25.26,97300
2006-07-31,25.34,25.34,25.06,25.32,94000
2006-08-01,25.2,25.28,24.79,24.9,135600
2006-08-02,24.9,25.02,24.76,24.93,85100
2006-08-03,25.0,25.0,24.75,24.79,95400
2006-08-04,24.79,25.0,24.66,24.79,132100
2006-08-07,24.79,24.83,24.45,24.5,169100
2006-08-08,24.5,24.77,24.22,24.27,130900
2006-08-09,24.4,24.49,24.13,24.15,101300
2006-08-10,24.4,24.4,24.12,24.23,122900
2006-08-11,24.66,24.66,24.35,24.56,114600
2006-08-14,24.7,24.84,24.57,24.81,135500
2006-08-15,24.9,25.32,24.89,25.31,159200
2006-08-16,25.75,26.0,25.16,25.28,240000
2006-08-17,25.15,25.59,25.15,25.41,88700
2006-08-18,25.41,25.75,25.36,25.66,108300
2006-08-21,25.66,25.8,25.4,25.74,115700
2006-08-22,25.75,25.97,25.63,25.74,113200
2006-08-23,25.79,25.95,25.56,25.78,75300
2006-08-24,25.85,25.87,25.57,25.57,68300
2006-08-25,25.6,25.74,25.43,25.53,48100
2006-08-28,25.43,25.89,25.43,25.72,80400
2006-08-29,25.72,26.1,25.72,26.08,99800
2006-08-30,26.14,26.3,26.1,26.2,114900
2006-08-31,26.2,26.44,26.2,26.4,104500
2006-09-01,26.5,26.58,26.37,26.44,68200
2006-09-05,26.54,26.54,26.3,26.4,60900
2006-09-06,26.45,26.6,25.93,25.95,145100
2006-09-07,25.9,26.08,25.84,26.0,99200
2006-09-08,26.25,26.4,25.95,26.4,81500
2006-09-11,26.3,26.41,26.0,26.19,85600
2006-09-12,26.19,26.5,26.19,26.4,98500
2006-09-13,26.5,26.51,26.15,26.36,101300
2006-09-14,26.36,26.49,26.13,26.36,83000
2006-09-15,26.38,26.5,26.05,26.3,56400
2006-09-18,26.36,26.36,25.98,26.06,57700
2006-09-19,25.9,26.24,25.85,26.18,74300
2006-09-20,26.25,26.33,26.01,26.1,63700
2006-09-21,26.03,26.43,26.03,26.32,84900
2006-09-22,26.35,26.4,26.11,26.13,48400
2006-09-25,26.12,26.2,26.01,26.09,59000
2006-09-26,26.12,26.42,26.01,26.38,70800
2006-09-27,26.3,26.38,26.0,26.1,72800
2006-09-28,26.01,26.39,26.01,26.3,80000
2006-09-29,26.46,26.46,26.28,26.28,131000
2006-10-02,26.41,26.47,26.25,26.41,125300
2006-10-03,26.46,26.81,26.39,26.79,145500
2006-10-04,26.7,26.88,26.67,26.79,72000
2006-10-05,26.71,26.99,26.62,26.9,97900
2006-10-06,26.95,27.15,26.95,27.04,93700
2006-10-09,27.04,27.25,27.02,27.16,92200
2006-10-10,27.16,27.24,27.08,27.15,48100
2006-10-11,27.2,27.25,27.02,27.09,84000
2006-10-12,27.0,27.25,27.0,27.21,91600
2006-10-13,27.25,27.64,27.11,27.62,100100
2006-10-16,27.72,27.8,27.42,27.8,68200
2006-10-17,27.84,27.89,27.52,27.88,50700
2006-10-18,27.89,27.9,27.62,27.8,102900
2006-10-19,27.8,27.82,27.46,27.69,76300
2006-10-20,27.66,27.66,27.19,27.32,55600
2006-10-23,27.3,27.31,27.01,27.15,63100
2006-10-24,27.16,27.59,27.16,27.56,70200
2006-10-25,27.56,27.82,27.4,27.53,64300
2006-10-26,27.59,27.93,27.41,27.89,40400
2006-10-27,27.79,27.9,27.5,27.5,45600
2006-10-30,27.53,27.76,27.44,27.45,48900
2006-10-31,27.5,27.54,27.3,27.44,71100
2006-11-01,26.97,27.22,26.44,27.11,128400
2006-11-02,27.0,27.1,26.9,27.04,74900
2006-11-03,27.0,27.19,26.95,27.1,69500
2006-11-06,27.1,27.44,27.03,27.41,78200
2006-11-07,27.4,27.49,27.13,27.3,76900
2006-11-08,27.1,27.5,27.1,27.45,52500
2006-11-09,27.42,27.43,27.05,27.33,72500
2006-11-10,27.45,28.0,27.45,28.0,113500
2006-11-13,27.8,27.85,27.45,27.6,89600
2006-11-14,27.7,27.75,27.43,27.73,55200
2006-11-15,27.93,27.93,27.55,27.75,84300
2006-11-16,27.95,28.0,27.7,27.95,107500
2006-11-17,27.6,28.0,27.6,27.89,51400
2006-11-20,28.0,28.05,27.88,27.93,90600
2006-11-21,27.98,28.02,27.85,27.89,66400
2006-11-22,27.89,27.98,27.81,27.95,59600
2006-11-24,28.0,28.04,27.75,28.04,29200
2006-11-27,28.06,28.06,27.55,27.9,79300
2006-11-28,27.9,28.07,27.8,27.99,112100
2006-11-29,27.91,28.05,27.67,27.7,75200
2006-11-30,27.95,28.0,27.7,27.75,107900
2006-12-01,27.8,27.86,27.67,27.81,78000
2006-12-04,27.77,27.95,27.71,27.87,87600
2006-12-05,27.95,28.0,27.73,27.9,78000
2006-12-06,28.0,28.0,27.79,28.0,79100
2006-12-07,28.05,28.05,27.76,27.87,71000
2006-12-08,27.81,28.0,27.81,27.99,59500
2006-12-11,27.99,28.01,27.77,27.86,89500
2006-12-12,27.8,28.0,27.7,27.81,73800
2006-12-13,27.7,27.9,27.69,27.83,82200
2006-12-14,27.8,27.94,27.78,27.88,85500
2006-12-15,27.86,27.94,27.78,27.86,71000
2006-12-18,27.86,27.99,27.81,27.91,68500
2006-12-19,27.86,28.0,27.86,27.94,68500
2006-12-20,27.8,28.15,27.8,27.93,43500
2006-12-21,28.23,28.23,27.68,27.71,93800
2006-12-22,27.85,27.99,27.57,27.6,68700
2006-12-26,27.5,27.75,27.45,27.65,77100
2006-12-27,27.5,28.0,27.5,27.98,68600
2006-12-28,28.08,28.1,27.68,27.85,61500
2006-12-29,27.65,28.05,27.65,27.82,68600
2007-01-03,27.99,27.99,27.65,27.73,98700
2007-01-04,27.74,28.0,27.71,27.84,88900
2007-01-05,27.84,27.98,27.61,27.64,45000
2007-01-08,27.6,27.74,27.54,27.55,159600
2007-01-09,27.5,27.77,27.5,27.65,107200
2007-01-10,27.7,27.8,27.65,27.74,89100
2007-01-11,27.71,27.95,27.65,27.85,69800
2007-01-12,27.8,28.0,27.8,27.93,46800
2007-01-16,27.95,28.09,27.9,28.0,64600
2007-01-17,27.95,28.09,27.9,27.94,55300
2007-01-18,27.95,28.05,27.71,27.81,67100
2007-01-19,27.81,27.9,27.66,27.85,62600
2007-01-22,27.71,28.04,27.66,27.98,63000
2007-01-23,27.73,28.28,27.73,28.18,57200
2007-01-24,28.14,28.46,28.14,28.22,57100
2007-01-25,28.34,28.58,28.23,28.29,58700
2007-01-26,28.48,28.65,28.24,28.35,55500
2007-01-29,28.59,28.65,28.45,28.49,51800
2007-01-30,28.49,28.66,28.46,28.52,49800
2007-01-31,28.59,28.67,28.5,28.59,44900
2007-02-01,28.25,28.43,28.12,28.33,51000
2007-02-02,28.34,28.79,28.13,28.61,70900
2007-02-05,28.59,28.61,28.43,28.56,81000
2007-02-06,28.52,28.86,28.43,28.83,114200
2007-02-07,28.88,29.0,28.18,28.35,53800
2007-02-08,28.85,29.12,28.43,28.73,102900
2007-02-09,28.46,28.75,28.4,28.55,74700
2007-02-12,28.75,28.75,28.37,28.64,77055
2007-02-13,28.71,28.9,28.46,28.54,76200
2007-02-14,28.45,28.69,28.45,28.55,47000
2007-02-15,28.73,29.1,28.52,29.0,186300
2007-02-16,29.14,29.22,28.94,29.22,128300
2007-02-20,29.1,29.37,29.05,29.33,66500
2007-02-21,29.13,29.5,29.12,29.37,64000
2007-02-22,29.48,29.5,29.14,29.24,81900
2007-02-23,29.04,29.51,28.95,29.35,90800
2007-02-26,29.18,29.5,29.11,29.49,88100
2007-02-27,28.99,30.65,28.2,29.0,148900
2007-02-28,29.0,29.2,28.7,28.92,118500
2007-03-01,28.37,28.9,28.21,28.87,76200
2007-03-02,28.77,29.05,28.57,29.01,128200
2007-03-05,28.5,29.0,28.32,28.99,163200
2007-03-06,29.0,29.62,28.84,29.55,117800
2007-03-07,29.68,29.85,29.5,29.85,125700
2007-03-08,29.87,30.23,29.75,29.89,69400
2007-03-09,29.49,29.89,29.32,29.47,70700
2007-03-12,29.22,29.57,29.01,29.55,90800
2007-03-13,29.75,29.76,29.1,29.24,59000
2007-03-14,29.03,29.33,28.95,28.97,50500
2007-03-15,29.0,29.21,28.82,29.0,102500
2007-03-16,28.75,29.0,28.59,28.87,80600
2007-03-19,28.92,29.12,28.43,28.96,86400
2007-03-20,28.96,29.32,28.68,28.79,91400
2007-03-21,28.7,29.03,28.5,29.03,81600
2007-03-22,28.82,29.0,28.74,28.98,93200
2007-03-23,28.72,29.05,28.72,28.86,49900
2007-03-26,28.61,29.22,28.61,28.91,74300
2007-03-27,28.66,29.0,28.6,28.74,57800
2007-03-28,28.99,28.99,28.59,28.75,58900
2007-03-29,28.6,28.73,28.43,28.44,56000
2007-03-30,28.41,28.9,28.41,28.56,67400
2007-04-02,28.13,28.45,28.1,28.45,53300
2007-04-03,28.65,28.83,28.45,28.68,54100
2007-04-04,28.47,28.75,28.43,28.6,49600
2007-04-05,28.52,29.06,28.32,28.69,82800
2007-04-09,28.64,28.91,28.47,28.58,56500
2007-04-10,28.65,28.9,28.42,28.71,44400
2007-04-11,28.42,28.56,28.19,28.3,102800
2007-04-12,28.21,28.55,27.96,28.2,110300
2007-04-13,28.09,28.49,28.04,28.26,47900
2007-04-16,28.21,28.6,27.95,28.51,54400
2007-04-17,28.9,29.05,28.78,28.89,86500
2007-04-18,28.77,29.0,28.77,28.87,58000
2007-04-19,28.96,28.96,28.75,28.76,32700
2007-04-20,28.94,29.0,28.77,28.91,48900
2007-04-23,29.0,29.52,28.55,28.91,57100
2007-04-24,29.16,29.2,28.96,28.99,63800
2007-04-25,28.9,29.2,28.9,29.02,70700
2007-04-26,28.95,29.2,28.77,28.86,87800
2007-04-27,29.0,29.16,28.74,28.89,89100
2007-04-30,29.08,29.11,28.83,29.11,119700
2007-05-01,28.88,29.0,28.6,28.7,61000
2007-05-02,28.52,29.1,28.52,29.02,103900
2007-05-03,29.0,29.55,28.89,29.25,212900
2007-05-04,29.25,29.59,28.64,29.0,146700
2007-05-07,28.9,29.04,28.84,29.04,68700
2007-05-08,28.86,29.24,28.75,28.88,100200
2007-05-09,28.66,28.98,28.65,28.85,90200
2007-05-10,28.97,29.0,28.58,28.84,68400
2007-05-11,29.16,29.38,28.67,29.07,63800
2007-05-14,29.24,29.27,28.81,28.95,54100
2007-05-15,29.15,29.15,28.65,28.88,160800
2007-05-16,28.78,29.28,28.78,29.1,103300
2007-05-17,29.19,29.19,28.7,28.74,55900
2007-05-18,28.71,28.93,28.71,28.84,45400
2007-05-21,28.94,29.0,28.81,28.91,57800
2007-05-22,28.8,29.05,28.8,28.9,52300
2007-05-23,29.09,29.29,28.84,29.02,190800
2007-05-24,29.0,29.39,28.91,28.95,63100
2007-05-25,28.97,29.27,28.97,29.24,87200
2007-05-29,29.06,29.58,29.06,29.19,77000
2007-05-30,29.06,29.3,29.0,29.19,69400
2007-05-31,29.05,29.36,28.97,29.16,62400
2007-06-01,29.66,29.66,29.05,29.25,81600
2007-06-04,29.58,29.58,29.23,29.28,82900
2007-06-05,29.38,29.49,29.04,29.12,40900
2007-06-06,29.22,29.22,28.01,28.78,309800
2007-06-07,28.53,28.66,28.3,28.36,78600
2007-06-08,28.12,28.65,28.12,28.5,75700
2007-06-11,28.41,28.61,28.32,28.49,78500
2007-06-12,28.35,28.49,28.2,28.3,41000
2007-06-13,28.99,28.99,28.06,28.32,74500
2007-06-14,28.07,28.39,28.07,28.2,55600
2007-06-15,28.38,28.45,28.2,28.26,57200
2007-06-18,28.38,28.58,28.1,28.39,86900
2007-06-19,28.49,28.49,28.27,28.39,64300
2007-06-20,28.4,28.59,28.35,28.35,114700
2007-06-21,28.4,28.81,28.26,28.28,79200
2007-06-22,28.25,28.43,28.07,28.43,147800
2007-06-25,28.33,28.48,28.06,28.07,69900
2007-06-26,28.07,28.49,28.07,28.39,65800
2007-06-27,28.39,28.4,28.14,28.27,43700
2007-06-28,28.22,28.4,28.05,28.26,77700
2007-06-29,28.44,28.44,28.01,28.22,54700
2007-07-02,28.39,28.62,28.23,28.39,143200
2007-07-03,28.79,28.79,28.3,28.6,46900
2007-07-05,28.41,28.75,28.4,28.54,45700
2007-07-06,28.56,29.22,28.42,28.84,67700
2007-07-09,29.06,29.9,28.9,29.8,393000
2007-07-10,29.08,29.88,28.59,29.47,253700
2007-07-11,29.5,29.97,28.75,29.36,288800
2007-07-12,29.26,29.9,29.06,29.66,188300
2007-07-13,29.04,29.27,28.21,28.98,291500
2007-07-16,28.27,29.0,28.15,28.75,234700
2007-07-17,29.14,29.14,28.45,28.83,119500
2007-07-18,28.58,28.95,28.58,28.9,74400
2007-07-19,28.7,29.05,28.67,29.0,161300
2007-07-20,28.85,28.95,28.59,28.6,87300
2007-07-23,28.99,29.0,28.5,28.81,108200
2007-07-24,28.75,28.89,28.1,28.19,91600
2007-07-25,28.75,28.91,28.15,28.8,84500
2007-07-26,28.8,29.1,28.4,28.77,112700
2007-07-27,28.5,28.5,27.88,28.05,172000
2007-07-30,28.5,29.35,28.06,28.49,493100
2007-07-31,28.1,29.0,28.1,28.73,315800
2007-08-01,27.75,28.42,26.52,27.9,217700
2007-08-02,27.33,27.91,27.02,27.74,122500
2007-08-03,27.4,27.99,27.12,27.35,89900
2007-08-06,26.61,27.54,25.22,27.19,226600
2007-08-07,26.53,27.78,26.53,27.77,153100
2007-08-08,27.95,28.0,27.47,27.79,175000
2007-08-09,26.76,27.99,26.61,27.71,146200
2007-08-10,27.33,28.0,26.64,26.7,138100
2007-08-13,26.04,26.76,25.8,25.99,232700
2007-08-14,26.35,26.35,25.45,25.98,121400
2007-08-15,26.55,26.68,25.9,26.15,111200
2007-08-16,26.15,26.7,25.4,25.73,199200
2007-08-17,25.9,26.45,25.89,26.2,148500
2007-08-20,26.2,26.2,25.07,25.91,157600
2007-08-21,25.65,26.8,25.65,26.25,102500
2007-08-22,26.9,27.02,26.11,27.02,131800
2007-08-23,26.78,27.04,26.51,26.6,77400
2007-08-24,26.51,26.83,26.34,26.59,48100
2007-08-27,26.5,26.5,25.92,25.92,73100
2007-08-28,26.35,26.39,25.72,25.72,74700
2007-08-29,25.66,25.95,25.45,25.63,58700
2007-08-30,25.46,25.66,25.27,25.34,55400
2007-08-31,25.46,25.55,25.24,25.31,71800
2007-09-04,25.31,25.87,25.08,25.75,89000
2007-09-05,25.74,25.96,25.54,25.81,57100
2007-09-06,25.76,26.0,25.56,25.85,86300
2007-09-07,25.99,26.21,25.63,25.88,65300
2007-09-10,25.78,25.95,25.25,25.47,75100
2007-09-11,25.6,25.85,25.25,25.28,62600
2007-09-12,25.26,25.49,25.13,25.13,59800
2007-09-13,25.11,25.31,25.01,25.16,62700
2007-09-14,25.0,25.04,23.78,23.84,230800
2007-09-17,23.88,24.73,23.8,24.5,200900
2007-09-18,24.48,25.3,24.4,25.16,138900
2007-09-19,25.06,25.65,24.83,25.29,89500
2007-09-20,25.33,25.48,25.0,25.01,83550
2007-09-21,25.01,25.23,24.93,25.03,128700
2007-09-24,25.34,25.67,24.9,25.01,106400
2007-09-25,24.93,25.02,24.68,24.7,57000
2007-09-26,24.6,24.96,24.01,24.1,113600
2007-09-27,24.15,24.55,23.99,24.28,105300
2007-09-28,24.54,24.55,23.85,23.85,108800
2007-10-01,23.9,24.34,23.76,23.85,120000
2007-10-02,24.06,24.53,23.79,24.39,183500
2007-10-03,24.11,24.84,24.11,24.75,126700
2007-10-04,24.75,24.75,24.54,24.58,96000
2007-10-05,24.4,24.88,24.4,24.7,125800
2007-10-08,24.84,24.96,24.43,24.51,91300
2007-10-09,24.79,24.79,24.24,24.45,88900
2007-10-10,24.32,24.42,24.03,24.14,89900
2007-10-11,24.13,24.14,23.28,23.28,253400
2007-10-12,23.85,23.99,23.2,23.25,225200
2007-10-15,23.4,23.67,23.02,23.19,265200
2007-10-16,23.2,23.59,23.05,23.12,160900
2007-10-17,23.3,23.48,23.16,23.44,145000
2007-10-18,23.46,23.65,23.2,23.2,139100
2007-10-19,23.16,23.29,23.01,23.13,117900
2007-10-22,23.05,23.59,23.0,23.25,177700
2007-10-23,23.34,23.62,23.21,23.49,113500
2007-10-24,23.49,23.82,23.33,23.65,117900
2007-10-25,23.6,23.72,23.32,23.52,145500
2007-10-26,23.4,23.92,23.4,23.8,162400
2007-10-29,23.85,24.25,23.74,24.24,90900
2007-10-30,24.24,24.44,24.08,24.31,109100
2007-10-31,24.31,24.67,24.07,24.58,143300
2007-11-01,24.08,24.1,23.53,23.57,92700
2007-11-02,23.5,23.85,23.01,23.06,78200
2007-11-05,23.23,23.25,22.89,23.17,79965
2007-11-06,23.0,23.94,22.91,23.4,144045
2007-11-07,23.33,23.4,21.6,21.86,317950
2007-11-08,21.91,22.25,21.13,21.4,324000
2007-11-09,21.33,22.0,21.31,21.7,171075
2007-11-12,21.82,23.28,21.75,22.39,169400
2007-11-13,22.74,23.1,22.45,22.95,132900
2007-11-14,23.45,23.48,22.27,22.34,147800
2007-11-15,22.4,23.7,22.4,23.55,160800
2007-11-16,23.74,24.78,23.73,24.26,224303
2007-11-19,24.15,24.35,23.53,24.07,114000
2007-11-20,23.89,24.27,23.88,24.05,88205
2007-11-21,24.2,24.32,23.86,24.04,76200
2007-11-23,24.15,24.32,23.91,24.01,43850
2007-11-26,24.28,24.54,23.85,24.0,88810
2007-11-27,23.85,24.23,23.6,24.08,88400
2007-11-28,23.98,24.3,23.31,23.74,101601
2007-11-29,23.54,24.14,23.54,23.73,87700
2007-11-30,23.67,24.31,23.6,23.85,100655
2007-12-03,23.99,24.2,23.48,23.54,255630
2007-12-04,23.62,23.62,22.75,22.9,115400
2007-12-05,22.89,23.09,22.5,22.51,129900
2007-12-06,22.72,23.0,22.43,22.69,151500
2007-12-07,22.97,22.97,22.22,22.4,143000
2007-12-10,22.31,22.64,21.71,21.72,202741
2007-12-11,21.71,22.02,21.45,21.45,289433
2007-12-12,21.72,22.26,21.5,21.63,151701
2007-12-13,21.81,21.87,21.36,21.8,192807
2007-12-14,21.61,21.9,21.0,21.08,199102
2007-12-17,20.96,21.67,20.96,21.28,128450
2007-12-18,21.26,21.67,21.22,21.4,126602
2007-12-19,21.31,21.51,21.11,21.18,130000
2007-12-20,21.07,21.55,20.92,21.19,292150
2007-12-21,21.2,21.79,21.16,21.55,212200
2007-12-24,21.43,21.84,21.4,21.72,97450
2007-12-26,21.56,21.83,21.4,21.6,207345
2007-12-27,21.5,21.74,21.13,21.42,177500
2007-12-28,21.37,21.48,21.0,21.0,146558
2007-12-31,20.78,21.32,20.63,21.13,252531
2008-01-02,21.33,21.5,20.78,21.22,79358
2008-01-03,21.46,21.46,20.87,20.93,95700
2008-01-04,20.76,21.2,20.76,20.87,93500
2008-01-07,20.8,21.12,20.75,20.81,100500
2008-01-08,20.94,20.94,20.5,20.51,147400
2008-01-09,20.5,20.74,19.76,20.25,140749
2008-01-10,20.25,20.55,19.95,20.34,148050
2008-01-11,20.48,20.64,20.11,20.57,145200
2008-01-14,20.67,20.75,20.1,20.21,169535
2008-01-15,20.19,20.54,20.0,20.25,111197
2008-01-16,20.01,20.69,20.01,20.3,114330
2008-01-17,20.4,20.4,20.06,20.08,162700
2008-01-18,20.06,20.4,19.56,20.0,136653
2008-01-22,19.45,20.14,19.25,19.73,168181
2008-01-23,19.8,20.86,19.6,20.38,231679
2008-01-24,20.71,20.99,20.25,20.4,175350
2008-01-25,20.47,20.94,20.23,20.38,147576
2008-01-28,20.54,20.54,20.08,20.23,163432
2008-01-29,20.44,20.85,20.34,20.59,140950
2008-01-30,20.7,21.83,20.57,21.83,132408
2008-01-31,21.76,22.22,21.3,21.9,148732
2008-02-01,21.8,22.05,21.02,22.05,106095
2008-02-04,22.17,22.7,21.71,22.65,103277
2008-02-05,22.26,22.56,21.86,22.1,96575
2008-02-06,21.89,22.2,21.85,21.92,64946
2008-02-07,21.55,22.39,21.55,22.3,111750
2008-02-08,22.35,22.75,22.02,22.12,78050
2008-02-11,21.97,22.56,21.93,22.37,73350
2008-02-12,22.85,23.53,22.55,23.23,122618
2008-02-13,23.15,23.38,22.96,23.16,87650
2008-02-14,23.24,23.39,22.8,22.97,90520
2008-02-15,23.18,23.43,22.51,23.4,104600
2008-02-19,23.6,24.5,23.6,23.95,154138
2008-02-20,23.78,24.13,23.56,23.9,75430
2008-02-21,23.74,24.05,23.6,23.74,66200
2008-02-22,23.68,23.81,23.06,23.34,75152
2008-02-25,23.64,23.8,23.24,23.64,60550
2008-02-26,23.64,23.95,23.39,23.95,58300
2008-02-27,23.85,24.0,23.63,23.75,56730
2008-02-28,23.97,24.03,23.59,23.71,62050
2008-02-29,23.71,23.78,22.96,23.12,84687
2008-03-03,23.15,23.15,21.81,21.93,190460
2008-03-04,22.0,22.19,21.6,21.95,107439
2008-03-05,22.0,22.32,21.96,22.27,55500
2008-03-06,22.34,22.66,22.15,22.28,68867
2008-03-07,22.23,22.43,21.95,21.96,71800
2008-03-10,21.86,22.35,21.72,21.81,57795
2008-03-11,22.04,22.63,21.52,22.47,107800
2008-03-12,22.3,22.78,22.07,22.47,49512
2008-03-13,22.4,22.78,22.0,22.2,170000
2008-03-14,22.13,22.41,21.52,21.76,61470
2008-03-17,21.75,21.75,21.0,21.35,90390
2008-03-18,21.36,21.75,21.36,21.74,44700
2008-03-19,21.74,22.14,21.6,21.85,136000
2008-03-20,21.79,22.84,21.6,22.75,252700
2008-03-24,22.91,23.45,22.76,23.3,106919
2008-03-25,23.42,23.45,22.72,23.02,75965
2008-03-26,22.7,23.02,22.5,22.72,96801
2008-03-27,22.82,23.19,22.65,23.05,86393
2008-03-28,22.9,23.44,22.5,23.01,156256
2008-03-31,22.89,23.38,22.74,23.25,71259
2008-04-01,23.47,23.72,23.36,23.48,115100
2008-04-02,23.4,23.48,23.0,23.19,74450
2008-04-03,22.93,23.32,22.64,23.22,100704
2008-04-04,23.28,23.45,23.04,23.42,60600
2008-04-07,23.38,23.45,23.05,23.27,58314
2008-04-08,23.17,23.36,23.01,23.3,38465
2008-04-09,23.3,23.3,22.7,22.86,76850
2008-04-10,22.97,23.09,22.67,22.9,70100
2008-04-11,22.86,22.86,22.5,22.67,91700
2008-04-14,22.57,22.95,22.55,22.95,53466
2008-04-15,23.1,23.1,22.51,22.97,63150
2008-04-16,23.03,23.26,22.8,23.26,50095
2008-04-17,23.05,23.4,23.03,23.3,67829
2008-04-18,23.55,23.96,23.18,23.39,84969
2008-04-21,23.54,23.74,23.4,23.63,39162
2008-04-22,23.59,23.71,23.27,23.7,59747
2008-04-23,23.61,23.75,23.2,23.28,44412
2008-04-24,23.25,23.25,22.8,23.0,94621
2008-04-25,23.18,23.84,23.18,23.75,72046
2008-04-28,23.93,24.09,23.8,24.04,66258
2008-04-29,23.97,24.05,23.88,23.9,90106
2008-04-30,24.09,24.09,23.52,23.58,79941
2008-05-01,22.93,23.38,22.5,22.62,142229
2008-05-02,22.68,22.79,22.29,22.5,131919
2008-05-05,22.42,23.17,22.42,22.76,95289
2008-05-06,23.61,23.61,22.41,22.66,117688
2008-05-07,22.6,23.08,22.5,23.07,90968
2008-05-08,23.17,23.5,23.0,23.37,83512
2008-05-09,23.32,23.85,23.3,23.78,73387
2008-05-12,23.95,24.07,23.7,23.94,78117
2008-05-13,24.08,24.12,23.7,24.06,81425
2008-05-14,24.05,24.12,23.7,24.07,59152
2008-05-15,24.1,24.87,23.8,24.71,219664
2008-05-16,24.86,25.0,24.04,24.59,144976
2008-05-19,24.42,24.64,24.04,24.24,72840
2008-05-20,24.25,24.25,23.5,23.81,99177
2008-05-21,23.81,23.86,23.51,23.7,123149
2008-05-22,23.47,23.72,23.15,23.29,127138
2008-05-23,23.35,23.45,23.0,23.09,99766
2008-05-27,22.98,23.09,22.9,23.08,96162
2008-05-28,23.05,23.41,23.04,23.2,81524
2008-05-29,23.2,23.2,22.94,23.02,118264
2008-05-30,23.15,23.18,22.84,23.18,78867
2008-06-02,23.09,23.26,22.65,22.82,85089
2008-06-03,22.73,22.96,22.64,22.72,90099
2008-06-04,22.7,22.96,22.37,22.45,101922
2008-06-05,22.42,22.92,22.35,22.4,95636
2008-06-06,22.62,22.62,22.0,22.05,84621
2008-06-09,22.33,22.72,21.65,21.86,244088
2008-06-10,21.61,22.33,21.61,22.29,112236
2008-06-11,22.2,22.62,21.95,21.97,162111
2008-06-12,22.17,22.3,21.9,22.0,84432
2008-06-13,21.88,21.98,21.52,21.6,111606
2008-06-16,21.65,21.8,21.29,21.4,129900
2008-06-17,21.96,22.05,21.3,21.51,82824
2008-06-18,21.4,21.5,21.21,21.28,74636
2008-06-19,21.38,21.48,21.14,21.4,52217
2008-06-20,21.15,21.37,20.72,21.07,106555
2008-06-23,21.08,21.12,20.52,20.56,111916
2008-06-24,20.55,20.6,19.9,19.9,164139
2008-06-25,20.0,20.23,19.85,19.89,179657
2008-06-26,19.84,19.89,19.38,19.43,108201
2008-06-27,19.34,19.34,18.94,18.99,202233
2008-06-30,19.14,19.14,18.57,18.79,222069
2008-07-01,18.88,19.34,17.99,18.0,291769
2008-07-02,18.14,18.36,17.68,17.85,139429
2008-07-03,17.85,18.05,17.5,17.59,88875
2008-07-07,17.62,17.89,17.24,17.33,237635
2008-07-08,17.4,17.78,17.35,17.55,227198
2008-07-09,17.74,17.74,17.06,17.09,128016
2008-07-10,17.1,17.1,16.14,16.69,424664
2008-07-11,16.65,17.25,16.45,16.98,300885
2008-07-14,17.25,17.36,16.6,16.75,254098
2008-07-15,17.06,17.15,16.5,17.11,229041
2008-07-16,16.93,17.34,16.5,17.22,257345
2008-07-17,17.25,17.87,17.14,17.86,194549
2008-07-18,18.0,18.35,17.8,18.24,101004
2008-07-21,18.2,18.75,18.1,18.34,132717
2008-07-22,18.31,19.6,18.22,19.46,153263
2008-07-23,19.56,20.33,19.56,20.2,176044
2008-07-24,20.2,20.2,19.38,19.54,141147
2008-07-25,19.53,19.88,19.41,19.73,100044
2008-07-28,20.99,20.99,19.6,19.8,129966
2008-07-29,19.84,20.23,19.7,20.09,59638
2008-07-30,20.26,20.46,20.1,20.45,62306
2008-07-31,20.37,20.84,20.12,20.2,141047
2008-08-01,19.83,19.83,19.12,19.36,160638
2008-08-04,19.24,19.9,19.13,19.9,110514
2008-08-05,20.5,22.69,20.05,22.69,341286
2008-08-06,21.95,22.32,21.0,22.28,188754
2008-08-07,22.09,22.18,21.32,21.9,126064
2008-08-08,21.75,22.3,21.5,22.11,69209
2008-08-11,22.19,22.91,21.91,22.75,112653
2008-08-12,22.7,22.89,22.5,22.78,115354
2008-08-13,22.75,22.75,22.01,22.34,65462
2008-08-14,22.38,22.88,22.23,22.81,128051
2008-08-15,22.52,23.35,22.29,23.32,208550
2008-08-18,23.44,23.57,22.5,23.17,101300
2008-08-19,22.71,22.78,22.36,22.37,88226
2008-08-20,22.25,22.27,21.77,21.91,71105
2008-08-21,21.65,21.8,21.24,21.34,122040
2008-08-22,21.5,21.87,21.38,21.73,59491
2008-08-25,21.79,22.04,21.13,21.32,122895
2008-08-26,21.3,21.35,20.64,21.0,95468
2008-08-27,20.87,20.98,20.58,20.75,78597
2008-08-28,20.74,21.05,20.62,20.95,32746
2008-08-29,21.39,21.42,20.72,21.0,80523
2008-09-02,20.98,21.08,20.58,20.84,133518
2008-09-03,20.8,20.97,20.5,20.69,56579
2008-09-04,20.5,20.66,19.91,20.28,108808
2008-09-05,19.94,20.15,19.84,20.1,97827
2008-09-08,21.39,21.41,20.72,21.21,182281
2008-09-09,20.51,22.09,20.51,22.01,215692
2008-09-10,22.0,22.71,21.87,22.67,141205
2008-09-11,22.53,23.04,21.99,22.92,254154
2008-09-12,22.82,23.07,22.63,22.98,135470
2008-09-15,22.22,23.12,22.22,22.63,110079
2008-09-16,22.5,22.8,22.18,22.8,156208
2008-09-17,22.3,22.97,21.91,22.1,133932
2008-09-18,22.21,23.0,21.68,22.29,227027
2008-09-19,22.9,23.26,22.83,23.0,157955
2008-09-22,22.75,22.76,22.16,22.52,81272
2008-09-23,22.42,22.42,22.0,22.01,61345
2008-09-24,22.05,22.13,21.95,22.01,66420
2008-09-25,21.94,22.08,21.75,21.81,76679
2008-09-26,21.47,21.55,20.78,21.01,90892
2008-09-29,20.71,21.0,19.76,19.98,156449
2008-09-30,20.09,21.0,19.93,20.71,147243
2008-10-01,20.71,20.71,20.01,20.55,65242
2008-10-02,20.3,20.93,19.95,20.57,114178
2008-10-03,20.65,20.65,18.65,18.67,145585
2008-10-06,18.27,18.52,16.56,17.89,285724
2008-10-07,17.78,18.56,16.53,17.9,217593
2008-10-08,17.48,18.74,15.42,18.33,337055
2008-10-09,18.24,18.24,13.68,14.16,389836
2008-10-10,13.99,14.31,12.5,13.89,535553
2008-10-13,15.28,18.57,14.35,16.55,204413
2008-10-14,18.25,18.25,16.0,16.05,254959
2008-10-15,16.4,16.75,15.5,15.76,121560
2008-10-16,16.0,16.73,15.16,15.35,167683
2008-10-17,15.15,16.28,15.15,16.12,160728
2008-10-20,17.63,17.63,16.56,16.78,140736
2008-10-21,17.88,17.88,16.78,17.03,99638
2008-10-22,17.57,17.57,16.53,16.67,110823
2008-10-23,16.69,16.82,15.51,16.47,165616
2008-10-24,16.06,16.32,15.95,15.95,170844
2008-10-27,15.99,16.23,15.91,15.92,69341
2008-10-28,15.74,16.92,15.5,16.73,169306
2008-10-29,16.5,17.69,16.15,17.46,88638
2008-10-30,17.79,17.79,17.35,17.67,101683
2008-10-31,17.75,18.59,17.41,18.49,128046
2008-11-03,18.6,18.6,17.59,17.89,118821
2008-11-04,18.0,18.83,17.8,18.7,116341
2008-11-05,18.7,18.82,17.93,18.63,99780
2008-11-06,18.6,19.5,17.65,18.12,195261
2008-11-07,18.1,18.1,16.81,17.52,197395
2008-11-10,17.49,17.49,15.35,15.99,220482
2008-11-11,16.76,16.85,13.65,14.68,350675
2008-11-12,14.73,14.88,13.75,13.86,262007
2008-11-13,13.68,13.8,12.64,13.61,295031
2008-11-14,13.61,14.62,13.41,13.6,225767
2008-11-17,14.48,15.07,13.51,14.7,396955
2008-11-18,15.39,15.99,13.82,14.67,296884
2008-11-19,14.45,14.94,12.78,12.8,182219
2008-11-20,12.72,12.94,11.26,11.56,327236
2008-11-21,12.14,12.47,11.25,12.01,236282
2008-11-24,11.98,12.56,11.98,12.4,211049
2008-11-25,12.75,12.98,12.3,12.94,127606
2008-11-26,13.19,13.69,12.83,13.5,130319
2008-11-28,13.26,13.5,13.08,13.44,87951
2008-12-01,13.0,13.31,12.26,12.26,110815
2008-12-02,12.55,12.64,12.1,12.32,220247
2008-12-03,12.27,12.69,12.1,12.57,109200
2008-12-04,12.5,13.05,12.25,12.64,136918
2008-12-05,12.67,13.43,12.23,13.42,149113
2008-12-08,13.75,14.1,13.43,13.88,213403
2008-12-09,13.98,14.03,13.43,13.51,123174
2008-12-10,13.53,14.15,13.29,13.77,116600
2008-12-11,13.97,14.01,13.12,13.35,151429
2008-12-12,13.61,13.61,12.65,12.9,105972
2008-12-15,12.81,13.15,12.22,12.45,136096
2008-12-16,12.29,13.25,12.28,13.15,267449
2008-12-17,12.93,12.97,12.45,12.66,197250
2008-12-18,12.97,12.97,12.54,12.68,125325
2008-12-19,12.49,12.93,12.49,12.58,83801
2008-12-22,12.5,12.64,12.0,12.15,134667
2008-12-23,12.07,12.43,12.0,12.23,122719
2008-12-24,12.09,12.33,12.03,12.09,69500
2008-12-26,12.05,12.25,12.05,12.22,58343
2008-12-29,12.25,12.25,12.0,12.09,172203
2008-12-30,12.05,12.46,12.0,12.19,239220
2008-12-31,12.07,12.59,11.88,12.53,248226
2009-01-02,12.73,13.45,12.29,13.29,246108
2009-01-05,13.4,13.86,13.24,13.68,109275
2009-01-06,13.95,14.1,13.59,13.91,292997
2009-01-07,13.64,14.0,13.5,13.77,176368
2009-01-08,13.77,13.96,13.43,13.7,213096
2009-01-09,13.96,13.96,13.01,13.07,227683
2009-01-12,13.18,13.18,12.77,13.0,286929
2009-01-13,13.1,13.64,12.95,13.62,157597
2009-01-14,13.6,13.83,13.14,13.63,142064
2009-01-15,13.77,14.0,13.01,13.74,198576
2009-01-16,14.0,14.05,13.67,13.81,122970
2009-01-20,13.65,13.8,12.95,13.02,138366
2009-01-21,13.12,13.7,13.06,13.69,123576
2009-01-22,13.68,13.97,13.01,13.3,172629
2009-01-23,12.97,12.97,11.76,11.91,377609
2009-01-26,12.5,12.5,10.0,10.51,667040
2009-01-27,10.58,11.48,10.58,11.07,374244
2009-01-28,11.46,11.47,10.8,11.05,254338
2009-01-29,11.0,11.09,10.49,10.6,220972
2009-01-30,11.09,11.09,10.43,10.73,263498
2009-02-02,10.72,10.72,10.07,10.33,288854
2009-02-03,10.26,10.46,10.07,10.37,192170
2009-02-04,10.53,10.66,10.0,10.05,261463
2009-02-05,10.14,10.35,10.0,10.18,151476
2009-02-06,10.2,10.47,10.15,10.34,256983
2009-02-09,10.51,10.51,10.2,10.37,112248
2009-02-10,10.41,10.41,9.98,10.03,225020
2009-02-11,10.81,10.81,9.8,9.94,241664
2009-02-12,9.94,10.12,9.11,10.09,340194
2009-02-13,10.0,10.1,9.5,9.55,245340
2009-02-17,9.29,10.3,9.26,9.42,425106
2009-02-18,9.42,10.03,9.42,9.49,258471
2009-02-19,9.16,9.25,8.87,8.9,319743
2009-02-20,8.99,8.99,8.08,8.2,233424
2009-02-23,8.49,8.49,7.67,7.7,187454
2009-02-24,7.66,8.0,7.66,7.97,198463
2009-02-25,7.9,8.14,7.59,7.84,232616
2009-02-26,7.8,8.07,7.72,7.75,135201
2009-02-27,7.99,7.99,7.53,7.68,218226
2009-03-02,7.55,7.56,6.86,6.99,416328
2009-03-03,6.98,7.11,6.04,6.14,520021
2009-03-04,6.45,6.9,6.07,6.77,317974
2009-03-05,6.51,6.51,6.2,6.31,311884
2009-03-06,6.29,6.56,5.75,6.0,294016
2009-03-09,6.08,6.5,5.95,6.37,516245
2009-03-10,6.61,7.86,6.4,7.86,461218
2009-03-11,8.0,8.63,7.61,8.63,350653
2009-03-12,8.81,8.92,8.19,8.7,212871
2009-03-13,8.89,8.9,8.33,8.63,197259
2009-03-16,8.59,9.16,8.39,8.62,210245
2009-03-17,8.52,8.93,8.0,8.87,189573
2009-03-18,8.82,9.25,8.69,9.17,148500
2009-03-19,9.32,9.62,8.97,9.0,170823
2009-03-20,8.9,9.0,8.5,8.54,126203
2009-03-23,8.56,9.4,8.24,9.39,176923
2009-03-24,9.4,9.52,8.96,9.11,122503
2009-03-25,9.49,9.85,8.7,9.39,235597
2009-03-26,9.5,9.72,9.2,9.67,217811
2009-03-27,9.25,9.75,9.18,9.44,163063
2009-03-30,9.43,9.43,8.71,8.89,148556
2009-03-31,8.85,9.45,8.82,9.29,130475
2009-04-01,9.87,9.87,9.2,9.53,77823
2009-04-02,9.99,10.15,9.59,9.89,170332
2009-04-03,9.95,10.05,9.78,9.93,81555
2009-04-06,10.51,10.51,9.71,9.99,130683
2009-04-07,9.9,9.9,9.51,9.57,202851
2009-04-08,9.5,9.99,9.5,9.93,112155
2009-04-09,10.1,10.45,9.91,10.22,163319
2009-04-13,10.21,10.29,10.0,10.15,117387
2009-04-14,9.92,10.23,9.75,9.83,123442
2009-04-15,9.91,9.91,9.37,9.51,237459
2009-04-16,9.45,9.5,9.19,9.21,219063
2009-04-17,9.16,9.64,9.07,9.44,291861
2009-04-20,9.25,9.37,9.0,9.02,238459
2009-04-21,8.99,9.29,8.93,9.21,155257
2009-04-22,9.29,10.05,9.15,9.95,326033
2009-04-23,9.96,9.96,9.6,9.88,245309
2009-04-24,10.14,10.15,9.69,10.05,269844
2009-04-27,10.04,10.14,9.73,10.0,281816
2009-04-28,9.78,10.36,9.78,10.13,121139
2009-04-29,10.75,11.16,10.21,11.01,277179
2009-04-30,11.22,12.05,11.07,11.39,173533
2009-05-01,11.39,11.5,10.79,10.87,94599
2009-05-04,10.99,11.02,10.5,10.97,129184
2009-05-05,10.3,11.15,10.3,10.75,105595
2009-05-06,11.24,11.24,10.41,10.71,210919
2009-05-07,10.99,11.3,10.81,10.95,215823
2009-05-08,11.02,11.74,11.01,11.74,106302
2009-05-11,11.5,11.5,11.03,11.12,100304
2009-05-12,11.39,11.49,10.75,11.01,129472
2009-05-13,11.0,11.0,10.6,10.72,133602
2009-05-14,10.65,11.06,10.65,11.05,120327
2009-05-15,10.94,11.63,10.94,11.62,185151
2009-05-18,12.25,12.55,11.32,11.4,144339
2009-05-19,11.6,11.84,11.43,11.45,110065
2009-05-20,11.46,11.86,11.31,11.41,100915
2009-05-21,11.15,11.61,11.05,11.2,88376
2009-05-22,11.33,11.37,10.87,10.94,109577
2009-05-26,11.24,11.95,11.15,11.67,104425
2009-05-27,11.79,11.79,11.07,11.37,177655
2009-05-28,11.36,11.57,11.13,11.53,73319
2009-05-29,11.45,11.84,11.4,11.69,86191
2009-06-01,11.75,12.0,11.71,12.0,90594
2009-06-02,12.04,12.05,11.59,11.76,80712
2009-06-03,11.83,11.83,11.43,11.61,86977
2009-06-04,11.69,11.76,11.34,11.46,67004
2009-06-05,11.5,11.73,11.35,11.47,106151
2009-06-08,11.32,11.4,11.15,11.26,123377
2009-06-09,11.3,11.36,11.08,11.19,69425
2009-06-10,11.35,11.37,11.01,11.28,100134
2009-06-11,11.23,11.65,11.06,11.63,131996
2009-06-12,11.37,11.84,11.37,11.7,80768
2009-06-15,11.55,11.56,11.03,11.16,135322
2009-06-16,11.69,11.69,11.02,11.11,105619
2009-06-17,11.01,11.11,10.89,10.99,67789
2009-06-18,10.91,11.2,10.8,11.14,90182
2009-06-19,11.28,11.38,11.15,11.35,44702
2009-06-22,11.19,11.19,10.72,10.75,74335
2009-06-23,10.7,10.85,10.5,10.72,126037
2009-06-24,10.71,10.97,10.66,10.8,84960
2009-06-25,10.64,10.95,10.63,10.82,70217
2009-06-26,11.07,11.07,10.5,10.56,153111
2009-06-29,10.82,10.83,10.53,10.75,83362
2009-06-30,10.94,10.99,10.52,10.94,155951
2009-07-01,11.0,11.4,10.76,10.88,100653
2009-07-02,10.6,10.79,10.25,10.5,128114
2009-07-06,10.3,10.5,10.03,10.3,106613
2009-07-07,10.23,10.44,10.07,10.13,93880
2009-07-08,10.07,10.24,9.6,10.11,185477
2009-07-09,10.07,10.19,9.83,10.07,99916
2009-07-10,9.96,10.15,9.85,10.14,127194
2009-07-13,10.1,10.53,10.0,10.2,171605
2009-07-14,10.25,10.55,10.02,10.36,103099
2009-07-15,10.36,10.8,10.3,10.6,118601
2009-07-16,10.51,10.78,10.34,10.57,153836
2009-07-17,10.55,10.63,10.38,10.45,66664
2009-07-20,10.5,10.84,10.43,10.61,102897
2009-07-21,10.84,10.84,10.37,10.44,143354
2009-07-22,10.52,10.84,10.44,10.6,204360
2009-07-23,10.72,10.75,10.49,10.69,182570
2009-07-24,10.76,10.76,10.45,10.54,169987
2009-07-27,10.75,11.27,10.75,11.21,192951
2009-07-28,11.27,11.53,11.25,11.48,87000
2009-07-29,11.32,11.6,11.01,11.47,149712
2009-07-30,11.47,11.75,11.39,11.59,90729
2009-07-31,11.59,11.85,11.47,11.76,92511
2009-08-03,11.7,12.0,11.42,11.94,141894
2009-08-04,11.11,11.68,10.45,10.92,489940
2009-08-05,10.91,11.06,10.45,10.9,172513
2009-08-06,10.99,11.14,10.55,10.63,167552
2009-08-07,10.92,11.08,10.76,10.94,93205
2009-08-10,10.94,10.94,10.6,10.7,124834
2009-08-11,10.66,11.0,10.47,10.96,134489
2009-08-12,10.98,11.72,10.65,10.68,289467
2009-08-13,10.68,11.33,10.5,10.96,188326
2009-08-14,10.99,10.99,10.64,10.97,124057
2009-08-17,11.45,11.86,11.0,11.86,219386
2009-08-18,11.96,11.96,10.98,11.01,173656
2009-08-19,11.12,11.12,10.75,11.04,112184
2009-08-20,11.49,11.49,10.8,10.81,95023
2009-08-21,11.24,11.35,10.9,11.33,170276
2009-08-24,11.28,11.75,11.25,11.39,130977
2009-08-25,11.63,11.72,11.49,11.63,116493
2009-08-26,11.51,11.51,10.94,11.11,173880
2009-08-27,11.19,11.32,10.8,11.1,120202
2009-08-28,10.84,11.12,10.71,11.05,180487
2009-08-31,11.1,11.1,10.85,11.03,102714
2009-09-01,10.95,11.12,10.0,10.07,365980
2009-09-02,10.02,10.08,9.39,9.89,471259
2009-09-03,9.9,10.11,9.46,9.48,390777
2009-09-04,9.41,9.84,9.4,9.73,163804
2009-09-08,10.0,10.05,9.59,9.73,215435
2009-09-09,9.66,9.95,9.6,9.9,177372
2009-09-10,9.93,9.99,9.7,9.81,158858
2009-09-11,9.88,9.89,9.65,9.72,96856
2009-09-14,9.65,10.1,9.65,10.02,181014
2009-09-15,9.95,10.46,9.95,10.26,190322
2009-09-16,10.44,10.72,10.2,10.63,202932
2009-09-17,10.75,10.82,10.58,10.79,210722
2009-09-18,10.78,11.15,10.5,11.15,316952
2009-09-21,11.25,11.25,10.75,10.83,178771
2009-09-22,10.72,11.0,10.68,10.91,127291
2009-09-23,10.87,11.0,10.71,10.72,94378
2009-09-24,10.7,10.79,10.5,10.57,93445
2009-09-25,10.56,10.74,10.41,10.45,107283
2009-09-28,10.45,10.63,10.45,10.47,149191
2009-09-29,10.6,10.6,10.36,10.53,102234
2009-09-30,10.52,10.59,10.25,10.53,116935
2009-10-01,10.43,10.84,10.3,10.34,118948
2009-10-02,10.32,10.32,10.01,10.11,110047
2009-10-05,10.05,10.38,10.05,10.28,99283
2009-10-06,10.39,10.47,10.15,10.28,95949
2009-10-07,10.19,10.25,10.06,10.18,115701
2009-10-08,10.25,10.26,10.05,10.2,106497
2009-10-09,10.16,10.38,10.12,10.31,122049
2009-10-12,10.37,10.74,10.37,10.56,121328
2009-10-13,10.6,10.6,10.15,10.3,162763
2009-10-14,10.58,10.66,10.27,10.62,126855
2009-10-15,10.51,10.89,10.51,10.66,131541
2009-10-16,10.6,10.6,10.38,10.47,102270
2009-10-19,10.5,10.79,10.5,10.64,123536
2009-10-20,10.6,10.61,10.28,10.3,142809
2009-10-21,10.28,10.71,10.15,10.19,606667
2009-10-22,10.23,10.35,10.2,10.27,126879
2009-10-23,10.49,10.49,10.29,10.33,234162
2009-10-26,10.33,10.52,10.22,10.34,204461
2009-10-27,10.27,10.48,10.23,10.27,126776
2009-10-28,10.3,10.34,9.8,9.88,245630
2009-10-29,10.1,10.21,9.92,9.95,254199
2009-10-30,10.0,10.16,9.95,10.01,194623
2009-11-02,9.93,9.93,9.46,9.52,233587
2009-11-03,9.18,9.23,6.65,6.99,2945721
2009-11-04,7.15,7.54,7.0,7.37,1181893
2009-11-05,7.02,7.25,6.97,7.05,1040808
2009-11-06,7.37,7.4,6.77,6.85,616035
2009-11-09,6.95,7.32,6.56,6.63,721994
2009-11-10,6.63,6.63,6.25,6.3,688388
2009-11-11,6.35,6.39,6.05,6.1,955546
2009-11-12,6.09,6.53,6.03,6.5,636513
2009-11-13,6.53,6.6,6.32,6.4,782758
2009-11-16,6.71,7.04,6.51,6.82,798297
2009-11-17,6.92,7.05,6.82,7.02,381598
2009-11-18,7.15,7.15,6.94,6.99,353764
2009-11-19,6.95,7.21,6.86,7.18,321131
2009-11-20,7.17,7.3,7.1,7.28,332171
2009-11-23,7.3,7.57,7.25,7.55,311685
2009-11-24,7.59,7.81,7.46,7.69,332133
2009-11-25,7.77,8.17,7.65,8.05,388970
2009-11-27,7.94,8.3,7.93,8.26,173151
2009-11-30,8.39,8.39,7.9,8.25,384780
2009-12-01,8.25,8.75,8.16,8.73,458945
2009-12-02,8.62,8.74,8.39,8.48,305678
2009-12-03,8.56,8.7,8.4,8.62,405905
2009-12-04,8.64,8.91,8.62,8.88,241163
2009-12-07,8.7,8.97,8.46,8.84,332237
2009-12-08,8.68,8.97,8.6,8.91,261819
2009-12-09,8.94,8.95,8.57,8.9,313160
2009-12-10,8.91,8.97,8.85,8.91,265675
2009-12-11,8.87,9.11,8.87,9.07,241555
2009-12-14,9.28,9.28,8.97,9.04,220007
2009-12-15,8.96,9.06,8.8,9.01,216628
2009-12-16,9.0,9.1,8.99,9.08,334084
2009-12-17,11.18,11.26,11.15,11.2,6028240
2009-12-18,11.21,11.23,11.16,11.16,1569337
2009-12-21,11.2,11.24,11.16,11.24,773933
2009-12-22,11.23,11.4,11.22,11.39,1021759
2009-12-23,11.26,11.34,11.23,11.25,427966
2009-12-24,11.18,11.3,11.18,11.3,319775
2009-12-28,11.3,11.35,11.27,11.35,343437
2009-12-29,11.31,11.4,11.28,11.4,352321
2009-12-30,11.3,11.4,11.3,11.33,614482
2009-12-31,11.32,11.41,11.31,11.41,299949
2010-01-04,11.32,11.47,11.32,11.37,1403505
2010-01-05,11.32,11.49,11.32,11.45,731978
2010-01-06,11.42,11.84,11.41,11.63,1361327
2010-01-07,11.67,11.84,11.66,11.8,1065625
2010-01-08,11.71,11.89,11.59,11.85,773714
2010-01-11,11.74,11.98,11.6,11.98,1088234
2010-01-12,11.82,12.01,11.63,11.64,1222466
2010-01-13,11.65,11.97,11.65,11.86,909235
2010-01-14,11.9,11.98,11.79,11.98,825813
2010-01-15,11.76,11.99,11.75,11.92,755344
2010-01-19,11.73,11.95,11.67,11.94,742154
2010-01-20,11.9,12.19,11.76,12.19,955289
2010-01-21,12.12,12.33,11.95,12.21,618280
2010-01-22,12.12,13.56,12.1,12.66,1721147
2010-01-25,12.49,12.81,12.05,12.78,979926
2010-01-26,12.1,12.85,12.01,12.65,1450983
2010-01-27,12.53,12.84,12.39,12.56,1526975
2010-01-28,12.49,12.75,12.36,12.43,689663
2010-01-29,12.43,12.45,12.19,12.3,578418
2010-02-01,12.27,12.35,12.2,12.27,573560
2010-02-02,12.17,12.34,12.12,12.19,982681
2010-02-03,12.19,12.19,11.93,12.08,575099
2010-02-04,11.96,12.06,11.85,11.91,666437
2010-02-05,11.94,12.0,11.77,11.84,592476
2010-02-08,11.9,11.97,11.82,11.86,395006
2010-02-09,11.8,12.0,11.8,11.89,478467
2010-02-10,11.83,11.85,11.48,11.5,479759
2010-02-11,11.52,11.62,11.3,11.43,451283
2010-02-12,11.4,11.55,11.39,11.44,356354
2010-02-16,11.45,11.55,11.22,11.27,310889
2010-02-17,11.3,11.42,11.19,11.42,317990
2010-02-18,11.4,11.44,11.33,11.35,231787
2010-02-19,11.38,11.38,11.26,11.31,177242
2010-02-22,11.32,11.32,11.21,11.22,193005
2010-02-23,11.2,11.3,10.92,11.27,369426
2010-02-24,11.27,11.42,11.07,11.38,297221
2010-02-25,11.27,11.38,11.11,11.23,116076
2010-02-26,11.16,11.22,11.1,11.16,202984
2010-03-01,11.14,11.31,11.11,11.26,274258
2010-03-02,11.2,11.26,11.1,11.25,184662
2010-03-03,11.19,11.21,11.02,11.05,231097
2010-03-04,11.04,11.24,11.02,11.06,184499
2010-03-05,11.06,11.15,10.97,11.11,316836
2010-03-08,11.15,11.19,11.05,11.1,135173
2010-03-09,11.07,11.14,11.0,11.11,274693
2010-03-10,11.13,11.21,11.11,11.15,211676
2010-03-11,11.1,11.31,11.06,11.24,491219
2010-03-12,11.19,11.28,11.12,11.14,185093
2010-03-15,11.09,12.5,11.09,12.24,2301249
2010-03-16,12.21,12.32,12.02,12.2,473879
2010-03-17,12.2,12.49,11.56,12.0,1601394
2010-03-18,12.08,12.09,11.81,12.02,385287
2010-03-19,12.0,12.01,11.75,11.78,227285
2010-03-22,11.75,12.1,11.7,11.72,172002
2010-03-23,11.81,11.99,11.6,11.71,186166
2010-03-24,11.75,11.81,11.67,11.68,118344
2010-03-25,11.74,11.8,11.68,11.69,170339
2010-03-26,11.67,11.75,11.61,11.7,115971
2010-03-29,11.64,11.7,11.6,11.61,251397
2010-03-30,11.6,11.85,11.6,11.83,175902
2010-03-31,11.8,11.94,11.48,11.94,243573
2010-04-01,11.89,12.15,11.74,12.01,248010
2010-04-05,11.96,12.24,11.65,12.2,673228
2010-04-06,11.24,12.6,11.21,12.37,2352804
2010-04-07,12.77,13.0,12.42,12.87,1211461
2010-04-08,12.75,12.98,12.49,12.89,708052
2010-04-09,12.84,14.11,12.72,14.11,857255
2010-04-12,14.05,14.95,13.96,14.2,933251
2010-04-13,14.2,14.51,13.67,14.37,537452
2010-04-14,14.45,15.3,14.41,15.29,537876
2010-04-15,15.22,15.45,14.75,15.26,388126
2010-04-16,15.13,15.23,14.82,15.0,580357
2010-04-19,14.93,15.39,14.49,14.98,345137
2010-04-20,14.9,15.16,14.83,14.87,337364
2010-04-21,14.77,15.0,14.54,14.88,213942
2010-04-22,14.77,15.13,14.75,15.04,254638
2010-04-23,15.14,15.79,14.77,15.6,554490
2010-04-26,15.46,15.53,15.08,15.3,198568
2010-04-27,15.1,15.23,14.59,14.59,245443
2010-04-28,14.65,14.91,14.29,14.89,216160
2010-04-29,15.06,15.25,14.88,15.17,379456
2010-04-30,15.02,15.16,14.34,14.45,642985
2010-05-03,14.41,14.88,14.28,14.61,192206
2010-05-04,14.55,14.68,14.16,14.24,146554
2010-05-05,14.18,14.18,13.75,13.9,693599
2010-05-06,13.75,14.42,13.26,14.28,438082
2010-05-07,14.14,14.37,13.22,13.7,279851
2010-05-10,14.22,14.22,13.46,13.73,343491
2010-05-11,13.9,14.11,13.42,13.55,329583
2010-05-12,13.65,13.99,13.65,13.72,275832
2010-05-13,13.6,13.98,13.47,13.63,150509
2010-05-14,13.55,13.55,13.22,13.52,350135
2010-05-17,13.49,13.96,13.03,13.45,252810
2010-05-18,13.43,13.92,13.36,13.63,239767
2010-05-19,13.66,13.66,12.8,13.2,363896
2010-05-20,12.8,13.21,12.67,13.0,222990
2010-05-21,12.75,13.05,12.38,12.84,284762
2010-05-24,12.7,13.01,12.7,13.0,96615
2010-05-25,12.58,12.75,12.14,12.62,220512
2010-05-26,12.66,12.96,12.63,12.7,89635
2010-05-27,12.78,13.05,12.78,12.96,79775
2010-05-28,12.95,13.15,12.62,12.68,58307
2010-06-01,13.09,13.09,12.38,12.65,106815
2010-06-02,12.67,12.71,12.38,12.63,94937
2010-06-03,12.75,13.01,12.31,13.0,175361
2010-06-04,12.77,13.31,12.64,12.91,180010
2010-06-07,12.85,12.95,11.92,12.06,258095
2010-06-08,12.12,12.12,11.35,11.99,422616
2010-06-09,12.04,12.81,12.04,12.31,105460
2010-06-10,12.41,13.21,12.0,13.03,226355
2010-06-11,12.9,13.4,12.69,13.19,137287
2010-06-14,13.2,13.4,12.61,12.67,230012
2010-06-15,12.78,13.22,12.73,13.11,190278
2010-06-16,12.92,13.0,12.54,12.79,106814
2010-06-17,12.76,13.15,12.41,12.84,100524
2010-06-18,12.83,13.0,12.57,12.6,72900
2010-06-21,12.6,12.65,12.0,12.01,102556
2010-06-22,12.0,12.47,11.96,12.0,112779
2010-06-23,12.01,12.55,11.85,12.27,116805
2010-06-24,12.16,12.21,11.82,12.1,147901
2010-06-25,12.05,12.87,11.93,12.34,165952
2010-06-28,12.39,12.46,11.96,12.28,100485
2010-06-29,12.02,12.32,11.88,12.24,199245
2010-06-30,12.29,12.35,11.89,12.32,137546
2010-07-01,12.35,12.81,11.8,12.19,185199
2010-07-02,12.14,12.2,11.73,11.8,87172
2010-07-06,11.83,12.33,11.55,11.93,222589
2010-07-07,11.95,12.17,11.69,12.15,157733
2010-07-08,12.1,13.0,12.06,12.74,257184
2010-07-09,12.71,12.92,12.37,12.75,278386
2010-07-12,12.63,12.67,12.23,12.54,225421
2010-07-13,12.82,12.95,12.42,12.58,513273
2010-07-14,12.51,13.05,12.51,13.0,330682
2010-07-15,12.92,13.0,12.57,13.0,105322
2010-07-16,12.91,13.09,12.79,13.0,108606
2010-07-19,13.0,13.24,12.86,13.24,120409
2010-07-20,13.03,13.3,12.8,13.22,110877
2010-07-21,13.23,13.31,12.96,13.13,112008
2010-07-22,13.14,13.5,13.14,13.48,118134
2010-07-23,13.37,14.0,13.36,13.97,167379
2010-07-26,13.93,14.09,13.84,13.99,123256
2010-07-27,13.98,14.05,13.75,13.85,79225
2010-07-28,13.86,13.95,13.63,13.76,66638
2010-07-29,13.85,13.97,13.69,13.8,74834
2010-07-30,13.56,13.9,13.3,13.5,100698
2010-08-02,13.52,13.75,13.3,13.73,138663
2010-08-03,13.85,13.95,13.45,13.61,106487
2010-08-04,13.53,13.72,13.36,13.37,83862
2010-08-05,13.28,13.34,12.63,13.07,157329
2010-08-06,12.94,13.3,12.61,13.02,118593
2010-08-09,13.01,13.04,12.8,12.9,84184
2010-08-10,12.7,12.98,12.46,12.84,95408
2010-08-11,12.64,12.7,12.35,12.61,98152
2010-08-12,12.4,12.9,12.23,12.64,131420
2010-08-13,12.57,12.77,12.33,12.46,95341
2010-08-16,12.39,12.57,12.04,12.32,79602
2010-08-17,12.35,12.78,12.26,12.46,152075
2010-08-18,12.5,12.67,12.32,12.46,45662
2010-08-19,12.35,12.49,12.12,12.2,62601
2010-08-20,12.12,12.17,11.7,12.0,111973
2010-08-23,12.0,12.1,11.67,11.75,115621
2010-08-24,11.59,11.83,11.35,11.47,115841
2010-08-25,11.38,11.49,11.18,11.47,107511
2010-08-26,11.56,11.58,11.05,11.28,69737
2010-08-27,11.33,11.65,11.17,11.44,115335
2010-08-30,11.35,11.45,11.16,11.18,69862
2010-08-31,11.16,11.46,10.99,11.46,93188
2010-09-01,11.54,11.82,11.44,11.75,92624
2010-09-02,11.69,12.05,11.65,11.96,62010
2010-09-03,12.01,12.34,11.94,11.99,60520
2010-09-07,11.88,12.05,11.64,11.65,43273
2010-09-08,11.6,12.08,11.58,11.84,74728
2010-09-09,11.87,11.9,11.42,11.74,54747
2010-09-10,11.68,12.22,11.68,12.06,111104
2010-09-13,12.11,12.18,11.8,12.0,105032
2010-09-14,11.93,12.3,11.79,11.93,183983
2010-09-15,12.05,12.13,11.87,11.92,49961
2010-09-16,11.87,12.2,11.81,12.11,211086
2010-09-17,12.19,12.34,12.11,12.34,125552
2010-09-20,12.3,12.66,12.3,12.49,172482
2010-09-21,12.52,12.66,12.45,12.56,71432
2010-09-22,12.49,12.62,12.49,12.57,50650
2010-09-23,12.42,12.76,12.36,12.47,75432
2010-09-24,12.52,12.65,12.46,12.62,68366
2010-09-27,12.57,12.75,12.57,12.63,38674
2010-09-28,12.58,12.85,12.42,12.81,71318
2010-09-29,12.72,13.0,12.72,12.97,56555
2010-09-30,13.0,13.27,12.93,13.25,139714
2010-10-01,13.19,13.58,12.93,13.55,157116
2010-10-04,13.38,13.55,13.35,13.42,80004
2010-10-05,13.81,14.0,13.6,13.84,495573
2010-10-06,13.8,14.0,13.65,13.8,606620
2010-10-07,13.87,13.87,13.6,13.67,62258
2010-10-08,13.65,13.8,13.6,13.67,90510
2010-10-11,13.64,13.7,13.41,13.48,85710
2010-10-12,13.39,13.62,13.29,13.55,158597
2010-10-13,13.58,13.75,13.4,13.62,69010
2010-10-14,13.55,13.69,13.47,13.55,86872
2010-10-15,13.57,14.23,13.46,13.91,133868
2010-10-18,13.86,14.29,13.63,14.01,251188
2010-10-19,13.9,14.15,13.41,13.99,81119
2010-10-20,14.01,14.17,13.86,13.89,58401
2010-10-21,13.92,14.23,13.58,13.6,174803
2010-10-22,13.64,13.8,13.4,13.64,55575
2010-10-25,13.65,14.45,13.65,14.28,159049
2010-10-26,14.2,14.65,14.13,14.54,175788
2010-10-27,14.55,14.62,14.5,14.51,83061
2010-10-28,14.54,14.6,14.1,14.18,79456
2010-10-29,14.17,14.29,13.72,13.97,84411
2010-11-01,14.02,14.21,13.85,13.94,76734
2010-11-02,14.24,14.6,14.14,14.4,136541
2010-11-03,14.42,14.5,14.08,14.43,94853
2010-11-04,14.63,14.68,14.47,14.6,163814
2010-11-05,14.57,14.9,14.4,14.56,133131
2010-11-08,14.53,15.26,14.53,15.09,211897
2010-11-09,15.08,15.14,14.74,14.87,76407
2010-11-10,14.9,15.35,14.9,15.23,126806
2010-11-11,15.22,15.8,15.2,15.67,208549
2010-11-12,15.56,15.77,15.02,15.17,104611
2010-11-15,15.12,15.4,14.94,15.02,98671
2010-11-16,14.95,14.95,14.35,14.39,115897
2010-11-17,14.4,14.41,14.15,14.28,81487
2010-11-18,14.36,14.84,14.36,14.7,137236
2010-11-19,14.8,14.88,14.63,14.78,104937
2010-11-22,14.71,15.14,14.7,14.93,187239
2010-11-23,14.7,15.14,14.61,14.67,101175
2010-11-24,14.8,14.94,14.49,14.79,80767
2010-11-26,14.71,14.81,14.56,14.61,36601
2010-11-29,14.68,14.79,14.26,14.73,134409
2010-11-30,14.59,14.85,14.34,14.72,251662
2010-12-01,14.48,14.92,14.4,14.8,258596
2010-12-02,14.77,15.28,14.62,15.0,224085
2010-12-03,14.9,15.39,14.9,15.0,147631
2010-12-06,14.87,15.1,14.85,14.91,123521
2010-12-07,14.94,15.06,14.65,14.7,220626
2010-12-08,14.7,14.8,14.42,14.76,273733
2010-12-09,14.79,14.88,14.5,14.8,228200
2010-12-10,14.8,14.84,14.62,14.79,90034
2010-12-13,14.77,14.8,14.46,14.51,60981
2010-12-14,14.57,14.91,14.5,14.62,67338
2010-12-15,14.65,15.21,14.65,14.73,234942
2010-12-16,14.77,14.89,14.47,14.73,111205
2010-12-17,14.71,14.73,14.57,14.73,88244
2010-12-20,14.75,14.93,14.5,14.61,158720
2010-12-21,14.6,14.69,14.5,14.65,103462
2010-12-22,14.64,15.05,14.56,14.91,100487
2010-12-23,14.99,15.24,14.7,14.86,102289
2010-12-27,14.75,15.23,14.75,15.1,79145
2010-12-28,15.08,15.41,15.05,15.25,112640
2010-12-29,15.25,15.75,14.99,15.6,149789
2010-12-30,15.57,15.59,15.06,15.12,160552
2010-12-31,15.1,15.32,15.01,15.16,148831
2011-01-03,15.3,15.59,15.03,15.35,80170
2011-01-04,15.4,15.73,15.37,15.59,249367
2011-01-05,15.36,16.25,15.36,16.23,283854
2011-01-06,16.25,17.37,16.25,17.06,313801
2011-01-07,17.09,17.1,16.46,16.87,122433
2011-01-10,16.77,17.1,16.5,16.96,95131
2011-01-11,17.04,17.26,16.93,17.25,64118
2011-01-12,17.27,17.86,17.27,17.6,107939
2011-01-13,17.6,18.04,17.56,17.99,193196
2011-01-14,18.0,18.15,17.99,18.02,127083
2011-01-18,17.96,18.07,17.24,18.03,159203
2011-01-19,18.0,18.01,17.71,17.9,238471
2011-01-20,17.82,17.82,17.35,17.52,114421
2011-01-21,17.6,17.91,17.54,17.58,158101
2011-01-24,17.53,17.82,17.48,17.73,62113
2011-01-25,17.75,17.96,17.32,17.75,128744
2011-01-26,17.75,17.99,17.54,17.67,131354
2011-01-27,17.69,17.73,17.4,17.58,73385
2011-01-28,17.6,17.6,16.72,17.1,150332
2011-01-31,17.12,17.9,16.96,17.78,189052
2011-02-01,17.89,17.99,17.54,17.92,105074
2011-02-02,17.86,18.25,17.86,18.22,101324
2011-02-03,18.15,18.47,17.95,18.11,59274
2011-02-04,18.12,18.32,17.92,18.19,49531
2011-02-07,18.12,18.5,17.9,18.14,120339
2011-02-08,18.07,18.5,18.02,18.44,81505
2011-02-09,18.42,19.21,18.29,19.03,259293
2011-02-10,18.82,19.18,18.58,18.92,94247
2011-02-11,18.8,19.51,18.5,19.28,237681
2011-02-14,19.34,19.8,19.01,19.62,189796
2011-02-15,19.21,19.99,18.84,19.8,201996
2011-02-16,19.8,20.0,19.56,19.82,174220
2011-02-17,19.8,19.98,19.58,19.92,125016
2011-02-18,19.89,20.0,19.86,19.97,82893
2011-02-22,19.88,19.98,19.27,19.63,121017
2011-02-23,19.58,19.76,19.07,19.52,106070
2011-02-24,19.48,19.75,19.22,19.26,109300
2011-02-25,19.33,19.89,19.13,19.18,116293
2011-02-28,19.32,19.79,19.16,19.69,114000
2011-03-01,19.59,19.84,19.53,19.64,160945
2011-03-02,19.67,19.86,19.6,19.83,132704
2011-03-03,19.93,19.97,19.77,19.84,61754
2011-03-04,19.84,19.9,19.72,19.85,62073
2011-03-07,19.9,19.9,19.5,19.74,112590
2011-03-08,19.83,19.91,19.74,19.79,59928
2011-03-09,19.7,19.87,19.59,19.68,163124
2011-03-10,19.5,19.5,19.03,19.28,108800
2011-03-11,19.14,19.44,19.13,19.28,83498
2011-03-14,19.09,19.32,19.05,19.09,127575
2011-03-15,18.58,18.92,17.73,18.84,156075
2011-03-16,18.65,19.1,18.38,18.5,122024
2011-03-17,18.71,19.08,18.6,18.62,81194
2011-03-18,18.99,19.05,18.69,18.99,119490
2011-03-21,19.11,19.64,19.11,19.63,72320
2011-03-22,19.61,19.82,19.03,19.21,129161
2011-03-23,19.47,19.54,19.11,19.36,109175
2011-03-24,18.87,19.5,18.87,19.12,153094
2011-03-25,19.14,19.8,18.82,19.39,70183
2011-03-28,19.38,19.72,19.2,19.2,60983
2011-03-29,19.17,19.25,18.99,19.03,57987
2011-03-30,19.03,19.18,18.92,19.1,27309
2011-03-31,19.03,19.23,18.9,19.2,30028
2011-04-01,19.26,19.44,19.19,19.41,32519
2011-04-04,19.39,19.48,19.18,19.4,42907
2011-04-05,19.32,19.79,19.2,19.37,77241
2011-04-06,19.46,19.57,19.33,19.42,56756
2011-04-07,19.39,19.49,19.14,19.29,51141
2011-04-08,19.31,19.49,19.28,19.45,63685
2011-04-11,19.49,19.49,19.27,19.37,74609
2011-04-12,19.3,19.35,19.0,19.14,115928
2011-04-13,19.14,19.4,19.1,19.17,79701
2011-04-14,19.11,19.17,18.89,19.1,39777
2011-04-15,19.1,19.19,18.84,19.1,62597
2011-04-18,18.85,19.08,18.63,18.99,75211
2011-04-19,18.95,19.03,18.79,18.94,109727
2011-04-20,19.14,19.37,19.07,19.2,80600
2011-04-21,19.24,19.3,19.08,19.24,22329
2011-04-25,18.92,19.21,18.9,19.04,57905
2011-04-26,19.04,19.15,18.63,18.74,68808
2011-04-27,18.73,18.98,18.68,18.83,123872
2011-04-28,18.76,18.91,18.56,18.89,38041
2011-04-29,18.85,19.13,18.69,19.0,87605
2011-05-02,19.14,19.14,18.86,19.11,37024
2011-05-03,19.1,19.5,19.01,19.48,140427
2011-05-04,19.42,19.65,19.27,19.31,88881
2011-05-05,18.59,20.53,18.21,20.0,433645
2011-05-06,20.1,20.62,19.79,20.49,101970
2011-05-09,20.48,21.12,20.32,21.12,324817
2011-05-10,21.11,22.29,20.82,22.26,307894
2011-05-11,22.13,22.69,22.03,22.4,331353
2011-05-12,22.3,22.46,21.73,22.12,203777
2011-05-13,22.32,22.37,21.6,21.85,383922
2011-05-16,21.72,21.75,20.91,20.97,366930
2011-05-17,20.88,20.96,20.24,20.4,306314
2011-05-18,20.37,20.91,20.32,20.75,169805
2011-05-19,20.8,21.13,20.43,20.9,198710
2011-05-20,20.9,20.97,20.45,20.55,164066
2011-05-23,20.34,20.46,20.1,20.28,126842
2011-05-24,20.27,20.34,20.11,20.24,138749
2011-05-25,20.2,20.63,20.18,20.35,122101
2011-05-26,20.25,20.39,19.95,20.31,307408
2011-05-27,20.33,20.79,20.31,20.73,114603
2011-05-31,20.81,20.83,20.53,20.75,124998
2011-06-01,20.56,20.61,19.64,19.9,250570
2011-06-02,19.89,20.16,19.78,19.9,62910
2011-06-03,19.79,19.91,19.52,19.63,171543
2011-06-06,19.58,19.72,19.26,19.3,57167
2011-06-07,19.42,19.68,19.24,19.27,101789
2011-06-08,19.26,19.47,18.9,18.98,79635
2011-06-09,19.05,19.23,18.95,19.19,74238
2011-06-10,19.16,19.21,18.57,18.76,107999
2011-06-13,18.63,18.92,18.59,18.64,221968
2011-06-14,18.75,19.29,18.74,19.04,236115
2011-06-15,18.95,19.23,18.63,18.88,140333
2011-06-16,18.86,18.92,18.3,18.5,201621
2011-06-17,18.65,18.75,18.2,18.3,106300
2011-06-20,18.76,18.76,18.09,18.45,137803
2011-06-21,18.63,18.74,18.45,18.5,103155
2011-06-22,18.43,18.65,18.28,18.51,59875
2011-06-23,18.36,18.84,18.22,18.81,100016
2011-06-24,18.79,18.84,18.5,18.71,240197
2011-06-27,18.66,18.9,18.6,18.85,128639
2011-06-28,18.86,19.68,18.77,19.59,132990
2011-06-29,19.59,20.1,19.59,20.01,178370
2011-06-30,20.06,20.14,19.94,20.14,96976
2011-07-01,20.07,20.73,19.96,20.66,67488
2011-07-05,20.35,20.68,20.35,20.65,78958
2011-07-06,20.63,21.05,20.33,20.94,167493
2011-07-07,21.14,21.96,21.04,21.76,301538
2011-07-08,21.33,21.58,21.27,21.5,109472
2011-07-11,21.23,21.27,21.0,21.06,66117
2011-07-12,20.96,21.25,20.73,21.0,66889
2011-07-13,21.03,21.56,20.89,21.02,154460
2011-07-14,21.02,21.27,20.75,20.8,97227
2011-07-15,20.91,21.02,20.57,20.71,50233
2011-07-18,20.65,20.68,20.0,20.05,116414
2011-07-19,20.26,20.26,19.82,20.17,132736
2011-07-20,20.18,20.23,19.87,20.05,65238
2011-07-21,20.08,20.4,20.08,20.21,94137
2011-07-22,20.19,20.33,19.88,20.08,112866
2011-07-25,19.89,20.4,19.85,20.31,165581
2011-07-26,20.29,20.6,20.2,20.41,183895
2011-07-27,20.34,20.34,19.84,20.03,137010
2011-07-28,20.07,20.17,19.82,19.9,97989
2011-07-29,19.7,20.13,19.27,19.94,203258
2011-08-01,20.13,20.27,19.58,19.72,206359
2011-08-02,19.63,19.79,18.89,19.11,117676
2011-08-03,19.06,19.25,18.33,18.76,282284
2011-08-04,18.54,18.63,16.92,17.41,485683
2011-08-05,17.6,17.67,16.44,17.3,793598
2011-08-08,18.09,18.3,17.05,17.23,1164879
2011-08-09,17.85,18.25,17.51,18.25,452956
2011-08-10,18.09,18.21,17.6,17.92,341148
2011-08-11,17.96,18.82,17.95,18.75,158481
2011-08-12,18.99,19.54,18.92,19.06,229486
2011-08-15,19.34,19.52,19.14,19.49,134983
2011-08-16,19.4,19.6,19.16,19.21,185760
2011-08-17,19.37,19.68,18.65,18.76,209502
2011-08-18,18.29,18.42,17.5,17.98,208382
2011-08-19,17.72,18.09,17.16,17.27,209774
2011-08-22,17.73,17.78,17.05,17.21,235165
2011-08-23,17.36,17.52,17.01,17.23,226158
2011-08-24,17.22,17.99,17.2,17.88,106000
2011-08-25,18.09,18.26,17.62,17.77,69061
2011-08-26,17.6,17.87,17.51,17.77,108246
2011-08-29,18.03,18.84,17.98,18.75,177831
2011-08-30,18.64,19.17,18.46,18.92,105485
2011-08-31,19.46,20.34,19.46,20.1,275507
2011-09-01,19.98,20.6,19.55,19.7,170163
2011-09-02,19.32,19.35,19.0,19.22,149072
2011-09-06,18.84,19.69,18.78,19.66,158788
2011-09-07,19.65,20.85,19.65,20.55,184563
2011-09-08,20.36,20.82,19.93,20.42,143611
2011-09-09,20.22,20.53,20.07,20.18,103359
2011-09-12,20.0,20.44,19.5,19.78,144585
2011-09-13,19.89,19.99,19.56,19.9,98335
2011-09-14,20.05,20.4,19.74,20.1,149445
2011-09-15,20.36,20.49,19.98,20.22,96895
2011-09-16,20.3,20.44,20.04,20.1,80302
2011-09-19,19.65,20.37,19.6,20.05,110455
2011-09-20,20.06,20.4,19.53,19.56,116372
2011-09-21,19.79,19.96,19.35,19.41,73542
2011-09-22,18.87,19.09,18.44,18.8,188633
2011-09-23,18.78,19.1,18.73,18.75,474847
2011-09-26,18.86,19.38,18.59,19.07,179540
2011-09-27,19.4,19.78,19.16,19.46,246963
2011-09-28,19.48,19.62,18.81,18.94,75138
2011-09-29,19.37,19.65,18.91,19.12,131912
2011-09-30,18.85,19.21,18.85,18.9,137482
2011-10-03,18.71,19.02,17.3,17.52,341901
2011-10-04,17.5,18.03,16.86,18.02,496038
2011-10-05,18.18,18.26,17.52,17.83,132946
2011-10-06,18.0,18.57,17.78,18.41,113314
2011-10-07,18.49,18.66,18.12,18.16,122243
2011-10-10,18.52,19.11,18.48,18.84,113982
2011-10-11,18.65,19.12,18.61,19.1,110632
2011-10-12,19.29,19.45,18.95,19.26,111432
2011-10-13,19.07,19.35,19.07,19.23,109030
2011-10-14,19.65,19.65,19.23,19.37,62349
2011-10-17,19.1,19.34,18.98,19.05,74957
2011-10-18,19.05,19.21,18.76,19.07,108153
2011-10-19,18.92,19.59,18.84,19.01,60494
2011-10-20,19.09,19.36,18.82,19.17,102383
2011-10-21,19.34,19.59,19.13,19.32,134190
2011-10-24,19.34,20.04,19.15,19.94,137637
2011-10-25,19.75,19.93,19.61,19.73,127066
2011-10-26,19.92,20.08,19.7,20.04,113440
2011-10-27,20.5,20.5,19.78,19.99,211594
2011-10-28,19.89,20.12,19.67,19.93,76071
2011-10-31,19.61,20.47,19.5,20.01,121588
2011-11-01,19.55,19.7,19.43,19.57,117645
2011-11-02,19.92,20.01,19.46,19.68,125980
2011-11-03,19.79,21.1,19.64,20.98,245100
2011-11-04,21.15,21.33,20.76,21.23,91476
2011-11-07,21.19,21.84,21.19,21.48,183893
2011-11-08,21.58,21.87,21.21,21.78,211877
2011-11-09,21.37,21.77,21.26,21.4,132568
2011-11-10,21.79,21.85,21.41,21.74,203673
2011-11-11,21.95,22.1,21.85,21.98,124463
2011-11-14,22.04,22.05,21.7,21.94,163788
2011-11-15,21.8,22.34,21.8,22.08,143942
2011-11-16,21.92,22.15,21.7,21.92,125603
2011-11-17,21.95,22.21,21.78,22.15,55718
2011-11-18,22.15,22.5,21.98,22.29,165260
2011-11-21,21.97,22.29,21.8,22.09,182890
2011-11-22,22.2,22.78,22.16,22.21,589568
2011-11-23,22.24,22.4,22.06,22.13,312244
2011-11-25,22.4,22.65,22.24,22.36,97461
2011-11-28,23.0,23.14,22.75,22.9,299255
2011-11-29,23.3,23.4,22.77,22.8,973105
2011-11-30,23.55,23.73,22.9,23.09,907364
2011-12-01,22.5,22.9,22.22,22.38,355210
2011-12-02,22.66,22.77,22.43,22.49,201235
2011-12-05,22.02,22.22,21.3,21.8,1206572
2011-12-06,21.81,22.0,21.53,21.84,181348
2011-12-07,21.87,21.9,21.65,21.87,112437
2011-12-08,21.76,21.84,21.53,21.62,141907
2011-12-09,22.3,22.3,21.61,21.84,546347
2011-12-12,21.8,22.03,21.68,22.03,212020
2011-12-13,22.21,22.21,21.7,21.81,192572
2011-12-14,21.62,21.77,21.32,21.53,182035
2011-12-15,21.6,22.03,21.44,21.91,244377
2011-12-16,22.11,22.2,21.65,21.81,118702
2011-12-19,21.92,21.94,21.3,21.48,135918
2011-12-20,21.75,21.85,21.49,21.6,150151
2011-12-21,21.61,21.91,21.6,21.91,120399
2011-12-22,21.99,22.1,21.86,22.01,124500
2011-12-23,22.09,22.25,22.01,22.2,84775
2011-12-27,22.25,22.7,22.25,22.65,89763
2011-12-28,22.7,22.7,22.05,22.05,258422
2011-12-29,22.12,22.15,21.6,21.7,375503
2011-12-30,21.71,22.0,21.5,21.5,257965
2012-01-03,21.97,22.16,21.75,21.81,151812
2012-01-04,21.89,22.0,21.8,22.0,149737
2012-01-05,22.01,22.81,21.84,22.5,196162
2012-01-06,22.64,22.89,22.52,22.8,200092
2012-01-09,22.8,23.23,22.74,23.12,181554
2012-01-10,23.25,23.25,22.1,22.9,2752209
2012-01-11,22.9,23.23,22.75,23.13,165577
2012-01-12,23.13,23.24,22.82,23.18,212646
2012-01-13,23.1,23.28,22.96,23.18,136214
2012-01-17,23.35,23.5,23.15,23.47,216904
2012-01-18,23.53,24.16,23.48,23.93,194110
2012-01-19,24.03,24.77,23.86,24.53,416992
2012-01-20,25.98,25.98,24.68,24.69,416250
2012-01-23,24.93,25.02,24.7,24.88,168257
2012-01-24,24.68,24.76,24.2,24.72,125057
2012-01-25,24.76,25.13,24.71,25.13,153478
2012-01-26,25.35,25.63,25.15,25.59,311918
2012-01-27,25.5,25.97,25.5,25.7,166092
2012-01-30,25.77,25.95,25.57,25.7,260465
2012-01-31,25.8,26.0,25.76,25.9,162419
2012-02-01,26.03,26.31,25.92,26.27,287854
2012-02-02,26.44,26.63,26.29,26.57,239814
2012-02-03,26.78,27.29,26.67,26.78,177661
2012-02-06,26.68,27.1,26.63,27.0,247946
2012-02-07,26.98,27.15,26.8,27.07,279628
2012-02-08,27.25,27.3,26.95,27.04,357580
2012-02-09,27.1,27.3,26.97,27.13,392953
2012-02-10,27.11,27.43,27.03,27.33,191102
2012-02-13,27.57,27.93,27.5,27.89,261516
2012-02-14,27.87,27.98,27.5,27.66,241808
2012-02-15,27.91,28.0,27.75,27.91,171477
2012-02-16,27.9,28.0,27.5,27.71,177392
2012-02-17,27.81,28.29,27.8,27.99,166925
2012-02-21,28.33,28.88,28.33,28.81,344508
2012-02-22,28.67,28.9,28.4,28.53,255692
2012-02-23,28.7,28.74,28.29,28.4,327275
2012-02-24,28.34,28.89,28.32,28.7,228247
2012-02-27,28.67,28.8,28.56,28.8,192300
2012-02-28,28.8,28.92,28.39,28.47,190475
2012-02-29,28.47,28.75,28.41,28.49,205672
2012-03-01,28.12,28.32,27.77,28.32,250403
2012-03-02,28.23,28.32,27.8,27.93,161442
2012-03-05,27.77,27.87,26.94,27.31,258748
2012-03-06,27.09,27.44,26.94,27.27,299257
2012-03-07,27.25,27.99,27.21,27.99,263863
2012-03-08,28.02,28.89,28.02,28.85,347962
2012-03-09,28.95,29.21,28.83,29.2,207143
2012-03-12,29.2,29.4,29.05,29.27,129605
2012-03-13,29.39,29.82,29.2,29.82,181807
2012-03-14,29.83,29.98,29.28,29.5,211596
2012-03-15,29.67,29.78,29.2,29.63,433114
2012-03-16,29.27,29.85,29.11,29.7,371174
2012-03-19,29.69,29.69,29.3,29.6,263905
2012-03-20,29.38,29.65,29.32,29.39,181595
2012-03-21,29.47,29.6,29.25,29.41,150137
2012-03-22,29.3,29.51,29.1,29.48,160709
2012-03-23,29.44,29.66,29.31,29.6,110245
2012-03-26,29.76,29.82,29.32,29.53,183094
2012-03-27,29.53,29.65,29.09,29.56,150351
2012-03-28,29.49,29.58,29.03,29.39,108916
2012-03-29,29.22,29.61,29.01,29.61,143857
2012-03-30,29.68,29.81,29.52,29.59,160550
2012-04-02,29.46,29.63,29.23,29.39,126606
2012-04-03,29.33,29.49,29.01,29.19,77230
2012-04-04,29.07,29.29,28.23,28.68,123817
2012-04-05,28.55,29.15,28.23,28.96,156012
2012-04-09,28.67,28.9,28.2,28.59,137892
2012-04-10,28.6,28.64,27.5,27.87,274421
2012-04-11,28.03,28.41,28.0,28.1,93723
2012-04-12,28.13,29.05,28.07,28.97,157093
2012-04-13,28.88,29.59,28.84,29.42,203339
2012-04-16,29.45,29.72,29.15,29.72,169111
2012-04-17,29.8,30.48,29.67,30.2,194169
2012-04-18,30.2,30.58,30.02,30.53,94852
2012-04-19,30.53,31.09,30.27,31.0,139895
2012-04-20,31.04,31.74,31.03,31.33,114170
2012-04-23,30.85,30.99,30.2,30.82,278714
2012-04-24,30.82,30.82,30.24,30.64,177367
2012-04-25,30.83,30.84,30.57,30.78,127293
2012-04-26,30.68,30.83,30.54,30.79,62605
2012-04-27,30.85,30.89,30.5,30.81,64635
2012-04-30,30.85,31.12,30.6,31.11,117890
2012-05-01,31.12,31.2,30.73,30.9,105328
2012-05-02,30.85,31.13,30.84,30.92,89401
2012-05-03,31.0,31.0,30.2,30.85,117221
2012-05-04,30.9,30.93,29.75,29.79,127404
2012-05-07,29.59,29.79,29.0,29.07,214579
2012-05-08,29.12,29.39,28.4,29.25,206174
2012-05-09,29.08,29.97,29.08,29.72,91803
2012-05-10,29.94,30.14,29.62,29.8,47123
2012-05-11,29.63,29.74,29.26,29.46,42664
2012-05-14,29.25,29.34,28.31,28.91,92522
2012-05-15,29.03,29.29,28.84,29.02,51449
2012-05-16,29.19,29.37,28.33,28.35,67335
2012-05-17,28.34,28.35,26.65,26.84,579363
2012-05-18,26.89,27.45,26.02,26.11,512217
2012-05-21,26.1,26.67,25.82,26.59,2721150
2012-05-22,26.74,27.0,26.06,26.24,457872
2012-05-23,26.1,26.23,25.75,26.0,435363
2012-05-24,26.06,26.57,25.85,26.47,294720
2012-05-25,26.5,26.8,26.1,26.6,318750
2012-05-29,26.8,27.1,26.5,26.8,171559
2012-05-30,26.7,26.7,26.15,26.34,306309
2012-05-31,26.69,26.94,26.18,26.8,376431
2012-06-01,25.97,26.46,25.48,25.55,370588
2012-06-04,25.51,25.9,25.0,25.24,308348
2012-06-05,25.08,25.85,25.0,25.65,685821
2012-06-06,25.87,26.16,25.7,26.04,624352
2012-06-07,26.25,26.5,25.87,26.15,353520
2012-06-08,26.0,26.41,25.82,26.34,386577
2012-06-11,26.6,26.93,26.3,26.38,511871
2012-06-12,26.76,27.59,26.76,27.53,698925
2012-06-13,27.48,27.9,27.15,27.85,789050
2012-06-14,27.85,28.0,27.5,27.9,450706
2012-06-15,28.18,28.38,28.0,28.02,207114
2012-06-18,28.38,28.46,27.96,28.39,221573
2012-06-19,28.67,29.17,28.6,29.1,715079
2012-06-20,29.22,29.53,29.12,29.4,182358
2012-06-21,29.32,29.42,28.63,28.65,175205
2012-06-22,28.81,28.96,27.66,28.36,605322
2012-06-25,28.07,28.69,27.6,28.62,227403
2012-06-26,28.75,29.49,28.75,29.44,250039
2012-06-27,29.53,30.67,29.51,30.37,1170786
2012-06-28,30.32,30.82,29.98,30.66,244623
2012-06-29,31.01,31.01,29.94,29.97,795552
2012-07-02,30.02,30.32,29.84,30.11,208468
2012-07-03,30.1,30.21,29.52,30.06,117515
2012-07-05,29.92,30.45,29.89,30.41,353759
2012-07-06,30.15,31.18,30.05,30.97,332311
2012-07-09,30.98,31.0,30.65,30.98,228022
2012-07-10,31.0,31.33,30.89,31.15,305480
2012-07-11,31.18,31.27,30.92,31.18,165562
2012-07-12,31.05,31.25,30.62,31.19,148217
2012-07-13,31.27,31.86,31.2,31.77,137105
2012-07-16,31.66,31.79,31.45,31.53,131173
2012-07-17,31.82,32.5,31.66,32.25,295112
2012-07-18,32.78,32.95,32.33,32.55,482554
2012-07-19,32.43,33.01,32.25,32.72,563520
2012-07-20,32.52,32.64,32.25,32.33,159913
2012-07-23,32.0,32.15,31.5,31.5,265787
2012-07-24,31.56,32.1,31.31,32.08,219591
2012-07-25,32.12,32.59,32.11,32.43,192469
2012-07-26,32.77,33.1,32.0,32.01,245990
2012-07-27,32.03,32.31,31.63,32.03,346462
2012-07-30,32.07,32.35,31.31,31.57,404573
2012-07-31,31.5,31.72,31.43,31.52,260394
2012-08-01,31.52,31.57,30.73,30.76,129564
2012-08-02,30.55,31.21,30.54,30.99,112071
2012-08-03,31.45,31.69,31.24,31.49,92774
2012-08-06,31.5,31.77,31.41,31.71,112148
2012-08-07,31.98,32.43,31.48,32.22,157771
2012-08-08,32.0,32.35,31.94,32.3,187050
2012-08-09,32.97,33.0,31.6,32.13,605553
2012-08-10,32.05,32.13,31.17,31.55,298899
2012-08-13,31.55,32.07,31.4,32.01,272546
2012-08-14,32.5,32.71,32.11,32.54,573912
2012-08-15,32.55,32.71,32.37,32.62,274718
2012-08-16,32.55,32.82,32.53,32.72,183535
2012-08-17,32.75,32.84,32.6,32.68,158681
2012-08-20,32.68,32.7,32.51,32.6,157461
2012-08-21,32.68,32.73,32.26,32.26,163149
2012-08-22,32.26,32.45,32.09,32.33,158139
2012-08-23,32.22,32.35,32.06,32.17,111731
2012-08-24,32.1,32.18,31.87,32.0,192109
2012-08-27,32.1,32.35,32.02,32.16,115138
2012-08-28,32.1,32.52,32.1,32.45,280991
2012-08-29,32.34,32.51,32.21,32.51,56159
2012-08-30,32.41,32.6,32.25,32.35,109602
2012-08-31,31.84,32.11,31.54,32.09,207139
2012-09-04,32.02,32.08,31.33,31.58,198209
2012-09-05,31.58,32.67,31.58,32.35,325370
2012-09-06,32.46,32.7,32.41,32.45,129522
2012-09-07,32.45,32.65,32.26,32.47,126568
2012-09-10,32.59,32.77,32.15,32.7,243595
2012-09-11,32.75,32.9,32.67,32.83,162175
2012-09-12,32.9,33.5,32.86,33.24,894320
2012-09-13,33.24,33.78,32.95,33.49,297997
2012-09-14,33.51,34.21,33.34,34.13,336772
2012-09-17,34.26,34.7,34.03,34.66,256756
2012-09-18,34.66,34.71,34.15,34.39,352011
2012-09-19,34.39,34.94,34.2,34.73,246779
2012-09-20,34.77,34.94,34.47,34.83,120079
2012-09-21,34.85,34.96,34.31,34.65,264547
2012-09-24,34.5,34.59,33.89,33.93,278502
2012-09-25,33.91,34.38,33.41,33.57,276309
2012-09-26,33.43,33.59,33.0,33.06,111598
2012-09-27,33.09,33.42,33.0,33.13,214961
2012-09-28,33.05,33.49,32.78,33.47,162255
2012-10-01,33.6,33.7,33.08,33.28,232977
2012-10-02,33.34,33.64,33.28,33.48,185849
2012-10-03,33.49,33.74,33.28,33.5,162033
2012-10-04,33.53,33.76,33.35,33.76,252300
2012-10-05,33.75,34.15,33.73,34.05,129590
2012-10-08,33.96,34.08,33.82,34.0,102280
2012-10-09,33.93,34.12,33.74,33.99,113832
2012-10-10,33.94,34.05,33.76,34.0,59428
2012-10-11,34.0,34.25,33.98,34.16,84393
2012-10-12,34.15,34.52,34.15,34.36,294770
2012-10-15,34.47,34.88,34.3,34.88,94296
2012-10-16,34.9,35.4,34.87,35.29,110592
2012-10-17,35.3,36.48,35.19,35.8,304972
2012-10-18,35.83,35.94,35.27,35.71,98217
2012-10-19,35.71,35.82,35.4,35.71,58628
2012-10-22,35.57,35.72,35.33,35.67,63452
2012-10-23,35.39,35.55,35.29,35.39,150607
2012-10-24,35.59,35.6,34.5,35.52,356870
2012-10-25,35.66,35.72,35.23,35.29,164233
2012-10-26,35.23,35.74,35.0,35.54,141326
2012-10-31,35.5,36.13,35.13,35.85,123874
2012-11-01,35.78,36.42,35.7,36.01,140391
2012-11-02,36.0,36.09,35.06,35.26,137531
2012-11-05,35.41,35.8,35.15,35.8,203200
2012-11-06,35.8,37.69,35.79,36.99,417556
2012-11-07,36.98,37.49,36.36,36.99,291333
2012-11-08,36.99,37.2,36.49,36.5,160103
2012-11-09,36.31,36.61,35.57,35.62,139405
2012-11-12,35.62,35.72,35.18,35.31,84695
2012-11-13,35.15,35.21,33.86,34.05,297299
2012-11-14,33.89,34.52,32.02,32.34,807376
2012-11-15,31.7,32.93,30.9,32.76,653098
2012-11-16,32.87,33.67,32.76,33.32,294944
2012-11-19,33.68,34.3,33.25,33.74,437000
2012-11-20,33.67,35.06,33.02,34.66,898378
2012-11-21,34.86,35.81,33.8,34.05,979800
2012-11-23,33.95,34.54,33.66,33.96,43001
2012-11-26,34.04,34.24,33.17,33.47,148480
2012-11-27,33.6,33.82,33.22,33.45,124295
2012-11-28,33.45,33.73,33.35,33.48,127070
2012-11-29,33.53,33.69,33.17,33.25,110830
2012-11-30,33.15,33.25,32.57,33.03,305567
2012-12-03,32.76,33.32,32.35,33.26,371801
2012-12-04,33.26,33.73,32.82,33.4,378483
2012-12-05,33.41,33.45,32.77,32.99,156942
2012-12-06,32.91,33.05,32.43,32.78,173153
2012-12-07,32.75,33.2,32.41,33.14,127918
2012-12-10,33.08,33.46,32.66,33.36,158234
2012-12-11,33.58,34.23,33.44,33.75,247436
2012-12-12,33.87,34.05,33.09,33.37,342070
2012-12-13,33.32,33.41,33.0,33.17,95359
2012-12-14,33.09,33.28,32.95,32.99,175533
2012-12-17,33.0,33.12,32.56,32.67,353128
2012-12-18,32.69,32.89,32.21,32.6,496703
2012-12-19,32.54,32.77,32.33,32.55,228698
2012-12-20,32.62,33.12,32.57,33.03,242279
2012-12-21,32.61,32.9,31.71,32.5,377509
2012-12-24,32.5,32.82,32.2,32.6,92213
2012-12-26,32.56,32.81,31.98,32.29,85237
2012-12-27,32.2,32.39,31.83,32.37,166009
2012-12-28,32.21,32.96,32.09,32.8,111660
2012-12-31,32.81,33.49,32.53,33.45,203431
2013-01-02,33.95,34.99,33.95,34.81,290697
2013-01-03,34.73,35.68,34.7,35.25,201191
2013-01-04,34.96,35.93,34.96,35.8,100025
2013-01-07,35.67,36.06,35.66,35.98,177377
2013-01-08,36.0,36.22,35.88,36.02,238307
2013-01-09,36.12,36.17,35.68,36.08,103035
2013-01-10,36.2,36.49,36.02,36.29,133162
2013-01-11,36.31,36.62,36.25,36.51,118908
2013-01-14,36.55,36.8,36.48,36.65,122333
2013-01-15,36.52,37.01,36.52,36.94,146068
2013-01-16,36.97,37.23,36.76,36.91,107794
2013-01-17,37.0,37.0,36.52,36.65,128310
2013-01-18,36.16,37.0,36.0,36.92,84384
2013-01-22,36.87,36.93,36.07,36.55,125033
2013-01-23,36.5,36.86,36.16,36.59,99925
2013-01-24,36.64,37.39,36.45,37.09,216770
2013-01-25,37.25,37.57,37.11,37.28,113774
2013-01-28,37.43,37.43,37.19,37.23,130761
2013-01-29,37.14,37.26,37.11,37.15,117217
2013-01-30,37.24,37.38,37.13,37.18,178101
2013-01-31,37.15,37.56,37.1,37.52,153566
2013-02-01,37.69,38.15,37.62,38.09,230732
2013-02-04,38.07,38.56,37.9,38.49,151461
2013-02-05,38.52,39.12,38.5,39.04,180565
2013-02-06,39.0,39.55,39.0,39.25,129284
2013-02-07,39.3,39.38,38.84,38.88,121538
2013-02-08,38.89,39.27,38.52,38.74,61541
2013-02-11,38.6,38.8,38.46,38.64,54415
2013-02-12,38.6,38.89,37.8,37.84,75284
2013-02-13,37.85,38.21,37.82,38.11,45356
2013-02-14,38.06,38.18,37.63,38.0,81759
2013-02-15,38.0,38.41,37.64,38.16,107657
2013-02-19,37.57,38.35,37.37,38.03,414693
2013-02-20,37.98,38.26,37.7,37.79,113183
2013-02-21,37.7,37.94,37.53,37.72,197290
2013-02-22,37.73,37.89,36.85,37.4,145260
2013-02-25,37.38,37.75,36.93,36.95,127454
2013-02-26,36.95,37.03,36.16,36.77,115631
2013-02-27,37.0,37.74,37.0,37.54,145691
2013-02-28,37.69,38.07,37.67,37.84,114035
2013-03-01,37.83,38.77,37.83,38.35,237766
2013-03-04,38.47,38.69,38.35,38.45,392652
2013-03-05,38.54,38.66,38.09,38.65,125721
2013-03-06,38.71,38.76,38.4,38.6,139308
2013-03-07,38.56,39.09,38.26,38.47,104851
2013-03-08,38.65,39.08,38.54,38.87,93673
2013-03-11,38.95,39.09,38.32,38.52,218901
2013-03-12,38.65,38.83,38.3,38.36,146232
2013-03-13,38.09,38.09,37.67,37.88,94924
2013-03-14,37.81,38.09,37.54,37.62,80624
2013-03-15,37.5,37.61,37.18,37.33,297382
2013-03-18,37.07,37.63,36.85,37.4,185119
2013-03-19,37.51,37.86,37.03,37.82,165560
2013-03-20,38.19,38.59,37.8,38.56,568332
2013-03-21,38.46,38.55,38.07,38.31,106396
2013-03-22,38.31,38.93,38.0,38.78,186662
2013-03-25,39.14,39.35,38.61,38.97,222731
2013-03-26,39.08,39.47,38.98,39.47,150519
2013-03-27,39.5,39.6,39.01,39.21,116023
2013-03-28,39.14,39.9,39.0,39.77,200820
2013-04-01,39.57,40.0,39.03,39.88,484367
2013-04-02,40.0,40.37,39.69,40.3,204303
2013-04-03,40.01,40.39,39.7,40.39,385414
2013-04-04,40.24,40.6,39.85,40.24,401865
2013-04-05,39.82,40.5,39.63,40.4,192398
2013-04-08,40.31,40.56,40.05,40.5,104056
2013-04-09,40.51,40.55,40.29,40.41,95843
2013-04-10,40.49,40.61,40.15,40.3,133072
2013-04-11,40.34,40.81,40.0,40.72,240151
2013-04-12,40.57,41.14,40.46,41.06,147665
2013-04-15,40.86,41.28,40.82,40.97,121820
2013-04-16,41.08,41.3,40.51,41.2,210722
2013-04-17,41.1,41.41,41.01,41.2,136064
2013-04-18,41.2,41.47,41.01,41.31,143212
2013-04-19,41.39,41.85,41.3,41.75,230438
2013-04-22,41.82,42.87,41.79,42.3,259325
2013-04-23,42.45,43.0,41.97,42.03,292323
2013-04-24,41.99,42.55,41.77,42.14,96591
2013-04-25,42.01,42.24,41.75,41.99,103149
2013-04-26,41.92,42.18,41.75,41.99,97742
2013-04-29,42.0,42.2,41.61,42.01,135865
2013-04-30,42.0,42.14,41.86,42.0,123916
2013-05-01,41.94,42.41,41.8,42.0,198371
2013-05-02,42.0,42.15,41.28,41.76,250869
2013-05-03,41.99,42.13,41.68,41.98,137914
2013-05-06,42.0,42.33,41.81,42.27,235473
2013-05-07,42.22,42.43,42.11,42.26,134474
2013-05-08,42.34,42.96,41.85,42.43,235275
2013-05-09,42.61,42.73,42.21,42.44,101725
2013-05-10,42.35,42.5,41.82,42.42,118363
2013-05-13,42.51,42.98,42.42,42.78,209011
2013-05-14,43.24,44.21,43.1,43.33,572698
2013-05-15,43.69,43.95,43.25,43.35,323026
2013-05-16,43.64,43.94,43.31,43.8,144414
2013-05-17,44.08,44.29,43.62,43.97,289482
2013-05-20,43.99,44.18,43.87,43.9,118574
2013-05-21,44.05,44.14,43.52,44.0,85174
2013-05-22,44.13,44.19,43.21,43.39,95443
2013-05-23,43.0,43.16,42.4,42.72,382878
2013-05-24,42.7,42.98,42.4,42.55,198490
2013-05-28,42.98,43.48,42.98,43.0,112351
2013-05-29,42.79,42.96,42.5,42.5,97722
2013-05-30,42.45,42.54,41.25,41.9,240112
2013-05-31,41.84,41.91,40.91,40.91,319318
2013-06-03,40.2,40.7,40.0,40.35,140727
2013-06-04,40.27,40.75,40.25,40.54,97726
2013-06-05,40.32,40.65,40.11,40.19,151218
2013-06-06,40.12,40.27,39.46,40.23,228741
2013-06-07,40.29,40.49,39.76,39.92,179400
2013-06-10,39.85,40.0,39.76,40.0,105657
2013-06-11,39.78,40.16,39.75,39.89,389469
2013-06-12,39.89,40.38,39.81,40.23,168282
2013-06-13,40.08,40.48,39.92,40.4,93418
2013-06-14,40.27,41.02,40.25,40.78,235175
2013-06-17,41.21,41.49,40.98,41.22,217411
2013-06-18,41.47,41.6,41.25,41.33,148215
2013-06-19,41.22,41.27,40.53,40.89,115527
2013-06-20,40.76,40.76,38.89,39.11,544462
2013-06-21,39.1,39.59,38.6,39.11,195411
2013-06-24,38.89,39.21,38.28,39.0,187832
2013-06-25,39.17,39.55,38.83,39.44,89081
2013-06-26,39.57,39.87,39.25,39.53,69697
2013-06-27,39.5,40.8,39.5,40.64,155803
2013-06-28,40.77,41.53,40.65,41.4,110111
2013-07-01,41.41,42.25,41.24,42.0,552338
2013-07-02,42.31,42.47,41.86,41.98,147366
2013-07-03,42.03,42.03,41.49,41.66,182814
2013-07-05,41.65,41.77,41.11,41.68,77401
2013-07-08,41.95,42.0,41.45,41.83,68200
2013-07-09,41.71,42.26,41.65,42.1,162955
2013-07-10,42.03,42.03,41.49,41.82,159480
2013-07-11,42.08,42.29,41.82,42.04,67466
2013-07-12,42.0,42.93,42.0,42.63,148124
2013-07-15,42.88,42.9,42.04,42.25,94035
2013-07-16,42.28,42.49,42.05,42.33,58803
2013-07-17,42.13,42.48,42.0,42.32,115140
2013-07-18,42.32,42.38,42.0,42.13,71943
2013-07-19,41.97,42.3,41.9,42.27,61083
2013-07-22,42.06,42.2,41.94,42.1,136949
2013-07-23,42.14,42.59,41.82,42.59,160715
2013-07-24,42.51,42.59,42.03,42.26,108115
2013-07-25,42.07,42.35,42.02,42.14,41814
2013-07-26,42.05,42.7,42.05,42.54,45229
2013-07-29,42.56,42.78,42.21,42.77,50623
2013-07-30,42.8,42.8,42.06,42.47,479202
2013-07-31,42.35,43.0,42.12,42.91,141182
2013-08-01,42.93,43.5,42.69,43.5,123399
2013-08-02,43.29,43.47,42.99,43.27,59125
2013-08-05,43.25,43.35,42.89,43.35,69987
2013-08-06,43.23,43.5,42.8,43.23,59617
2013-08-07,43.07,43.38,42.92,43.22,48873
2013-08-08,43.02,43.63,42.94,43.56,234143
2013-08-09,43.54,44.09,42.93,44.09,130121
2013-08-12,43.87,44.21,43.63,44.2,94867
2013-08-13,44.25,44.25,43.55,43.95,107193
2013-08-14,44.0,44.02,43.65,44.02,81697
2013-08-15,43.64,43.72,43.28,43.63,95691
2013-08-16,43.49,43.73,43.2,43.55,104786
2013-08-19,43.31,43.66,43.02,43.49,86433
2013-08-20,43.11,43.57,43.01,43.5,150845
2013-08-21,43.52,43.96,43.03,43.45,146897
2013-08-22,43.45,44.19,43.31,43.81,55592
2013-08-23,43.97,43.99,42.6,43.13,203539
2013-08-26,43.21,43.45,42.65,42.91,81510
2013-08-27,42.5,42.98,42.3,42.64,89062
2013-08-28,42.51,43.0,42.5,42.5,56023
2013-08-29,42.41,42.84,42.32,42.5,45032
2013-08-30,42.5,43.0,42.33,42.45,38683
2013-09-03,42.42,42.87,41.96,42.59,185976
2013-09-04,43.02,43.97,42.67,43.96,597886
2013-09-05,44.1,44.14,43.75,43.88,108721
2013-09-06,44.0,44.0,42.62,43.9,112760
2013-09-09,44.03,44.1,43.51,43.73,61513
2013-09-10,44.05,44.08,43.0,43.76,114906
2013-09-11,43.88,44.1,43.4,44.08,93587
2013-09-12,44.1,44.1,43.59,43.84,171175
2013-09-13,43.92,43.92,43.58,43.9,91974
2013-09-16,44.25,44.49,43.74,43.79,157056
2013-09-17,43.67,43.89,43.47,43.86,116221
2013-09-18,43.75,44.24,43.53,44.19,121575
2013-09-19,44.1,44.25,43.95,44.23,88133
2013-09-20,44.04,44.3,43.52,44.27,154938
2013-09-23,44.44,44.44,43.94,44.07,124059
2013-09-24,44.14,44.2,43.62,43.94,99144
2013-09-25,43.94,43.94,43.22,43.33,74435
2013-09-26,43.3,43.78,43.1,43.72,83484
2013-09-27,43.63,43.78,43.3,43.73,94995
2013-09-30,43.25,43.68,43.25,43.6,85510
2013-10-01,43.7,44.0,43.3,43.98,183712
2013-10-02,43.94,44.0,43.58,43.72,75720
2013-10-03,43.57,43.78,43.16,43.58,92602
2013-10-04,43.5,43.78,43.4,43.78,132658
2013-10-07,43.57,43.65,43.28,43.5,47119
2013-10-08,43.5,43.55,43.01,43.34,95562
2013-10-09,43.4,43.4,42.84,42.86,67766
2013-10-10,43.03,43.14,42.88,42.93,42516
2013-10-11,43.02,43.43,42.67,43.4,58233
2013-10-14,43.16,43.64,43.16,43.5,58304
2013-10-15,43.36,43.49,42.99,43.0,63712
2013-10-16,43.03,44.2,42.85,43.55,1216030
2013-10-17,43.53,43.85,43.41,43.68,98666
2013-10-18,43.7,44.23,43.48,44.19,119507
2013-10-21,44.1,44.21,43.92,43.96,105508
2013-10-22,44.0,44.2,43.91,44.09,89572
2013-10-23,44.01,44.37,43.94,44.32,114017
2013-10-24,44.44,45.09,44.38,44.88,221633
2013-10-25,45.01,45.23,44.79,45.0,170717
2013-10-28,45.0,45.18,44.67,44.99,125396
2013-10-29,45.0,45.2,44.7,44.82,173148
2013-10-30,44.8,45.29,44.77,45.26,219242
2013-10-31,45.19,45.9,45.13,45.85,91816
2013-11-01,46.0,46.0,45.37,45.49,80350
2013-11-04,45.65,45.65,44.86,45.6,76715
2013-11-05,45.36,45.71,44.86,45.45,70412
2013-11-06,45.48,45.69,44.98,45.47,182050
2013-11-07,46.55,47.48,45.72,46.72,211731
2013-11-08,46.8,47.29,46.66,46.98,256886
2013-11-11,47.19,47.34,46.34,46.69,202570
2013-11-12,46.88,47.14,46.5,47.0,178376
2013-11-13,47.0,47.27,46.72,47.04,111507
2013-11-14,47.24,47.66,46.8,47.55,179627
2013-11-15,47.66,48.09,47.32,47.99,298724
2013-11-18,48.21,48.59,48.09,48.32,360538
2013-11-19,48.51,48.58,47.88,47.99,68610
2013-11-20,47.97,47.99,46.79,47.03,82462
2013-11-21,47.31,47.39,46.53,46.97,87705
2013-11-22,47.0,47.6,46.63,47.55,125683
2013-11-25,47.54,48.08,47.3,47.92,68688
2013-11-26,47.81,48.34,47.67,48.14,32359
2013-11-27,49.03,49.88,48.94,49.4,143773
2013-11-29,49.7,50.16,49.7,49.8,74260
2013-12-02,49.07,49.38,48.36,48.58,87543
2013-12-03,48.42,48.79,47.81,47.93,161361
2013-12-04,47.74,48.31,46.77,47.08,65105
2013-12-05,47.08,47.08,46.37,46.93,119505
2013-12-06,47.39,47.83,47.07,47.6,75510
2013-12-09,48.02,48.5,47.66,47.93,120218
2013-12-10,48.04,48.29,47.3,47.84,80773
2013-12-11,48.1,48.51,47.76,48.19,142711
2013-12-12,48.04,48.69,48.04,48.44,58871
2013-12-13,48.6,48.69,48.25,48.25,68967
2013-12-16,48.62,49.27,48.27,49.14,128003
2013-12-17,49.35,49.35,48.0,48.07,112566
2013-12-18,48.1,48.64,47.96,48.6,557341
2013-12-19,48.58,48.99,48.25,48.6,73600
2013-12-20,48.6,48.98,48.0,48.2,87092
2013-12-23,48.05,48.38,47.62,47.83,81549
2013-12-24,47.8,48.1,47.65,48.1,22572
2013-12-26,48.21,48.58,48.0,48.42,67672
2013-12-27,48.5,48.7,48.1,48.23,64779
2013-12-30,48.25,49.35,48.25,49.14,88599
2013-12-31,49.25,49.82,49.07,49.58,74323
2014-01-02,49.58,50.13,49.31,50.07,148257
2014-01-03,50.09,51.26,50.03,50.83,180028
2014-01-06,50.98,51.42,49.04,49.48,330982
2014-01-07,49.64,50.7,49.53,50.63,160657
2014-01-08,50.62,50.67,49.83,50.22,97638
2014-01-09,50.52,51.19,50.3,51.02,155270
2014-01-10,50.91,52.22,50.54,51.8,165448
2014-01-13,51.69,51.77,50.73,51.36,91954
2014-01-14,51.67,51.79,51.29,51.54,137860
2014-01-15,51.79,52.13,51.49,51.67,109930
2014-01-16,51.69,52.22,51.35,51.61,402040
2014-01-17,51.6,51.97,51.31,51.41,60354
2014-01-21,51.52,51.52,51.03,51.36,102514
2014-01-22,51.39,51.78,51.05,51.16,62211
2014-01-23,51.11,51.36,50.38,50.46,96294
2014-01-24,50.1,50.41,49.84,49.96,112138
2014-01-27,49.9,50.34,48.75,49.5,178251
2014-01-28,49.7,50.0,49.59,49.72,78722
2014-01-29,49.45,49.75,49.21,49.26,185378
2014-01-30,49.41,49.84,49.29,49.45,77968
2014-01-31,49.28,50.43,48.56,49.74,149592
2014-02-03,49.87,49.87,48.25,48.59,268037
2014-02-04,48.57,48.57,47.21,48.36,273229
2014-02-05,48.27,48.51,47.5,47.99,112106
2014-02-06,48.19,48.48,48.06,48.39,55530
2014-02-07,48.47,48.99,48.11,48.62,76950
2014-02-10,48.82,49.25,48.49,49.24,89123
2014-02-11,49.39,49.96,49.16,49.91,122756
2014-02-12,50.0,52.2,49.95,51.9,145424
2014-02-13,51.58,52.15,51.25,52.05,136120
2014-02-14,52.11,52.71,51.9,52.71,83700
2014-02-18,52.74,52.97,52.47,52.56,107513
2014-02-19,52.63,53.16,52.25,52.55,95162
2014-02-20,52.23,52.85,51.92,52.78,174543
2014-02-21,52.8,53.5,52.32,53.03,153596
2014-02-24,53.16,53.89,53.16,53.8,131716
2014-02-25,54.03,54.32,53.6,54.1,272591
2014-02-26,54.23,54.41,51.97,53.18,326296
2014-02-27,53.42,53.75,53.15,53.48,246101
2014-02-28,53.72,53.95,52.61,53.2,135188
2014-03-03,52.91,52.94,52.0,52.17,165281
2014-03-04,52.91,53.21,52.01,52.3,198922
2014-03-05,52.49,52.86,51.51,51.91,294372
2014-03-06,51.88,53.02,51.88,52.7,285501
2014-03-07,53.08,53.15,52.32,52.61,261922
2014-03-10,52.63,53.09,51.92,52.39,659439
2014-03-11,52.36,53.89,52.24,53.76,207556
2014-03-12,53.05,53.61,52.45,53.1,320718
2014-03-13,53.0,53.58,52.61,53.17,132728
2014-03-14,53.16,54.07,53.14,53.54,136220
2014-03-17,54.0,54.39,53.9,54.18,162201
2014-03-18,54.23,54.7,53.6,53.6,94617
2014-03-19,53.81,54.0,52.25,52.3,302215
2014-03-20,52.2,52.71,51.49,51.61,310474
2014-03-21,51.65,52.35,51.51,51.97,446450
2014-03-24,51.87,52.03,51.19,51.49,313443
2014-03-25,51.89,52.18,51.34,51.7,227170
2014-03-26,52.12,52.25,51.46,51.51,66307
2014-03-27,51.6,51.6,50.64,50.75,129198
2014-03-28,50.96,51.5,50.83,50.95,440902
2014-03-31,51.0,51.3,50.5,50.93,126580
2014-04-01,51.0,51.3,50.89,51.13,156532
2014-04-02,51.2,51.65,50.63,50.98,195721
2014-04-03,51.0,51.3,50.71,50.92,175126
2014-04-04,51.0,51.41,50.16,50.21,98269
2014-04-07,50.28,50.28,48.84,49.32,160086
2014-04-08,49.31,50.0,49.3,49.5,125889
2014-04-09,49.5,49.99,49.5,49.83,41726
2014-04-10,49.81,49.95,49.01,49.6,143230
2014-04-11,49.27,49.54,48.84,49.04,70713
2014-04-14,49.22,50.14,49.08,50.09,95068
2014-04-15,50.05,50.38,49.1,50.02,81559
2014-04-16,50.39,51.17,50.18,50.94,343039
2014-04-17,50.9,52.19,50.81,52.01,180348
2014-04-21,52.24,52.7,51.25,51.83,99384
2014-04-22,51.83,52.68,51.66,52.55,73423
2014-04-23,52.78,52.97,52.4,52.7,76511
2014-04-24,52.94,53.84,52.55,53.75,75634
2014-04-25,53.71,53.72,52.25,52.3,174852
2014-04-28,52.29,52.73,51.66,52.06,72136
2014-04-29,52.3,53.0,51.84,52.5,88553
2014-04-30,52.58,52.74,51.86,51.88,254107
2014-05-01,52.11,52.78,51.85,52.69,175517
2014-05-02,52.7,52.78,52.2,52.62,128714
2014-05-05,52.56,52.74,52.24,52.29,214275
2014-05-06,52.25,52.25,51.52,51.85,270292
2014-05-07,51.5,52.0,51.07,51.98,262933
2014-05-08,51.06,52.02,51.0,51.18,186867
2014-05-09,51.21,51.34,50.4,50.6,110583
2014-05-12,50.79,51.19,50.45,50.57,89382
2014-05-13,50.82,50.95,50.29,50.4,145211
2014-05-14,50.4,50.62,49.9,49.95,74523
2014-05-15,50.04,50.16,49.62,49.95,53644
2014-05-16,49.96,50.26,49.85,49.99,55920
2014-05-19,49.81,50.32,49.67,49.85,75314
2014-05-20,49.95,50.08,49.5,49.71,81138
2014-05-21,49.68,50.54,49.57,50.49,60034
2014-05-22,50.63,51.48,50.5,51.34,50245
2014-05-23,51.57,52.01,51.4,51.94,54644
2014-05-27,51.94,52.01,51.64,51.73,83401
2014-05-28,51.87,52.05,51.82,51.96,89543
2014-05-29,52.0,52.24,51.89,51.99,105918
2014-05-30,51.92,52.26,51.61,52.03,158677
2014-06-02,52.25,53.04,52.01,53.01,196190
2014-06-03,52.55,53.08,52.17,52.89,180224
2014-06-04,53.12,55.0,53.0,54.69,255475
2014-06-05,54.46,55.11,54.01,55.11,134817
2014-06-06,55.15,55.77,54.9,55.07,119154
2014-06-09,55.24,55.48,54.51,54.9,469793
2014-06-10,54.99,54.99,54.04,54.3,97785
2014-06-11,54.42,54.64,52.79,52.83,186220
2014-06-12,52.74,53.01,52.09,52.47,191269
2014-06-13,52.36,52.73,51.5,52.17,146643
2014-06-16,52.47,52.9,52.18,52.5,205707
2014-06-17,52.5,52.81,52.15,52.78,181084
2014-06-18,52.79,53.01,52.45,52.83,194314
2014-06-19,52.93,53.17,52.65,53.0,95283
2014-06-20,53.0,53.11,52.8,52.99,133765
2014-06-23,52.99,53.05,52.76,52.98,62283
2014-06-24,52.9,53.29,52.68,53.25,138077
2014-06-25,53.25,53.6,53.2,53.52,50158
2014-06-26,53.51,53.51,52.95,53.0,45736
2014-06-27,53.06,53.17,52.55,52.95,60314
2014-06-30,53.14,53.15,52.62,52.9,94627
2014-07-01,52.81,52.98,52.36,52.8,112673
2014-07-02,52.65,53.03,52.22,52.63,116228
2014-07-03,52.64,53.0,52.03,52.25,98712
2014-07-07,52.16,52.29,51.9,52.0,218331
2014-07-08,51.92,52.11,50.57,51.45,246190
2014-07-09,51.46,51.82,50.83,51.1,265680
2014-07-10,50.57,51.1,50.4,50.48,101489
2014-07-11,50.28,50.55,50.1,50.11,237987
2014-07-14,50.16,50.44,48.82,49.45,294521
2014-07-15,49.79,50.54,49.79,50.29,220213
2014-07-16,50.46,50.96,50.35,50.89,321019
2014-07-17,50.8,51.09,50.8,50.97,163085
2014-07-18,51.2,51.79,51.14,51.75,132143
2014-07-21,51.99,52.0,51.12,51.92,114708
2014-07-22,51.94,52.74,51.78,52.51,58211
2014-07-23,52.59,52.68,52.38,52.57,66046
2014-07-24,52.46,52.56,52.02,52.5,142469
2014-07-25,52.42,52.78,52.34,52.6,98814
2014-07-28,52.54,52.86,52.12,52.49,56168
2014-07-29,52.48,52.66,52.36,52.44,85835
2014-07-30,52.45,52.74,52.38,52.59,103297
2014-07-31,52.49,52.53,51.77,51.8,80006
2014-08-01,51.67,52.07,51.31,51.67,52663
2014-08-04,51.87,52.52,51.4,52.51,144756
2014-08-05,52.51,52.76,50.62,50.81,228648
2014-08-06,50.39,50.78,50.1,50.69,151983
2014-08-07,50.71,51.15,50.28,50.99,447257
2014-08-08,50.97,51.3,50.4,50.57,109685
2014-08-11,50.65,50.91,50.06,50.12,97657
2014-08-12,50.02,50.4,48.72,49.16,357793
2014-08-13,48.91,49.41,48.3,49.07,296071
2014-08-14,49.22,49.7,48.82,49.33,136585
2014-08-15,49.68,50.13,49.05,49.86,208732
2014-08-18,49.94,50.76,49.75,50.36,119281
2014-08-19,50.7,51.84,50.3,51.61,222421
2014-08-20,51.7,51.7,51.09,51.44,128977
2014-08-21,51.33,51.49,50.65,50.68,181417
2014-08-22,50.65,51.1,49.85,49.88,132301
2014-08-25,50.08,50.42,49.7,49.73,77910
2014-08-26,49.75,50.38,49.74,50.01,75863
2014-08-27,50.0,50.16,49.81,49.95,58848
2014-08-28,49.96,49.96,49.11,49.42,174499
2014-08-29,49.51,49.72,49.26,49.49,115968
2014-09-02,49.05,49.35,48.97,49.0,109330
2014-09-03,49.0,49.22,48.25,48.5,204538
2014-09-04,48.45,48.6,45.05,47.43,717212
2014-09-05,47.45,47.95,47.3,47.47,173055
2014-09-08,47.34,47.72,47.34,47.47,163911
2014-09-09,47.37,47.64,47.21,47.53,97213
2014-09-10,47.75,48.25,47.66,47.89,133233
2014-09-11,47.89,48.32,47.37,47.4,73110
2014-09-12,47.47,47.61,46.98,47.23,138660
2014-09-15,47.3,47.37,47.04,47.19,169955
2014-09-16,47.0,47.18,46.9,46.97,173283
2014-09-17,46.9,47.05,46.58,46.78,112544
2014-09-18,46.73,47.0,46.65,46.75,87530
2014-09-19,46.63,46.75,45.5,45.91,319687
2014-09-22,45.96,47.5,45.11,45.97,311904
2014-09-23,45.73,46.14,45.5,45.55,163931
2014-09-24,45.55,47.09,45.33,47.09,134340
2014-09-25,46.89,47.37,46.48,47.32,117027
2014-09-26,47.34,48.0,47.2,47.89,53296
2014-09-29,47.85,47.85,47.04,47.37,49556
2014-09-30,47.53,47.69,47.07,47.27,79332
2014-10-01,47.15,47.52,46.6,47.36,157113
2014-10-02,47.23,47.77,46.05,46.49,162168
2014-10-03,46.75,46.99,46.11,46.57,44419
2014-10-06,46.57,46.66,45.85,45.86,70944
2014-10-07,45.72,47.2,45.61,46.17,101123
2014-10-08,46.07,47.2,45.85,47.07,132164
2014-10-09,46.94,47.13,46.02,46.43,105635
2014-10-10,46.23,46.82,45.11,45.53,215787
2014-10-13,45.36,45.95,43.75,44.04,475519
2014-10-14,43.8,45.82,43.75,44.87,256614
2014-10-15,44.2,44.2,42.75,43.81,402329
2014-10-16,43.07,44.72,42.8,44.25,324354
2014-10-17,44.75,45.52,44.4,44.78,181756
2014-10-20,44.64,45.45,44.43,44.47,86678
2014-10-21,44.5,45.49,44.45,45.25,202793
2014-10-22,46.06,47.27,46.06,46.95,474932
2014-10-23,47.18,47.5,46.79,47.18,150291
2014-10-24,47.32,47.47,46.89,46.98,103007
2014-10-27,46.79,47.22,46.25,46.96,145450
2014-10-28,46.98,47.31,46.82,47.18,162486
2014-10-29,47.09,47.74,47.03,47.2,82500
2014-10-30,47.05,47.45,46.63,46.96,80459
2014-10-31,47.33,47.46,46.89,47.26,111113
2014-11-03,47.45,48.0,47.25,47.9,158210
2014-11-04,47.78,48.02,47.51,47.74,146851
2014-11-05,48.05,48.05,47.58,47.83,178653
2014-11-06,46.7,47.91,46.25,47.62,262810
2014-11-07,47.62,47.86,47.24,47.7,337118
2014-11-10,47.71,47.75,46.66,46.71,237311
2014-11-11,46.59,47.31,46.5,47.12,156663
2014-11-12,46.81,47.75,46.57,47.5,451276
2014-11-13,47.62,47.82,47.14,47.19,132767
2014-11-14,47.19,47.4,46.8,46.86,75702
2014-11-17,47.0,47.0,46.52,46.63,91460
2014-11-18,46.59,47.0,46.57,46.82,77260
2014-11-19,46.89,47.12,46.8,47.01,89631
2014-11-20,46.9,47.24,46.63,46.79,174920
2014-11-21,47.26,47.26,46.68,46.93,154139
2014-11-24,47.13,47.39,46.95,47.19,138204
2014-11-25,47.38,48.19,47.28,47.72,234583
2014-11-26,47.75,48.09,47.6,47.73,210739
2014-11-28,47.94,48.12,47.67,47.73,112698
2014-12-01,46.97,47.33,46.68,46.94,195136
2014-12-02,46.78,47.16,46.49,46.5,188103
2014-12-03,46.38,46.96,46.0,46.14,119509
2014-12-04,46.23,46.61,45.86,46.02,688384
2014-12-05,46.0,46.39,45.86,45.96,637587
2014-12-08,45.84,46.02,45.56,45.73,104750
2014-12-09,45.44,45.91,45.41,45.73,139245
2014-12-10,45.87,45.92,44.91,45.01,168152
2014-12-11,45.01,46.0,45.0,45.15,125565
2014-12-12,45.0,45.81,44.92,45.38,222968
2014-12-15,45.64,46.75,45.49,46.3,437229
2014-12-16,46.27,47.22,46.05,46.73,583081
2014-12-17,46.93,47.12,46.74,46.99,451241
2014-12-18,47.23,47.25,46.39,46.39,330685
2014-12-19,46.43,46.67,46.17,46.32,102716
2014-12-22,46.35,46.95,46.26,46.8,92065
2014-12-23,47.24,47.84,46.96,47.41,383339
2014-12-24,47.62,48.25,47.56,47.85,141818
2014-12-26,47.85,48.18,47.38,47.55,104902
2014-12-29,47.75,47.75,47.35,47.49,131152
2014-12-30,47.36,47.69,47.21,47.49,175615
2014-12-31,47.44,47.95,47.4,47.83,147402
2015-01-02,47.75,48.25,47.0,47.3,118084
2015-01-05,47.32,48.25,47.2,48.2,689592
2015-01-06,48.25,50.65,48.18,49.67,407512
2015-01-07,49.65,49.9,49.36,49.46,159068
2015-01-08,49.65,50.6,49.65,50.55,388076
2015-01-09,50.65,51.23,50.38,51.0,336021
2015-01-12,51.12,52.0,50.71,51.91,289497
2015-01-13,51.92,52.5,50.8,51.59,163771
2015-01-14,51.51,51.53,50.04,50.92,191161
2015-01-15,50.89,51.22,50.12,50.5,222833
2015-01-16,50.61,50.92,50.18,50.57,1138652
2015-01-20,50.81,51.1,50.61,51.1,156718
2015-01-21,51.07,52.04,51.07,51.79,126837
2015-01-22,51.83,52.5,51.82,52.5,152822
2015-01-23,52.69,53.5,52.31,53.4,141908
2015-01-26,53.38,53.9,53.2,53.5,115926
2015-01-27,53.35,53.6,52.84,53.4,162169
2015-01-28,53.56,53.81,53.04,53.04,56437
2015-01-29,53.1,54.27,52.66,54.21,112414
2015-01-30,54.24,54.69,53.96,54.32,142568
2015-02-02,55.09,55.09,53.96,54.5,229608
2015-02-03,54.62,54.62,53.58,53.81,162174
2015-02-04,53.72,54.5,53.68,54.17,129337
2015-02-05,54.41,54.65,54.0,54.09,145257
2015-02-06,54.0,54.26,53.7,54.13,170649
2015-02-09,54.13,54.13,52.87,53.0,184807
2015-02-10,53.4,54.7,53.25,54.46,178639
2015-02-11,54.5,54.96,54.0,54.19,112326
2015-02-12,54.53,54.75,54.2,54.35,54891
2015-02-13,54.34,54.49,53.54,53.8,66012
2015-02-17,53.79,53.79,53.29,53.35,105177
2015-02-18,53.0,53.49,53.0,53.47,121828
2015-02-19,53.5,54.2,52.08,52.75,255534
2015-02-20,53.18,54.5,52.61,54.26,148932
2015-02-23,54.23,55.75,53.59,55.3,422757
2015-02-24,55.38,56.77,55.12,56.09,369604
2015-02-25,56.33,56.33,54.88,55.68,235383
2015-02-26,55.66,55.75,54.75,55.68,110844
2015-02-27,55.61,55.98,55.14,55.93,153978
2015-03-02,56.35,56.81,55.28,55.33,175331
2015-03-03,55.23,56.17,55.06,55.82,268885
2015-03-04,55.62,56.0,54.87,55.76,185029
2015-03-05,55.73,56.11,55.38,55.74,82241
2015-03-06,55.7,55.71,54.41,54.79,419120
2015-03-09,55.14,55.35,54.74,54.82,95949
2015-03-10,54.79,55.08,54.4,54.49,183686
2015-03-11,53.99,54.02,53.44,53.66,86323
2015-03-12,53.78,55.16,53.78,55.0,126497
2015-03-13,55.12,55.23,54.24,54.7,124446
2015-03-16,54.82,55.33,54.44,55.24,112770
2015-03-17,55.3,55.5,54.9,55.43,152598
2015-03-18,55.42,56.94,55.17,56.84,168128
2015-03-19,56.84,58.03,56.28,57.91,193240
2015-03-20,58.26,58.94,57.53,57.91,255952
2015-03-23,57.54,58.64,57.13,58.55,151604
2015-03-24,58.7,58.7,57.57,58.22,111135
2015-03-25,58.69,58.69,57.04,57.43,302698
2015-03-26,57.25,57.33,56.38,56.82,196657
2015-03-27,57.09,57.35,56.53,56.83,74318
2015-03-30,56.83,57.15,56.0,56.53,112810
2015-03-31,56.44,57.47,56.15,57.4,126726
2015-04-01,57.3,58.66,57.12,58.53,196444
2015-04-02,58.26,58.62,57.72,57.89,112860
2015-04-06,57.8,57.82,56.5,56.73,106893
2015-04-07,56.54,57.31,56.51,56.93,93864
2015-04-08,57.0,57.12,56.42,57.0,39187
2015-04-09,56.74,57.32,56.26,57.02,69113
2015-04-10,57.02,57.8,56.89,57.0,66110
2015-04-13,57.0,57.35,56.39,56.4,80347
2015-04-14,56.35,56.75,55.56,55.83,58376
2015-04-15,56.01,56.44,55.84,55.85,80914
2015-04-16,55.66,57.01,55.12,56.47,148401
2015-04-17,56.0,56.78,55.62,56.59,60615
2015-04-20,56.67,57.19,56.29,56.6,532910
2015-04-21,56.87,56.87,56.0,56.16,89423
2015-04-22,56.17,57.16,56.17,56.97,146188
2015-04-23,57.13,57.73,56.19,57.5,99927
2015-04-24,57.75,58.2,57.5,58.06,41553
2015-04-27,58.0,58.68,57.88,58.27,87760
2015-04-28,58.37,58.65,57.0,58.0,123540
2015-04-29,56.5,57.4,56.15,56.99,180985
2015-04-30,57.42,57.42,55.3,56.43,146124
2015-05-01,56.72,58.79,56.5,57.85,132142
2015-05-04,58.09,58.09,56.63,57.85,121712
2015-05-05,57.97,57.97,55.99,56.0,139458
2015-05-06,56.77,57.21,55.53,57.2,204906
2015-05-07,57.2,57.52,56.39,57.52,134032
2015-05-08,58.0,58.25,57.0,57.19,132919
2015-05-11,57.14,57.33,56.5,56.58,81570
2015-05-12,56.5,57.1,56.08,57.07,72839
2015-05-13,57.43,58.09,57.06,58.01,145886
2015-05-14,58.1,58.23,57.67,58.03,93238
2015-05-15,58.5,58.94,57.75,58.19,193105
2015-05-18,58.29,58.73,57.75,58.09,76092
2015-05-19,58.45,58.67,57.25,58.6,132685
2015-05-20,58.48,58.58,57.5,57.56,126465
2015-05-21,57.59,58.02,57.0,57.2,79936
2015-05-22,57.3,58.24,57.08,57.79,75195
2015-05-26,57.73,58.7,57.32,58.36,145293
2015-05-27,58.5,59.6,58.22,59.32,210428
2015-05-28,59.2,59.61,59.03,59.61,64239
2015-05-29,59.89,60.64,59.65,60.31,178792
2015-06-01,59.56,60.14,57.87,58.47,304746
2015-06-02,58.11,58.6,58.0,58.14,357261
2015-06-03,57.93,58.36,57.6,57.81,126616
2015-06-04,57.81,58.18,56.66,57.63,198646
2015-06-05,57.5,57.6,56.8,57.28,134644
2015-06-08,57.37,57.93,56.67,57.44,100293
2015-06-09,57.47,58.0,56.92,57.81,100320
2015-06-10,58.34,58.5,57.5,58.22,97102
2015-06-11,58.4,58.43,57.45,57.54,107228
2015-06-12,57.48,57.48,57.01,57.3,97533
2015-06-15,57.37,57.57,56.8,57.28,187322
2015-06-16,57.2,58.46,57.19,58.45,120715
2015-06-17,58.5,59.08,58.08,58.97,79946
2015-06-18,59.08,59.48,58.26,58.37,96194
2015-06-19,58.44,58.9,57.76,58.0,44527
2015-06-22,58.17,58.19,56.8,56.94,89882
2015-06-23,57.0,57.04,55.97,56.33,158549
2015-06-24,56.38,56.87,55.35,55.45,118062
2015-06-25,55.71,55.85,55.0,55.13,109837
2015-06-26,55.11,55.48,54.78,55.38,1098776
2015-06-29,54.58,55.26,54.14,54.15,158524
2015-06-30,54.38,55.0,54.15,54.49,193554
2015-07-01,54.67,54.77,54.19,54.69,117343
2015-07-02,54.65,54.89,54.43,54.78,81110
2015-07-06,54.54,54.89,54.21,54.69,47795
2015-07-07,54.8,54.8,53.1,54.6,154724
2015-07-08,54.6,55.72,54.51,55.61,247714
2015-07-09,55.79,56.45,54.89,55.17,102287
2015-07-10,56.0,56.1,55.41,56.08,109253
2015-07-13,55.88,56.55,55.8,56.41,60283
2015-07-14,56.27,57.05,56.05,57.04,55642
2015-07-15,57.0,57.29,56.61,56.95,78133
2015-07-16,57.03,57.03,55.82,56.51,125990
2015-07-17,56.51,56.76,56.05,56.65,69803
2015-07-20,56.85,56.85,56.15,56.27,175699
2015-07-21,56.04,56.68,54.5,55.11,132034
2015-07-22,54.8,55.8,54.34,55.5,95976
2015-07-23,55.5,55.82,53.36,53.62,142877
2015-07-24,53.78,54.5,53.31,54.09,110522
2015-07-27,53.59,53.89,51.4,51.65,181321
2015-07-28,51.28,53.5,50.25,52.83,198599
2015-07-29,52.5,53.4,52.5,52.9,80981
2015-07-30,52.9,53.14,52.05,52.83,123427
2015-07-31,53.2,54.3,52.75,53.65,161593
2015-08-03,53.7,55.94,53.7,54.98,127247
2015-08-04,54.99,55.28,54.21,55.0,108830
2015-08-05,55.24,58.12,54.87,58.11,286658
2015-08-06,57.81,57.81,55.5,56.14,151387
2015-08-07,55.95,55.99,53.6,53.76,207923
2015-08-10,53.79,54.46,53.5,54.46,170450
2015-08-11,53.7,54.53,52.59,53.0,365444
2015-08-12,52.75,54.79,52.38,54.7,107900
2015-08-13,54.73,54.93,54.06,54.9,158785
2015-08-14,54.49,54.95,53.1,54.56,155992
2015-08-17,54.74,54.77,53.88,54.26,128137
2015-08-18,53.85,54.25,53.41,53.57,152446
2015-08-19,53.41,53.59,52.12,52.85,253154
2015-08-20,53.0,53.59,52.11,52.88,228995
2015-08-21,52.01,52.7,51.36,52.19,401984
2015-08-24,49.25,53.22,48.94,51.68,796039
2015-08-25,54.0,54.0,51.8,51.97,119272
2015-08-26,52.25,53.13,51.34,53.07,148660
2015-08-27,54.0,54.21,52.78,54.0,141768
2015-08-28,53.69,54.7,53.62,54.07,71028
2015-08-31,54.43,55.65,54.08,55.18,201231
2015-09-01,53.77,54.16,52.32,52.81,415321
2015-09-02,52.91,53.66,52.58,53.45,164883
2015-09-03,53.82,54.73,53.46,53.56,178405
2015-09-04,53.81,54.51,53.25,54.44,106071
2015-09-08,54.61,54.95,54.02,54.68,165149
2015-09-09,54.7,55.23,53.52,53.99,201456
2015-09-10,54.42,55.0,54.16,54.32,271146
2015-09-11,54.78,54.78,53.82,54.59,96625
2015-09-14,54.65,55.17,54.35,54.91,159669
2015-09-15,55.0,56.01,55.0,55.76,146646
2015-09-16,56.38,56.38,55.12,55.55,114958
2015-09-17,55.09,56.08,55.0,55.79,158332
2015-09-18,55.83,55.97,54.39,54.55,173404
2015-09-21,54.92,55.57,54.2,54.41,178845
2015-09-22,53.57,54.25,53.28,54.09,93655
2015-09-23,53.88,54.4,52.79,53.35,280030
2015-09-24,53.22,53.76,52.74,53.27,137728
2015-09-25,53.73,54.03,52.26,52.92,232826
2015-09-28,52.72,52.82,50.92,51.0,190004
2015-09-29,51.0,52.39,50.6,52.15,169137
2015-09-30,52.2,53.46,52.2,52.61,148656
2015-10-01,52.54,52.76,51.57,52.3,166973
2015-10-02,52.0,53.0,51.94,52.95,139092
2015-10-05,53.46,54.02,53.08,53.93,102194
2015-10-06,54.29,54.32,53.47,53.57,52675
2015-10-07,54.07,54.36,53.04,54.36,69934
2015-10-08,54.52,54.52,53.65,54.4,73484
2015-10-09,54.52,55.71,54.0,54.7,105546
2015-10-12,54.75,55.19,54.32,54.97,133154
2015-10-13,55.08,55.29,54.75,54.92,53869
2015-10-14,54.92,54.92,54.25,54.61,83440
2015-10-15,54.89,55.28,53.65,55.28,127296
2015-10-16,55.05,55.93,55.05,55.65,71841
2015-10-19,55.35,55.95,55.02,55.84,67226
2015-10-20,55.84,57.2,55.66,57.02,100457
2015-10-21,57.04,57.29,56.62,57.0,90399
2015-10-22,57.01,58.46,56.81,58.15,172593
2015-10-23,58.3,58.48,57.58,58.0,202238
2015-10-26,58.06,58.29,57.82,58.03,134877
2015-10-27,57.65,57.84,56.0,57.0,143611
2015-10-28,57.17,57.72,56.43,56.91,100602
2015-10-29,57.06,57.09,56.61,56.83,63873
2015-10-30,56.98,56.98,55.78,56.0,80515
2015-11-02,56.26,57.0,56.23,56.39,57276
2015-11-03,56.66,56.66,56.01,56.35,68844
2015-11-04,56.41,56.94,55.45,56.45,257638
2015-11-05,59.0,59.0,57.0,57.61,180287
2015-11-06,57.81,58.74,57.62,58.48,445486
2015-11-09,58.91,58.91,57.84,58.07,104631
2015-11-10,58.1,58.27,57.32,57.74,78623
2015-11-11,57.7,58.46,56.7,57.35,142555
2015-11-12,57.12,57.35,55.42,56.05,107679
2015-11-13,56.13,56.62,55.8,56.05,109878
2015-11-16,56.05,56.44,55.7,56.35,130197
2015-11-17,56.57,57.0,55.96,56.37,156341
2015-11-18,56.45,57.16,56.1,57.14,184724
2015-11-19,56.92,57.47,56.0,56.51,90853
2015-11-20,56.18,56.98,56.15,56.72,66701
2015-11-23,56.7,57.32,56.67,56.93,76582
2015-11-24,56.62,57.27,56.03,56.68,229658
2015-11-25,56.66,57.33,56.3,57.26,88853
2015-11-27,57.6,57.6,56.68,57.13,53319
2015-11-30,58.02,58.02,55.83,56.32,228913
2015-12-01,55.81,57.44,55.46,57.4,816633
2015-12-02,57.09,57.4,56.16,56.18,74641
2015-12-03,56.5,56.5,54.31,54.94,118201
2015-12-04,55.01,55.55,54.87,55.07,75303
2015-12-07,55.18,55.18,54.2,54.67,181898
2015-12-08,54.17,54.4,53.49,53.68,175614
2015-12-09,53.27,53.91,52.82,53.45,152522
2015-12-10,53.84,54.05,52.12,52.44,126213
2015-12-11,51.78,52.85,51.19,52.22,197000
2015-12-14,52.19,52.81,51.68,52.74,228235
2015-12-15,53.12,54.61,52.84,54.17,177516
2015-12-16,54.61,55.2,54.18,54.94,270935
2015-12-17,55.01,55.5,53.42,53.56,181592
2015-12-18,53.55,53.78,52.31,52.51,193020
2015-12-21,52.98,53.07,51.88,52.02,342990
2015-12-22,52.07,52.29,51.36,51.94,213714
2015-12-23,52.0,54.49,52.0,54.15,172706
2015-12-24,54.43,54.94,54.27,54.51,193785
2015-12-28,54.4,55.15,54.05,55.09,83332
2015-12-29,55.29,56.5,55.18,55.89,208082
2015-12-30,56.0,56.34,55.21,55.84,67168
2015-12-31,56.04,56.97,55.68,55.84,123922
2016-01-04,55.05,55.87,54.54,55.85,311080
2016-01-05,55.82,55.97,55.03,55.43,156694
2016-01-06,54.85,55.79,54.85,55.42,253942
2016-01-07,55.0,55.71,54.24,54.43,254377
2016-01-08,54.88,55.22,53.28,53.53,254634
2016-01-11,53.31,53.65,51.72,52.0,305805
2016-01-12,52.24,52.6,51.35,51.5,586841
2016-01-13,52.0,53.26,50.37,50.49,502990
2016-01-14,50.25,52.86,48.46,52.12,477338
2016-01-15,50.5,51.99,50.15,50.82,254918
2016-01-19,51.0,51.38,50.34,51.22,157131
2016-01-20,51.11,51.64,50.1,51.55,624628
2016-01-21,51.65,52.14,51.48,51.56,166214
2016-01-22,52.36,53.47,52.02,53.19,400309
2016-01-25,53.72,53.92,52.25,52.3,311386
2016-01-26,52.56,53.0,52.07,52.68,240790
2016-01-27,52.89,53.82,52.27,52.56,200746
2016-01-28,52.86,53.0,52.15,52.39,95859
2016-01-29,52.62,54.14,52.39,54.13,278161
2016-02-01,53.89,54.84,53.37,54.36,249109
2016-02-02,53.88,54.15,52.83,53.33,272136
2016-02-03,53.57,53.57,52.06,53.0,182565
2016-02-04,53.19,53.6,52.0,52.55,213280
2016-02-05,52.53,52.53,51.75,51.95,116703
2016-02-08,51.5,51.56,49.27,50.24,499920
2016-02-09,49.5,50.79,49.4,49.81,308663
2016-02-10,50.3,50.87,49.71,50.32,317624
2016-02-11,49.96,50.61,49.4,49.94,465987
2016-02-12,50.69,51.7,50.21,51.1,329958
2016-02-16,51.8,52.49,51.57,52.44,125987
2016-02-17,53.76,54.41,52.11,54.33,387378
2016-02-18,54.17,56.6,53.78,56.13,298849
2016-02-19,55.84,56.75,55.62,56.5,228986
2016-02-22,56.88,57.55,56.52,57.33,192716
2016-02-23,57.25,57.75,56.8,57.35,189008
2016-02-24,57.2,57.7,56.73,57.36,311981
2016-02-25,57.46,57.5,56.7,57.05,142267
2016-02-26,57.45,57.62,56.95,57.27,105268
2016-02-29,57.6,58.97,57.5,58.94,209260
2016-03-01,59.03,59.03,57.51,57.9,449872
2016-03-02,58.25,58.25,56.91,57.94,135022
2016-03-03,57.88,58.18,57.38,57.82,182958
2016-03-04,57.75,58.0,57.13,57.88,280483
2016-03-07,57.84,58.7,57.0,57.71,158493
2016-03-08,57.85,57.88,57.26,57.55,78574
2016-03-09,57.75,58.18,57.51,58.09,102491
2016-03-10,57.37,57.7,55.89,56.45,91906
2016-03-11,56.76,57.18,56.52,56.94,280430
2016-03-14,56.98,58.1,56.64,57.27,1091496
2016-03-15,57.06,57.56,56.7,57.16,74648
2016-03-16,57.4,58.98,57.22,58.89,214685
2016-03-17,59.0,59.4,58.24,58.85,203894
2016-03-18,59.2,60.23,59.01,59.76,210158
2016-03-21,59.87,59.87,58.9,59.12,181800
2016-03-22,59.12,59.88,58.54,58.72,142644
2016-03-23,58.5,58.78,58.0,58.02,70112
2016-03-24,58.2,59.03,57.51,59.03,199563
2016-03-28,59.47,59.94,58.73,59.52,226268
2016-03-29,59.71,59.89,59.0,59.51,140487
2016-03-30,59.54,59.94,59.2,59.7,101081
2016-03-31,59.42,59.77,59.1,59.45,103813
2016-04-01,59.1,59.55,58.98,59.24,115128
2016-04-04,58.75,59.62,58.6,58.8,140908
2016-04-05,58.5,58.91,57.95,58.19,148190
2016-04-06,58.29,59.12,58.29,58.48,77042
2016-04-07,58.51,58.51,57.52,58.02,104885
2016-04-08,58.44,59.03,57.91,59.0,163476
2016-04-11,59.19,59.39,58.04,58.04,90557
2016-04-12,58.1,58.66,57.75,58.56,83935
2016-04-13,58.76,59.2,58.59,58.95,125468
2016-04-14,59.11,59.34,58.6,58.99,85198
2016-04-15,59.01,59.06,58.55,58.67,64601
2016-04-18,58.7,59.39,58.6,59.31,85781
2016-04-19,59.46,59.62,58.39,58.95,82332
2016-04-20,58.75,59.39,58.6,58.69,119461
2016-04-21,58.69,59.05,58.08,58.32,141837
2016-04-22,58.17,58.27,57.31,57.89,114656
2016-04-25,57.85,58.55,57.81,58.4,67439
2016-04-26,58.6,58.79,58.09,58.71,145242
2016-04-27,58.68,59.22,58.56,59.21,107495
2016-04-28,58.85,59.2,58.02,58.27,72746
2016-04-29,58.33,58.66,57.63,58.07,51272
2016-05-02,58.5,58.92,58.16,58.61,90905
2016-05-03,58.41,58.67,57.57,57.74,81929
2016-05-04,58.18,59.36,57.28,57.96,248013
2016-05-05,58.24,59.12,57.67,58.88,222250
2016-05-06,58.8,58.85,57.45,58.05,74546
2016-05-09,58.23,59.0,58.1,58.81,123075
2016-05-10,58.88,59.71,58.41,58.56,206050
2016-05-11,58.65,58.76,58.02,58.02,90468
2016-05-12,58.13,58.6,58.0,58.5,99540
2016-05-13,58.38,58.76,57.79,58.19,78334
2016-05-16,58.59,58.7,57.8,58.03,124403
2016-05-17,58.35,58.35,57.27,57.3,124380
2016-05-18,57.67,58.66,57.3,57.91,153711
2016-05-19,57.93,58.53,57.44,57.72,107635
2016-05-20,58.01,58.33,57.86,58.31,63476
2016-05-23,58.61,58.8,58.26,58.49,101939
2016-05-24,58.61,59.63,58.61,59.3,173776
2016-05-25,59.74,59.77,59.37,59.52,179677
